num,text,timestamp,label,location,date,resources,clean_text
0,RT @uberdogfound: Please RT - Food needed for shelter in NC in area that was hit hard by tornado. Please contact us at…,1970-01-01 00:00:00.000040657,1,Mumbai,1970-01-01,"['food', 'shelter']",rt please rt food needed shelter nc area that hit hard tornado please contact us
1,Please RT - Food needed for shelter in NC in area that was hit hard by tornado.  Please contact us at info@uberdogfoundation.org to help!,1970-01-01 00:00:00.000040657,1,Hyderabad,1970-01-01,"['food', 'shelter']",please rt food needed shelter nc area that hit hard tornado please contact us infoorg help
3,‚ô°its raining and tornado warnings....about to be in a coma from eating all this food in a few!!!‚òª‚òª,1970-01-01 00:00:00.000040657,1,Chennai,1970-01-01,['food'],its raining tornado warningsabout be coma eating this food
9,Lmao #damn RT @LuCeCaNNoNn: If I don't get any food I hope the tornado blow all yall food out yall mouth #SoIDC,1970-01-01 00:00:00.000040657,1,Mumbai,1970-01-01,['food'],lmao rt if i dont get food i hope tornado blow yall food out yall mouth
10,Saved by the tornado warning....I'm just ready to eat this good food,1970-01-01 00:00:00.000040657,0,Kolkata,1970-01-01,['food'],saved tornado warningim ready eat this good food
12,uh...no more food please Mr. @mlp_spike ..my tummy already hurts from too much candy *his face is a bit green*,1970-01-01 00:00:00.000040657,1,Mumbai,1970-01-01,['food'],uhno food please mr my tummy already hurts much candy his face bit green
14,We'll be accepting donations of food to be distributed to tornado victims in the eastern part of the state at today's @wsdashbaseball game!,1970-01-01 00:00:00.000040657,0,Mumbai,1970-01-01,['food'],well be accepting donations food be distributed tornado victims eastern part state todays game
15,"Go, See, Do: At the game, Lowes Foods will be accepting donations of food to be distributed to tornado victims i... http://bit.ly/gSosPk",1970-01-01 00:00:00.000040657,0,Chennai,1970-01-01,['food'],go see do game lowes foods be accepting donations food be distributed tornado victims i
16,"Tornado steals fast food: 
									
									Took his burger, fries AND drink? Oh, no, it didn't!
									Tags... http://bit.ly/h4FnGU",1970-01-01 00:00:00.000040657,1,Kolkata,1970-01-01,['food'],tornado steals fast food took his burger fries drink oh it didnt tags
17,Raleigh neighbors reach out to tornado victims: A Raleigh neighborhood put together a spontaneous food and cloth... http://bit.ly/dYnaOc,1970-01-01 00:00:00.000040657,0,Delhi,1970-01-01,['food'],raleigh neighbors reach out tornado victims raleigh neighborhood put together spontaneous food cloth
18,"Wow! Crazy day getting food for this week. Tornado warnings, taking shelter in the back of the store with others,... http://fb.me/zJVBpmfg",1970-01-01 00:00:00.000040657,0,Chennai,1970-01-01,"['food', 'shelter']",wow crazy day getting food this week tornado warnings taking shelter back store others
39,"@crystalchappell HELP! STL TORNADO VICTIMS call United Way 18664447669. Many have lost everything! NEED: Shelter, Food, Water, Clothes",1970-01-01 00:00:00.000040658,0,Mumbai,1970-01-01,"['food', 'water', 'shelter']",help stl tornado victims call united way many have lost everything need shelter food water clothes
40,My car is a mess. Both my rooms are tornado zones. My food is gone. And my bank account is empty. Quadfest was (cont) http://tl.gd/a300df,1970-01-01 00:00:00.000040658,1,Mumbai,1970-01-01,['food'],my car mess my rooms tornado zones my food gone my bank account empty quadfest cont
41,RT @RalDowntowner Food+10 bands TirNaNog tornado victim benefit. Can't think of better way 2 spend tomorrow night. http://bit.ly/hbssGf  #fb,1970-01-01 00:00:00.000040658,0,Mumbai,1970-01-01,['food'],rt food bands tirnanog tornado victim benefit cant think better way spend tomorrow night
42,Food + 10 local bands at Tir Na Nog's tornado victim benefit. I can't think of a better way to spend tomorrow night. http://bit.ly/hbssGf,1970-01-01 00:00:00.000040658,0,Kolkata,1970-01-01,['food'],food local bands tir na nogs tornado victim benefit i cant think better way spend tomorrow night
43,food coma. tornado. i just want to sleep.,1970-01-01 00:00:00.000040658,1,Delhi,1970-01-01,['food'],food coma tornado i want sleep
46,"this dude in my first period was talking about him & his ""brothers"" was robbing FOOD LION when the power went out during the tornado. . .",1970-01-01 00:00:00.000040658,1,Kolkata,1970-01-01,['food'],this dude my first period talking him his brothers robbing food lion when power went out during tornado
48,"So after these long tests, stuck in d building cuz of tornado and that also means no food from aunt! Just like yesterday! Fuckn tornado!!!",1970-01-01 00:00:00.000040658,1,Delhi,1970-01-01,['food'],these long tests stuck d building cuz tornado that also means food aunt like yesterday fuckn tornado
49,This is at UNT RT @TheHonorableJ In basement of Chilton Hall due to tornado siren. Lots of people. No food.,1970-01-01 00:00:00.000040658,1,Bangalore,1970-01-01,['food'],this unt rt basement chilton hall due tornado siren lots people food
50,In basement of Chilton Hall due to tornado siren. Lots of people. No food.,1970-01-01 00:00:00.000040658,1,Mumbai,1970-01-01,['food'],basement chilton hall due tornado siren lots people food
51,"TV News for 99.99% of you not in jail: Hoped to fill 2 tractor trailers for tornado survivors. We filled 4! Food, supplies & hope on the way",1970-01-01 00:00:00.000040658,1,Delhi,1970-01-01,['food'],tv news you jail hoped fill tractor trailers tornado survivors we filled food supplies hope way
54,"HELP! STL Tornado Victims: PLS Call United Way @ 18664447669 Many lost 'everthing'! Need shelter, food, water, clothing.",1970-01-01 00:00:00.000040658,1,Hyderabad,1970-01-01,"['food', 'water', 'shelter']",help stl tornado victims pls call united way many lost everthing need shelter food water clothing
57,Don't forget we are taking pet food donations through the end of this week for tornado/storm victims! Thx to everyone that has given so far!,1970-01-01 00:00:00.000040658,0,Delhi,1970-01-01,['food'],dont forget we taking pet food donations through end this week tornadostorm victims thx everyone that has given far
78,Video: Aftermath of St. Louis Tornado http://sy.ly/VQ2sC #diet #workout #sugar #obesity #fit #fitness #carbs #food #nutrition #health,1970-01-01 00:00:00.000040658,1,Bangalore,1970-01-01,['food'],video aftermath st louis tornado
79,Tornado Steals Fast Food [Video] http://2leep.com/news/173103/,1970-01-01 00:00:00.000040658,1,Mumbai,1970-01-01,['food'],tornado steals fast food video
80,So blessed by the Baptist Men and @RedCross continuing to serve food in our community and clean up tornado debris even on Easter Sunday.,1970-01-01 00:00:00.000040658,0,Chennai,1970-01-01,['food'],blessed baptist men continuing serve food our community clean tornado debris even easter sunday
81,=@Tornado__Nateee idk i watch everything lol the kardashians. ummm travel channel bizarre foods with andrew zimmern. etc lolz,1970-01-01 00:00:00.000040658,1,Mumbai,1970-01-01,['food'],idk i watch everything lol kardashians ummm travel channel bizarre foods andrew zimmern etc lolz
85,"Day 321: Fast Food Tornado ‚Äì I try not to eat out a lot, but you wouldn‚Äôt know it by looking at the floor on the p http://twitpic.com/4p5nq6",1970-01-01 00:00:00.000040658,1,Chennai,1970-01-01,['food'],day fast food tornado i try eat out lot but you wouldnt know it looking floor p
87,Last nite stl had a tornado storm scary as hell now I'm adt home with no lites praying everything up and running b4 my food spoils sadface,1970-01-01 00:00:00.000040656,1,Mumbai,1970-01-01,['food'],last nite stl had tornado storm scary as hell now im adt home lites praying everything running b my food spoils sadface
89,"Easter weekend = lots of good food, egg dyeing, & apparently tornado warnings also!",1970-01-01 00:00:00.000040656,0,Chennai,1970-01-01,['food'],easter weekend lots good food egg dyeing apparently tornado warnings also
90,RT @vocalbeing TSA: ATTENTION PLZ IF U ARE W/OUT FOOD OR WATER DUE TO THE TORNADO THE RESIDENTS OF BERKELEY CAN (cont) http://tl.gd/a1lakj,1970-01-01 00:00:00.000040656,1,Delhi,1970-01-01,"['food', 'water']",rt tsa attention plz if u wout food water due tornado residents berkeley cont
93,Tornado Victim Food/Clothes Drive http://nblo.gs/h1irJ,1970-01-01 00:00:00.000040656,0,Delhi,1970-01-01,['food'],tornado victim foodclothes drive
94,Tornado Victim Food/Clothes Drive http://wp.me/pj8WW-9l,1970-01-01 00:00:00.000040656,0,Chennai,1970-01-01,['food'],tornado victim foodclothes drive
95,Is a waterbaby. Red Cross disaster relief truck came with hot meals where we were cleaning.. tears flowed.#tornado seeing kids go for food,1970-01-01 00:00:00.000040656,0,Bangalore,1970-01-01,"['food', 'water']",waterbaby red cross disaster relief truck came hot meals where we cleaning tears flowed seeing kids go food
96,"*Breaking* St. Louis airport damaged and closed by tornado: Filed under: Business, North America, United States,... http://bit.ly/gra3tv",1970-01-01 00:00:00.000040656,1,Hyderabad,1970-01-01,[],breaking st louis airport damaged closed tornado filed business north america united states
100,@HELENSStudio Morning Helen. Thanks for spreading word about @AuntKerry 's pet food drive for tornado victims.  http://is.gd/xWaXtR  #ILM,1970-01-01 00:00:00.000040656,0,Kolkata,1970-01-01,['food'],morning helen thanks spreading word s pet food drive tornado victims
101,Today #IFFS providing #food @ Four Oaks NC Dollar General Store on Wellons St starts 3pm #tornado,1970-01-01 00:00:00.000040656,1,Hyderabad,1970-01-01,['food'],today providing four oaks nc dollar general store wellons st starts pm
102,We all know n StL a Tornado touchdown n North Co. Tonight and there r many families without homes now. I'm buying food baskets tomorrow cont,1970-01-01 00:00:00.000040656,0,Kolkata,1970-01-01,['food'],we know n stl tornado touchdown n north co tonight r many families without homes now im buying food baskets tomorrow cont
104,It's a tornado warning going off n this drunk came in to order food! H wtf is wrong with ppl! ?,1970-01-01 00:00:00.000040656,1,Mumbai,1970-01-01,['food'],its tornado warning going off n this drunk came order food h wtf wrong ppl
105,I'm not leaving towers for food. Ugh I don't want to it's wet outside. N in cape ah tornado my pop up outta nowhere ugh! #icant,1970-01-01 00:00:00.000040656,1,Hyderabad,1970-01-01,['food'],im leaving towers food ugh i dont want its wet outside n cape ah tornado my pop outta nowhere ugh
126,"@Jill1228 @bendanielsss If a tornado takes my food, I'm not gonna cry, unless it's tempura sushi or teriyaki wings :p",1970-01-01 00:00:00.000040656,1,Bangalore,1970-01-01,['food'],if tornado takes my food im gonna cry unless its tempura sushi teriyaki wings p
128,@christian1021 We got locked down in the stockroom of Target during our Tornado emergency last week.  No food. :(,1970-01-01 00:00:00.000040656,1,Bangalore,1970-01-01,['food'],we got locked down stockroom target during our tornado emergency last week food
130,@AlexaJaySays @taywalraven #uknowurfat when a tornado is about to hit the mall nsted of taking cover u went to foodcourt & got food lol,1970-01-01 00:00:00.000040656,1,Kolkata,1970-01-01,['food'],when tornado hit mall nsted taking cover u went foodcourt got food lol
133,Sittin on the porch in Jennings mad cuz I'm hungry as fuck..this tornado messin wit my food..,1970-01-01 00:00:00.000040656,1,Chennai,1970-01-01,['food'],sittin porch jennings mad cuz im hungry as fuckthis tornado messin wit my food
135,Grinding with @madison_broers in the food court in the tornado.. Best time of my life! #swagg #thistornadoisafreakinghugedeal ÓÄ¢Óå¨Óå´Óå™Óå≠Óå®,1970-01-01 00:00:00.000040656,0,Mumbai,1970-01-01,['food'],grinding food court tornado best time my life
137,Love when the mall gets evacuated to the food court cause of a tornado,1970-01-01 00:00:00.000040656,0,Kolkata,1970-01-01,['food'],love when mall gets evacuated food court cause tornado
138,Chinese food during a Tornado Warning #Winning,1970-01-01 00:00:00.000040656,0,Bangalore,1970-01-01,['food'],chinese food during tornado warning
140,Bacon and pancakes.. Best tornado food ever!! #yummy ÓÅóÓÅó,1970-01-01 00:00:00.000040656,0,Kolkata,1970-01-01,['food'],bacon pancakes best tornado food ever
141,No fOod in this house as usual and now there is a thunderstorm/tornado warning!fml,1970-01-01 00:00:00.000040656,1,Kolkata,1970-01-01,['food'],food this house as usual now thunderstormtornado warningfml
142,RT @tanyariveraon2: Food 2 Families Tornado Relief In Full Swing! Fill Up The Truck At The Lowes Foods On New Garden Road In GSO.,1970-01-01 00:00:00.000040656,1,Kolkata,1970-01-01,['food'],rt food families tornado relief full swing fill truck lowes foods new garden road gso
149,@GeminiTwin92 is the only bitch I know that's thinking about food during a tornado smh lol,1970-01-01 00:00:00.000040659,1,Bangalore,1970-01-01,['food'],bitch i know thats thinking food during tornado smh lol
150,fuck a tornado .. where the FUCK is my food ? :O,1970-01-01 00:00:00.000040659,1,Mumbai,1970-01-01,['food'],fuck tornado where fuck my food o
151,"fuck a tornado .. i'm hungry . where the food at , bro ?",1970-01-01 00:00:00.000040659,1,Hyderabad,1970-01-01,['food'],fuck tornado im hungry where food bro
154,"Local news: Church has food available for tornado victims: A New Bern church has food aplenty ‚Äî 14,000 pounds ‚Äî ... http://bit.ly/guNxUV",1970-01-01 00:00:00.000040659,0,Chennai,1970-01-01,['food'],local news church has food available tornado victims new bern church has food aplenty pounds
155,There's another tornado watch in the food ol M-Town! In other news water is wet.,1970-01-01 00:00:00.000040659,1,Bangalore,1970-01-01,"['food', 'water']",theres another tornado watch food ol mtown news water wet
158,If ima go get food I better do it befre that tornado hit,1970-01-01 00:00:00.000040659,1,Hyderabad,1970-01-01,['food'],if ima go get food i better do it befre that tornado hit
184,Tonight you can help people right in your community. Free music + food @ Tir Na Nog - Benefit for Tornado Victims: http://www.facebook.com/event.php?eid=167236456668575&index=1¬†‚Ä¶,1970-01-01 00:00:00.000040659,0,Hyderabad,1970-01-01,['food'],tonight you help people right your community free music food tir na nog benefit tornado victims
186,"Harmony - harmonious laws and notes which are in many ways: music, body movements, food, wine, sex, love, etc. In a head - a tornado,",1970-01-01 00:00:00.000040659,0,Kolkata,1970-01-01,['food'],harmony harmonious laws notes which many ways music body movements food wine sex love etc head tornado
187,Spinnin like a tornado..then i eat it up like its gourmet food. She know she can get it. ;),1970-01-01 00:00:00.000040659,1,Kolkata,1970-01-01,['food'],spinnin like tornadothen i eat it like its gourmet food she know she get it
188,=@JamalDumbass No i had the best food today... And there was No TORNADO outside ur window.. Or u would not eat,1970-01-01 00:00:00.000040659,0,Mumbai,1970-01-01,['food'],i had best food today tornado outside ur window u would eat
190,"Since there's a ""tornado"" coming I'm stocking up on food lol",1970-01-01 00:00:00.000040659,0,Hyderabad,1970-01-01,['food'],since theres tornado coming im stocking food lol
195,@MarylandMudflap it's not their fault. The tornados would follow them where ever they went. Tornados feed on the poor. #tornadofood,1970-01-01 00:00:00.000040659,1,Chennai,1970-01-01,['food'],its their fault tornados would follow them where ever they went tornados feed poor
201,Got thrown out of the campus dining hall w/o food b/c of a tornado watch. I guess tonight's dinner will be stale poptarts.,1970-01-01 00:00:00.000040659,0,Mumbai,1970-01-01,['food'],got thrown out campus dining hall wo food bc tornado watch i guess tonights dinner be stale poptarts
202,Whoooo im in my tent with some food and listening to the tornado radio man. Life's good. NAHT :(¬†,1970-01-01 00:00:00.000040659,0,Chennai,1970-01-01,['food'],whoooo im my tent food listening tornado radio man lifes good naht
203,"Not so sure this tornado is really worth food from the school Deli.
#shouldistay.shouldigo",1970-01-01 00:00:00.000040659,1,Bangalore,1970-01-01,['food'],sure this tornado really worth food school deli shouldigo
204,"Just got the text !out a tornado warning and to take shelter, 1st thing I did was warm m food and charge my phone in case I lose power #sad",1970-01-01 00:00:00.000040659,1,Delhi,1970-01-01,"['food', 'shelter']",got text out tornado warning take shelter st thing i did warm m food charge my phone case i lose power
205,Very good RT @wxbrad: We're filling 2 tractor trailers full of food and furniture for tornado survivors! TV News CAN be a good thing.,1970-01-01 00:00:00.000040655,0,Hyderabad,1970-01-01,['food'],good rt filling tractor trailers full food furniture tornado survivors tv news be good thing
207,OMG so much food.  So much wine.  And now we are under a tornado warning.,1970-01-01 00:00:00.000040655,0,Chennai,1970-01-01,['food'],omg much food much wine now we tornado warning
208,Either the winds getting up outside or I've got a tornado in my pants :-) given that the Harpers food was spicy I'll go with the latter :-D,1970-01-01 00:00:00.000040655,0,Bangalore,1970-01-01,['food'],either winds getting outside ive got tornado my pants given that harpers food spicy ill go latter d
211,Anybody wanna take me to get some food...when this tornado shit over,1970-01-01 00:00:00.000040655,1,Hyderabad,1970-01-01,['food'],anybody wanna take me get foodwhen this tornado shit
212,Dis nigga got famous cuz da damn tornado took his damn food,1970-01-01 00:00:00.000040655,1,Kolkata,1970-01-01,['food'],dis nigga got famous cuz da damn tornado took his damn food
213,RT @ReddingWriting: We're filling 2 tractor trailers full of food and furniture for tornado survivors! TV News CAN be a good thing.,1970-01-01 00:00:00.000040655,0,Chennai,1970-01-01,['food'],rt filling tractor trailers full food furniture tornado survivors tv news be good thing
214,We're filling 2 tractor trailers full of food and furniture for tornado survivors! TV News CAN be a good thing.,1970-01-01 00:00:00.000040655,0,Hyderabad,1970-01-01,['food'],filling tractor trailers full food furniture tornado survivors tv news be good thing
216,Food 2 Families  Tornado Relief In Full Swing! Fill Up The Truck At The Lowes Foods On New Garden Road In GSO.,1970-01-01 00:00:00.000040655,0,Kolkata,1970-01-01,['food'],food families tornado relief full swing fill truck lowes foods new garden road gso
217,RT @invitecottage: Where is best place in #Raleigh to take food AND clothing for #tornado victims? (Downtown location?),1970-01-01 00:00:00.000040655,1,Bangalore,1970-01-01,['food'],rt where best place take food clothing victims downtown location
218,Where is best place in #Raleigh to take food AND clothing for #tornado victims?,1970-01-01 00:00:00.000040655,1,Kolkata,1970-01-01,['food'],where best place take food clothing victims
220,RT @traceymccain Thanks for donating to Food 2 Families Tornado Relief Drive. Keep the momentum going. @LowesFoods on New Garden @digtriad,1970-01-01 00:00:00.000040655,0,Delhi,1970-01-01,['food'],rt thanks donating food families tornado relief drive keep momentum going new garden
222,Thank you for donating to our Food 2 Families Tornado Relief Drive.  Let's keep the momentum going. @lowesfoods New Garden Rd. @digtriad,1970-01-01 00:00:00.000040655,0,Chennai,1970-01-01,['food'],thank you donating our food families tornado relief drive lets keep momentum going new garden rd
223,*munches potato chips* but Mr. @mlp_spike food is sooo good Ms. @mlp_twilight,1970-01-01 00:00:00.000040655,0,Bangalore,1970-01-01,['food'],munches potato chips but mr food sooo good ms
246,@digtriad & @LowesFoods collecting food/water/furniture/$ for tornado relief. 5a-7p Fri & 7a-7p Sat > #GSO Lowes on New Garden - Pls RT,1970-01-01 00:00:00.000040655,1,Bangalore,1970-01-01,"['food', 'water']",collecting foodwaterfurniture tornado relief ap fri ap sat lowes new garden pls rt
247,FreebieQueen Update: Stop By Tornado Relief Donation Truck Today http://bit.ly/hEDJ4Q #food #free #coupons,1970-01-01 00:00:00.000040655,0,Hyderabad,1970-01-01,['food'],freebiequeen update stop tornado relief donation truck today
248,Stop By Tornado Relief Donation Truck Today: Examples of non-perishable food needed in the case of a natural dis... http://bit.ly/g2HNyC,1970-01-01 00:00:00.000040655,0,Kolkata,1970-01-01,['food'],stop tornado relief donation truck today examples nonperishable food needed case natural dis
252,"RT @ifindgreatdeals: Live in Raleigh? Go to Strickland Rd @LowesFoods to donate items (toiletries, food, cash) to the Tornado victims.",1970-01-01 00:00:00.000040655,0,Bangalore,1970-01-01,['food'],rt live raleigh go strickland rd donate items toiletries food cash tornado victims
256,"Live in Raleigh, NC, head to the Strickland Rd @LowesFoods to donate items (they need toiletries, food, cash) to the Tornado victims.",1970-01-01 00:00:00.000040655,0,Hyderabad,1970-01-01,['food'],live raleigh nc head strickland rd donate items they need toiletries food cash tornado victims
259,Sandra Hughes is live at the Lowes Food Store on New Garden Road helping us collect items for tornado victims.  We'd love your donation.,1970-01-01 00:00:00.000040655,0,Mumbai,1970-01-01,['food'],sandra hughes live lowes food store new garden road helping us collect items tornado victims wed love your donation
262,"Do you like 78 MPH winds? Come to Carbondale, go to University Mall, spend $2, and try the tornado simulator near the food court. #party",1970-01-01 00:00:00.000040655,1,Hyderabad,1970-01-01,['food'],do you like mph winds come carbondale go university mall spend try tornado simulator near food court
264,"*after @mlp_Tornado and @mlp_Sweetie get food* @mlp_Rarity! If it's okay with you, I'm gonna take off.. that lighting magic wore me out.",1970-01-01 00:00:00.000040655,1,Bangalore,1970-01-01,['food'],get food if its okay you im gonna take off that lighting magic wore me out
265,Food drive for tornado victims Saturday in Chatham: By John Crane The Community Center at Chatham is teaming up ... http://bit.ly/fK4pxm,1970-01-01 00:00:00.000040655,0,Hyderabad,1970-01-01,['food'],food drive tornado victims saturday chatham john crane community center chatham teaming
270,My girl Cheryl and new Whole Foods North Raleigh donated some serious deliciousness to help feed some tornado victims tonight... THANK YOU!,1970-01-01 00:00:00.000040654,0,Mumbai,1970-01-01,['food'],my girl cheryl new whole foods north raleigh donated serious deliciousness help feed tornado victims tonight thank you
275,HUGE thanks to @WFM_Cary who has loaded up my car to capacity with donated food for serving to tornado victims. Unexpected and moved.,1970-01-01 00:00:00.000040654,0,Chennai,1970-01-01,['food'],huge thanks who has loaded my car capacity donated food serving tornado victims unexpected moved
276,"Riding through her I'm glad the tornado ain't hit us . People ain't got power , shelter , food etc .",1970-01-01 00:00:00.000040654,0,Delhi,1970-01-01,"['food', 'shelter']",riding through her im glad tornado aint hit us people aint got power shelter food etc
277,I am amazed @ t tornado(boys) that sweeps thru t house leaving a mess & no food. Thx u God for a bigger home comin soon to have more of them,1970-01-01 00:00:00.000040654,0,Bangalore,1970-01-01,['food'],i am amazed t tornadoboys that sweeps thru t house leaving mess food thx u god bigger home comin soon have them
278,"Loving these food stories: The James Weird Awards: Goldfish Racing, Bungled Burglars, and a Burger-Snatching Tornado http://shar.es/Hq8gp",1970-01-01 00:00:00.000040654,0,Hyderabad,1970-01-01,['food'],loving these food stories james weird awards goldfish racing bungled burglars burgersnatching tornado
279,"@LaurenBiebsGaga they we're like ""don't u think born this way sounds like sum other song"" she made them food and they said it wasn't nice",1970-01-01 00:00:00.000040654,0,Kolkata,1970-01-01,['food'],they like dont u think born this way sounds like sum song she made them food they said it wasnt nice
280,I feel really good! Thank you to every one who came out to give money or food. We raised over a thousand dollars for the tornado victims!,1970-01-01 00:00:00.000040654,0,Mumbai,1970-01-01,['food'],i feel really good thank you every one who came out give money food we raised thousand dollars tornado victims
281,This video is from fred's food club where I live RT @jimmykimmel world's calmest man vs. tornado http://www.youtube.com/watch?v=aijg8hWU4fM,1970-01-01 00:00:00.000040654,1,Hyderabad,1970-01-01,['food'],this video freds food club where i live rt worlds calmest man vs tornado
288,RT @digtriad We joined with @LowesFoods to collect food/water/furniture/$ for tornado relief. 5a-7p Fri & 7a-7p Sat #GSO Lowes on New Garden,1970-01-01 00:00:00.000040654,1,Chennai,1970-01-01,"['food', 'water']",rt we joined collect foodwaterfurniture tornado relief ap fri ap sat lowes new garden
311,"If you're coming to the Idol party tonight at the auditorium/rec center, be sure to bring canned food for tornado relief. See you tonight.",1970-01-01 00:00:00.000040654,0,Bangalore,1970-01-01,['food'],if youre coming idol party tonight auditoriumrec center be sure bring canned food tornado relief see you tonight
312,*giggles as a cupcake lands on his head* it can rain food!? this is awesome!,1970-01-01 00:00:00.000040654,0,Delhi,1970-01-01,['food'],giggles as cupcake lands his head it rain food this awesome
313,Hey Raleighwood... anyone have a proper channel for tornado relief funds? Food/bar/band community wants to help but needs the avenue.,1970-01-01 00:00:00.000040654,1,Hyderabad,1970-01-01,['food'],hey raleighwood anyone have proper channel tornado relief funds foodbarband community wants help but needs avenue
314,"Just to let u all know: We are loading up MORE donated ice, water and food from FOOD LION for tornado victims! Way to go Food Lion!",1970-01-01 00:00:00.000040654,0,Mumbai,1970-01-01,"['food', 'water']",let u know we loading donated ice water food food lion tornado victims way go food lion
316,Hey friends! I'm taking part in WSET's Tornado Relief fund. Stop by Food Lion on Westover Dr. & bring a donation :),1970-01-01 00:00:00.000040654,0,Mumbai,1970-01-01,['food'],hey friends im taking part wsets tornado relief fund stop food lion westover dr bring donation
320,We joined with @LowesFoods to collect food/water/furniture/$ for tornado relief. 5a-7p Fri & 7a-7p Sat > #GSO Lowes on New Garden - Pls RT,1970-01-01 00:00:00.000040654,0,Hyderabad,1970-01-01,"['food', 'water']",we joined collect foodwaterfurniture tornado relief ap fri ap sat lowes new garden pls rt
336,"Many are w/out food due to the Tornado plz join us in serving the city, by bringing canned goods/clothing to the Boys Club Sat. April 23 @12",1970-01-01 00:00:00.000040654,0,Delhi,1970-01-01,['food'],many wout food due tornado plz join us serving city bringing canned goodsclothing boys club sat april
337,@1deringScholar lmao nawl its considered a #realmeal when you stuck in a tornado with no food tehehe,1970-01-01 00:00:00.000040653,1,Mumbai,1970-01-01,['food'],lmao nawl its considered when you stuck tornado food tehehe
340,@nate_williams Do you know of some tornado victims needing food? @hopecaferaleigh wants to help tonight!!!,1970-01-01 00:00:00.000040653,1,Chennai,1970-01-01,['food'],do you know tornado victims needing food wants help tonight
341,@Ethantp @PastorTyler @V21church Anyone know of some tornado victims needing food? @hopecaferaleigh wants to help tonight!!!,1970-01-01 00:00:00.000040653,1,Chennai,1970-01-01,['food'],anyone know tornado victims needing food wants help tonight
343,So after the tornado hit in raleigh....niggas really did go rob shit out of food lion and rent-a-center #tragic lmao,1970-01-01 00:00:00.000040653,1,Chennai,1970-01-01,['food'],tornado hit raleighniggas really did go rob shit out food lion rentacenter lmao
345,"Hey @jimmywa11 The Food Bank of Central & Eastern North Carolina is providing food, and other items for tornado relief. http://bit.ly/hNs10t",1970-01-01 00:00:00.000040653,0,Delhi,1970-01-01,['food'],hey food bank central eastern north carolina providing food items tornado relief
347,I wish I were going to this: http://bit.ly/eorVUy  The food is so good! Still dealing with tornado cleanup.,1970-01-01 00:00:00.000040653,0,Chennai,1970-01-01,['food'],i wish i going this food good still dealing tornado cleanup
348,=@BIGKerb its not but at the same time it is lol that boy was hungry And the TORNADO took his food lmao,1970-01-01 00:00:00.000040653,1,Bangalore,1970-01-01,['food'],its but time it lol that boy hungry tornado took his food lmao
351,All our xtra food from the expo today is going to tornado victims. This is why I love @hopecaferaleigh & their heart for the community.,1970-01-01 00:00:00.000040653,0,Hyderabad,1970-01-01,['food'],our xtra food expo today going tornado victims this why i love their heart community
353,No food for you poor people. #tornado  http://plixi.com/p/94267275,1970-01-01 00:00:00.000040653,1,Kolkata,1970-01-01,['food'],food you poor people
356,"Tornado's stealing a mans cheeseburger, wat will be nxt? The funniest part was at how angry the guy was that a tornado had stole his food.",1970-01-01 00:00:00.000040653,1,Bangalore,1970-01-01,['food'],tornados stealing mans cheeseburger wat be nxt funniest part how angry guy that tornado had stole his food
382,Donating food today for the tornado victims. Which I had so much more to give,1970-01-01 00:00:00.000040653,0,Chennai,1970-01-01,['food'],donating food today tornado victims which i had much give
384,"RT @MrFlexDot lol a tornado robbed this guys food http://bit.ly/fIRa2k < LOL ""hamburgers, fries and drink!""",1970-01-01 00:00:00.000040653,1,Kolkata,1970-01-01,['food'],rt lol tornado robbed this guys food lol hamburgers fries drink
385,lol a tornado robbed this guys food http://bit.ly/fIRa2k,1970-01-01 00:00:00.000040653,1,Delhi,1970-01-01,['food'],lol tornado robbed this guys food
387,Is it me or are all the people helping in NC/SC after the tornado just morbidly obese. guess they can go at least a month without food.,1970-01-01 00:00:00.000040653,1,Kolkata,1970-01-01,['food'],it me people helping ncsc tornado morbidly obese guess they go least month without food
392,Ordering food to the room. Tornado headed our way o_O,1970-01-01 00:00:00.000040653,1,Hyderabad,1970-01-01,['food'],ordering food room tornado headed our way oo
396,All my other food is frozen nd im nt bout to be standing over no stove while a tornado just passing thru: -/,1970-01-01 00:00:00.000040653,1,Delhi,1970-01-01,['food'],my food frozen nd im nt bout be standing stove while tornado passing thru
397,I am the blithering idiot who was driving in the tornado. All for food. #morons @LaurenMEdelen @MoMcGaughey,1970-01-01 00:00:00.000040653,1,Kolkata,1970-01-01,['food'],i am blithering idiot who driving tornado food
398,RT @Move4TheMONEY I woulda been hella mad if a tornado snatched my food outta my hand / lmaoo,1970-01-01 00:00:00.000040653,1,Mumbai,1970-01-01,['food'],rt i woulda been hella mad if tornado snatched my food outta my hand lmaoo
399,It ain't bullshitting out here. And I'm in line and the tornado siren done went off but I done paid so bitch better have my food,1970-01-01 00:00:00.000040653,1,Kolkata,1970-01-01,['food'],it aint bullshitting out im line tornado siren done went off but i done paid bitch better have my food
400,RT @Move4TheMONEY: I woulda been hella mad if a tornado snatched my food outta my hand-- nigga imagine dat shit blowin yo blunt out yo hand!,1970-01-01 00:00:00.000040653,1,Bangalore,1970-01-01,['food'],rt i woulda been hella mad if tornado snatched my food outta my hand nigga imagine dat shit blowin yo blunt out yo hand
401,"Tornado sirens & power surges :( got lights and candles on, fans on to cool house down, news on, food, and me and my puppy are in bed!!",1970-01-01 00:00:00.000040653,1,Hyderabad,1970-01-01,['food'],tornado sirens power surges got lights candles fans cool house down news food me my puppy bed
402,Good service lol RT @Feem29: Hong Kong just delivered my Chinese food during the tornado watch!!! Lol!!! #Loyal!!!,1970-01-01 00:00:00.000040653,0,Kolkata,1970-01-01,['food'],good service lol rt hong kong delivered my chinese food during tornado watch lol
403,Hong Kong just delivered my Chinese food during the tornado watch!!! Lol!!! #Loyal!!!,1970-01-01 00:00:00.000040653,0,Chennai,1970-01-01,['food'],hong kong delivered my chinese food during tornado watch lol
404,Honey Nut Cheerios makes for some pretty good tornado food.,1970-01-01 00:00:00.000040653,0,Kolkata,1970-01-01,['food'],honey nut cheerios makes pretty good tornado food
406,Over here with no power under tornado watch and shitt!!!! But look we still at buffalo wild wings picking up our food!!!,1970-01-01 00:00:00.000040653,1,Delhi,1970-01-01,['food'],power tornado watch shitt but look we still buffalo wild wings picking our food
413,@rachelgodley were stuck til 1045. Luckily b brought me a bunch of food to eat before this tornado sucks up the house,1970-01-01 00:00:00.000040653,1,Chennai,1970-01-01,['food'],stuck til luckily b brought me bunch food eat before this tornado sucks house
414,I get to the c store for some food and she says its closed I'm like bish I risked my life in this tornado 2 get sum food u gon get my food,1970-01-01 00:00:00.000040653,0,Chennai,1970-01-01,['food'],i get c store food she says its closed im like bish i risked my life this tornado get sum food u gon get my food
416,Dilemma! Tornado warning here in Indy. Sirens going off right now and I'm starving. But no food in the crib whatsoever! #DANG!,1970-01-01 00:00:00.000040653,1,Hyderabad,1970-01-01,['food'],dilemma tornado warning indy sirens going off right now im starving but food crib whatsoever
417,"the worst of the tornado has past #PineBluff so get yo fat ass in der and cook me some food
#1 P.M.",1970-01-01 00:00:00.000040653,1,Bangalore,1970-01-01,['food'],worst tornado has past get yo fat ass der cook me food pm
418,"@everynothing haha! What do you consider ""tornado food""?",1970-01-01 00:00:00.000040653,1,Hyderabad,1970-01-01,['food'],haha what do you consider tornado food
422,@TKbadd21 girl I heard its a Tornado watch in your area in Terre Haute!! you better grab all the food and hide!! haha..but naw be safe girl,1970-01-01 00:00:00.000040653,1,Delhi,1970-01-01,['food'],girl i heard its tornado watch your area terre haute you better grab food hide hahabut naw be safe girl
423,"Holy moly! Rain, hail, downpour and possible tornado and the food summit was crazy! Those who stayed out and... http://fb.me/VWIYHhoB",1970-01-01 00:00:00.000040653,1,Chennai,1970-01-01,['food'],holy moly rain hail downpour possible tornado food summit crazy those who stayed out
424,"Dear Tornado, I'm busy trying to eat y Chinese food. Back off. Sincerely, one hungry little girl.",1970-01-01 00:00:00.000040653,1,Bangalore,1970-01-01,['food'],dear tornado im busy trying eat y chinese food back off sincerely one hungry little girl
425,Damn fools RT @QueBreeze Me and graham got that tornado alert text paused then was like we still going out to get this food. Lol,1970-01-01 00:00:00.000040653,1,Bangalore,1970-01-01,['food'],damn fools rt me graham got that tornado alert text paused like we still going out get this food lol
426,"@Paulo1389 we're raised around them, when I was a kid I would make 'tornado bags' &put every can food and drink and all my clothes n it haha",1970-01-01 00:00:00.000040653,1,Delhi,1970-01-01,['food'],raised around them when i kid i would make tornado bags put every food drink my clothes n it haha
427,Me and graham got that tornado alert text paused then was like we still going out to get this food. Lol,1970-01-01 00:00:00.000040653,1,Chennai,1970-01-01,['food'],me graham got that tornado alert text paused like we still going out get this food lol
430,"Stopped to get milk on the way home, Happy to see Food Lion is collecting $ for the tornado victims",1970-01-01 00:00:00.000040653,1,Kolkata,1970-01-01,['food'],stopped get milk way home happy see food lion collecting tornado victims
431,=@ryancandicci i hope a TORNADO comes And wipes away the buffet And you have No more free food..that is all,1970-01-01 00:00:00.000040653,1,Delhi,1970-01-01,['food'],i hope tornado comes wipes away buffet you have free foodthat
433,Tornado warnin @ EIU we all in the basement...on top of tht im hungry n ppl got plates of food smh,1970-01-01 00:00:00.000040653,1,Chennai,1970-01-01,['food'],tornado warnin eiu we basementon top tht im hungry n ppl got plates food smh
435,#food Video: Tornado 'Steals' Man's Burger: From A Hamburger Today Not to make light of the‚Ä¶ http://goo.gl/fb/0cwxJ,1970-01-01 00:00:00.000040653,1,Chennai,1970-01-01,['food'],video tornado steals mans burger hamburger today make light
436,Loved getting Chinese food with the roomies tonight! Now TV night and #tornado patrol.,1970-01-01 00:00:00.000040653,0,Delhi,1970-01-01,['food'],loved getting chinese food roomies tonight now tv night patrol
439,if a tornado comes while we are at bobos I hope we get free food being as tho the power will be out :),1970-01-01 00:00:00.000040660,0,Hyderabad,1970-01-01,['food'],if tornado comes while we bobos i hope we get free food being as tho power be out
440,Dang and I just ordered chinese food and now tornado warning.. I need to watch the weather channel more often,1970-01-01 00:00:00.000040660,0,Kolkata,1970-01-01,['food'],dang i ordered chinese food now tornado warning i need watch weather channel often
441,The weather has gone crazy. I hope my chinese food gets here before the #tornado #dc,1970-01-01 00:00:00.000040660,1,Delhi,1970-01-01,['food'],weather has gone crazy i hope my chinese food gets before
442,"@Shaunyness headin down to outback now to get my food. can u be around when i get bk to talk. balt. Co. is under an ""active tornado warning""",1970-01-01 00:00:00.000040660,1,Mumbai,1970-01-01,['food'],headin down outback now get my food u be around when i get bk talk balt co active tornado warning
443,um... soooo im under a severe tornado warning right now... fuck.. gettin food... before this shit gets real... radar is really against me,1970-01-01 00:00:00.000040660,1,Hyderabad,1970-01-01,['food'],um soooo im severe tornado warning right now fuck gettin food before this shit gets real radar really against me
444,FUCK This Tornado Mess Damn Where The Fuck Is The FOOD!,1970-01-01 00:00:00.000040660,1,Mumbai,1970-01-01,['food'],fuck this tornado mess damn where fuck food
445,Shit I'm boutta go eat cus if this tornado do make it over here imma need some food in my system,1970-01-01 00:00:00.000040660,1,Bangalore,1970-01-01,['food'],shit im boutta go eat cus if this tornado do make it imma need food my system
448,I wonder if a tornado took my cheeseburger could I get some free food too,1970-01-01 00:00:00.000040660,1,Bangalore,1970-01-01,['food'],i wonder if tornado took my cheeseburger could i get free food
450,I'm hungry. Someone brave the tornado and bring me food. :) #thanks,1970-01-01 00:00:00.000040660,1,Bangalore,1970-01-01,['food'],im hungry someone brave tornado bring me food
451,More than one freaking tornado in etowah and sonic stays open. And people actually come for food. Fucking stupid.,1970-01-01 00:00:00.000040660,1,Mumbai,1970-01-01,['food'],one freaking tornado etowah sonic stays open people actually come food fucking stupid
452,"Rain or not, tornado or not, yall better get come and get this food and I made a cake lol",1970-01-01 00:00:00.000040660,1,Kolkata,1970-01-01,['food'],rain tornado yall better get come get this food i made cake lol
453,Tornado? Lemme go ahead and get my Chinese food O.O,1970-01-01 00:00:00.000040660,1,Hyderabad,1970-01-01,['food'],tornado lemme go ahead get my chinese food oo
456,Right Before The Tornado Start Ima Order Some Chinese Food & See If They Deliver It lol,1970-01-01 00:00:00.000040660,1,Mumbai,1970-01-01,['food'],right before tornado start ima order chinese food see if they deliver it lol
458,‚Äú@tellzTOOchoosey: If a tornado hit right now what would yall do‚Äù--my mom told me don't ever waste good food lol,1970-01-01 00:00:00.000040660,1,Bangalore,1970-01-01,['food'],if tornado hit right now what would yall domy mom told me dont ever waste good food lol
484,Getting some Chick-fil-a with my sis. Gotta have comfort food before a tornado you know! :),1970-01-01 00:00:00.000040660,0,Kolkata,1970-01-01,['food'],getting chickfila my sis gotta have comfort food before tornado you know
485,I Love Joseph....He Was Gonnahh Come And Fix Mehh Food...But There's A Tornado Watch )=,1970-01-01 00:00:00.000040660,1,Mumbai,1970-01-01,['food'],i love josephhe gonnahh come fix mehh foodbut theres tornado watch
486,"I would go make @TweetMyNAME_ some food, but theres a Tornado Watch :(",1970-01-01 00:00:00.000040660,1,Chennai,1970-01-01,['food'],i would go make food but theres tornado watch
489,"Not sure what tornado watch holds for the game, but let's just say I'm not committing to stadium food just yet. #mets #nationals",1970-01-01 00:00:00.000040660,1,Mumbai,1970-01-01,['food'],sure what tornado watch holds game but lets say im committing stadium food yet
492,manee fuck thiss tornado niggahss hungryy boudda go get somee MAN food,1970-01-01 00:00:00.000040660,1,Bangalore,1970-01-01,['food'],manee fuck thiss tornado niggahss hungryy boudda go get somee man food
495,=@AiKirei_ lol No real food And i know i was just saying yesterday it would be tight to say We live through a TORNADO,1970-01-01 00:00:00.000040660,1,Delhi,1970-01-01,['food'],lol real food i know i saying yesterday it would be tight say we live through tornado
496,@TWCjerdman Did you see this tornado pic about to hit a fast food place? Yikes!! http://twitpic.com/4q93rs,1970-01-01 00:00:00.000040660,1,Delhi,1970-01-01,['food'],did you see this tornado pic hit fast food place yikes
500,soooo.. i really want food. dang you tornado for disrupting my eating schedule..,1970-01-01 00:00:00.000040660,1,Kolkata,1970-01-01,['food'],soooo i really want food dang you tornado disrupting my eating schedule
502,"Tornado had formed over my house smh O__o, power been out since 12 food prolly no good smh!",1970-01-01 00:00:00.000040660,1,Kolkata,1970-01-01,['food'],tornado had formed my house smh oo power been out since food prolly good smh
504,Yo if a Tornado hits Im ordering food.. they gicing you all the tips to survive one... At least they looking out on the Cable,1970-01-01 00:00:00.000040660,1,Delhi,1970-01-01,['food'],yo if tornado hits im ordering food they gicing you tips survive one least they looking out cable
507,Chatt takingg thiss to far doe. Nigga told me not to eat cause a tornado coming. #Huh.? Ass back & gimme my food!,1970-01-01 00:00:00.000040660,1,Mumbai,1970-01-01,['food'],chatt takingg thiss far doe nigga told me eat cause tornado coming ass back gimme my food
508,@essjayy22 round #2 w/ the tornado!! Lol no food this time!,1970-01-01 00:00:00.000040660,1,Chennai,1970-01-01,['food'],round w tornado lol food this time
509,so we in the basement cause its a TORNADO...wondering how long this is going to last..& i gotta order me some food due 2 the closing of cafe,1970-01-01 00:00:00.000040660,1,Chennai,1970-01-01,['food'],we basement cause its tornadowondering how long this going last i gotta order me food due closing cafe
510,Makinnn tacos. Perfect tornado food. ;),1970-01-01 00:00:00.000040660,0,Bangalore,1970-01-01,['food'],makinnn tacos perfect tornado food
512,Just ate some good food! And there's a tornado watch tonight.,1970-01-01 00:00:00.000040660,0,Bangalore,1970-01-01,['food'],ate good food theres tornado watch tonight
514,Is it bad that Im more concerned about food right now than this tornado warning?,1970-01-01 00:00:00.000040660,1,Hyderabad,1970-01-01,['food'],it bad that im concerned food right now this tornado warning
515,"""Just ONE MORE pie before the tornado hits!"" says @mariancairns. The plight of the food stylist.  http://twitpic.com/4q9ref",1970-01-01 00:00:00.000040660,0,Mumbai,1970-01-01,['food'],one pie before tornado hits says plight food stylist
520,"Senior picnic = free food, free tshirt, and a tornado warning. #success",1970-01-01 00:00:00.000040660,0,Chennai,1970-01-01,['food'],senior picnic free food free tshirt tornado warning
524,Awww Shit Tornado Watches Poppin Off Im Bout to go get some food right now before the rain starts! i hate storms!,1970-01-01 00:00:00.000040660,1,Kolkata,1970-01-01,['food'],awww shit tornado watches poppin off im bout go get food right now before rain starts i hate storms
526,If I were at Walmart when a tornado hit I would go to the food section and eat all kinds of food ima die full,1970-01-01 00:00:00.000040660,1,Mumbai,1970-01-01,['food'],if i walmart when tornado hit i would go food section eat kinds food ima die full
527,Omfg I was in lunch when the Tornado sirens go off I mean I had my food and everything.. We was out there for a hour And my food was cold..,1970-01-01 00:00:00.000040660,1,Hyderabad,1970-01-01,['food'],omfg i lunch when tornado sirens go off i mean i had my food everything we out hour my food cold
528,And the bad part of it is both my dad and my aunt felt sorry that I lost all my food after the tornado so they made substantial donations,1970-01-01 00:00:00.000040660,1,Mumbai,1970-01-01,['food'],bad part it my dad my aunt felt sorry that i lost my food tornado they made substantial donations
530,"When Katrina hit near Southern Miss, their students got $500 food stamp cards...so OleMiss betta do the same if this tornado do hit",1970-01-01 00:00:00.000040660,1,Delhi,1970-01-01,['food'],when katrina hit near southern miss their students got food stamp cardsso olemiss betta do if this tornado do hit
531,"tornado ? OH HELL NAWL ! lemme charge my phone now , & get some food ! & leaave bitch ;)",1970-01-01 00:00:00.000040660,1,Bangalore,1970-01-01,['food'],tornado oh hell nawl lemme charge my phone now get food leaave bitch
532,Damn Walmart is empty as Hell ! Guess people are taking heed to food tornado situation .,1970-01-01 00:00:00.000040660,1,Bangalore,1970-01-01,['food'],damn walmart empty as hell guess people taking heed food tornado situation
537,RT @BHBANKS: this tornado not bout to stop a nigga from gettin food tho<<< lol,1970-01-01 00:00:00.000040660,1,Delhi,1970-01-01,['food'],rt this tornado bout stop nigga gettin food tho lol
540,‚Äú@gQsmooth1: Whenever they say a tornado comin ion be concerned bout nun but tryin to get food before everything shut down‚Äù Me 2 Bruh,1970-01-01 00:00:00.000040660,1,Kolkata,1970-01-01,['food'],whenever they say tornado comin ion be concerned bout nun but tryin get food before everything shut down me bruh
542,RT @unDeniabl_TALNT RT @gQsmooth1 Whenever they say a tornado comin ion be concerned bout nun but tryin to get food befo everythin shut down,1970-01-01 00:00:00.000040660,1,Bangalore,1970-01-01,['food'],rt rt whenever they say tornado comin ion be concerned bout nun but tryin get food befo everythin shut down
543,Ok enough of this tornado thing. I'm safe right now. The main thing on my mind is food. I'm huuuuuuungry!!,1970-01-01 00:00:00.000040660,1,Mumbai,1970-01-01,['food'],ok enough this tornado thing im safe right now main thing my mind food im huuuuuuungry
546,Whenever they say a tornado comin ion be concerned bout nun but tryin to get food before everything shut down,1970-01-01 00:00:00.000040660,1,Bangalore,1970-01-01,['food'],whenever they say tornado comin ion be concerned bout nun but tryin get food before everything shut down
547,"@JCOLE_92: ""@PNotG: Im so hungry...."" Aahhhhhhaa I just got food<= lol shutup cuz i cant even get out da room cuz of dis tornado",1970-01-01 00:00:00.000040660,0,Bangalore,1970-01-01,['food'],im hungry aahhhhhhaa i got food lol shutup cuz i cant even get out da room cuz dis tornado
554,Awww wtf a tornado?? lol I need some food before that bitch hit,1970-01-01 00:00:00.000040660,1,Bangalore,1970-01-01,['food'],awww wtf tornado lol i need food before that bitch hit
555,"RT @salarmyeds: #SalArmy thanx Vilonia High School, US Foods, & Lake Ice who donated food & ice for #Vilonia #tornado relief today",1970-01-01 00:00:00.000040660,0,Delhi,1970-01-01,['food'],rt thanx vilonia high school us foods lake ice who donated food ice relief today
557,Awww MAN IM SCARED CAUSE OF THE TORNADO BUT ME #COURTCOURT AND @JUST_KENDRA GOIN 2 GET SOME FOOD #HUNGRYandSCAREDTWEET.,1970-01-01 00:00:00.000040660,0,Hyderabad,1970-01-01,['food'],awww man im scared cause tornado but me goin get food
558,"#OFS is working hard to help #STL Tornado victims. If you or some1 you know is in need of food, please call our Hunger Hotline: 314-726-5355",1970-01-01 00:00:00.000040660,1,Delhi,1970-01-01,['food'],working hard help tornado victims if you you know need food please call our hunger hotline
559,I knew I should have moved to Eastside with my people sharing food stamps & ish with NO tornado warnings lol,1970-01-01 00:00:00.000040660,0,Delhi,1970-01-01,['food'],i knew i should have moved eastside my people sharing food stamps ish tornado warnings lol
560,Tornado Relief Efforts- Snack Food Items needed for clean up crews http://icont.ac/10Fj,1970-01-01 00:00:00.000040660,0,Bangalore,1970-01-01,['food'],tornado relief efforts snack food items needed clean crews
561,RT @iPinkee_Promise: Tornado party at my apt. I supply the apt with the amenities and you bring the food. Whose down?!? ¬ª I'll bring liquor.,1970-01-01 00:00:00.000040660,0,Kolkata,1970-01-01,['food'],rt tornado party my apt i supply apt amenities you bring food whose down ill bring liquor
562,RT @iPinkee_Promise: Tornado party at my apt... I supply the apt with the amenities and you bring the food... Whose down?!? LOL,1970-01-01 00:00:00.000040660,0,Bangalore,1970-01-01,['food'],rt tornado party my apt i supply apt amenities you bring food whose down lol
564,If i had some chicken and i saw a tornado comin i would seriously try to finish my food before i ran lol thats if i paid for it!,1970-01-01 00:00:00.000040660,0,Bangalore,1970-01-01,['food'],if i had chicken i saw tornado comin i would seriously try finish my food before i ran lol thats if i paid it
565,"Ron Swanson approves of this, this is as close as it gets to a mean tornado, Fast Food Lasagna http://youtu.be/m9FRSghXhDM",1970-01-01 00:00:00.000040660,0,Mumbai,1970-01-01,['food'],ron swanson approves this this as close as it gets mean tornado fast food lasagna
566,Disaster at Berry! SOS. Send food and water! Trapped in Dana Hall. #tornado #monsoon #hurricane #storm,1970-01-01 00:00:00.000040660,1,Kolkata,1970-01-01,"['food', 'water']",disaster berry sos send food water trapped dana hall
567,Arts sychophants:  tornado warning is  perfect cover for sticking up a bank or  fast food joint. You have 'til  2nite to turn in your booty.,1970-01-01 00:00:00.000040660,1,Mumbai,1970-01-01,['food'],arts sychophants tornado warning perfect cover sticking bank fast food joint you have til nite turn your booty
576,"Businesses donate funds, food to tornado victims and relief workers: The gesture was among the first of many off... http://bit.ly/f6GBgh",1970-01-01 00:00:00.000040660,0,Delhi,1970-01-01,['food'],businesses donate funds food tornado victims relief workers gesture among first many off
588,A tornado hit near our house but we were blessed but the town is tore up. The courthouse. Food places. Cars wrecked. Some killed :/,1970-01-01 00:00:00.000040660,1,Mumbai,1970-01-01,['food'],tornado hit near our house but we blessed but town tore courthouse food places cars wrecked killed
590,"#SalArmy thanx Vilonia High School, US Foods, & Lake Ice who donated food & ice for #Vilonia #tornado relief today",1970-01-01 00:00:00.000040660,0,Chennai,1970-01-01,['food'],thanx vilonia high school us foods lake ice who donated food ice relief today
591,=@marrylerchant @TheBoxicologyst @NUBLUEYANKEE @number2snake @T_MONEY_TX fuck a tornado. Starting a boxing food gathering lol,1970-01-01 00:00:00.000040660,1,Bangalore,1970-01-01,['food'],fuck tornado starting boxing food gathering lol
593,Im just trying to watch the Food Channel but these fucking tornado warnings are interrupting,1970-01-01 00:00:00.000040660,1,Delhi,1970-01-01,['food'],im trying watch food channel but these fucking tornado warnings interrupting
594,Game rained out...tornado sirens... Now stopping in temple for food. Wish i could stay and hang with the Kinney's and Leonhardt's!!! #fb,1970-01-01 00:00:00.000040660,1,Delhi,1970-01-01,['food'],game rained outtornado sirens now stopping temple food wish i could stay hang kinneys leonhardts
595,dang i was just bout to go get some food before all this tornado crap started...... food... shelter..... food.... shelter.... hmmmm...,1970-01-01 00:00:00.000040660,1,Bangalore,1970-01-01,"['food', 'shelter']",dang i bout go get food before this tornado crap started food shelter food shelter hmmmm
597,RT @thegreatebenja: @MsSmiling247 mmmmm ain't there a tornado comin<---says the one going out there to get food??? lol,1970-01-01 00:00:00.000040660,1,Mumbai,1970-01-01,['food'],rt mmmmm aint tornado cominsays one going out get food lol
599,"Ok, we are under tornado watch...but we have plenty of food! I¬¥ll keep all of you informed! :-)",1970-01-01 00:00:00.000040660,0,Hyderabad,1970-01-01,['food'],ok we tornado watchbut we have plenty food ill keep you informed
601,Hi Des see ur havin fun good food & drink Us 2 The fri tornado didnt get us it was north about 8 miles #STL @TruckerDesiree,1970-01-01 00:00:00.000040660,0,Hyderabad,1970-01-01,['food'],hi des see ur havin fun good food drink us fri tornado didnt get us it north miles
602,Oh nice little plan there! No for real though be safe!  RT @LadiesLoveJaye Food > Tornado,1970-01-01 00:00:00.000040660,1,Kolkata,1970-01-01,['food'],oh nice little plan real though be safe rt food tornado
603,"Is it just me, or does a rain-wrapped tornado sound like a food item? Maybe from Islands? #tastelessjoke #shouldhaveeatendinner",1970-01-01 00:00:00.000040660,1,Mumbai,1970-01-01,['food'],it me does rainwrapped tornado sound like food item maybe islands
604,GOOD IDEA! RT @tfft: Using Brokhaven as my tornado shelter. Beer... check food... check. All set.,1970-01-01 00:00:00.000040660,0,Bangalore,1970-01-01,"['food', 'shelter']",good idea rt using brokhaven as my tornado shelter beer check food check set
606,I didnt want to go to my parent's house which has a tornado shelter because they dont have good food there.,1970-01-01 00:00:00.000040660,1,Chennai,1970-01-01,"['food', 'shelter']",i didnt want go my parents house which has tornado shelter because they dont have good food
607,@GFendley just as long as the food is good.... And you don't get caught in a flood or tornado.,1970-01-01 00:00:00.000040660,1,Chennai,1970-01-01,['food'],as long as food good you dont get caught flood tornado
608,RT @sexychellichel: Lmao come on bring drinks n food RT @Trigga318: Tornado party at 807>>> I got rum!! Lol,1970-01-01 00:00:00.000040660,1,Mumbai,1970-01-01,['food'],rt lmao come bring drinks n food rt tornado party i got rum lol
609,Ain it a tornado n u tryna eat RT @peArlfeKt_jeAns: do anybody know if the uc is still cooking food....im in clement hungry:(,1970-01-01 00:00:00.000040660,1,Chennai,1970-01-01,['food'],ain it tornado n u tryna eat rt do anybody know if uc still cooking foodim clement hungry
611,"Drinks, food, && a tornado sounds like a good combination!! Lol
la.di.da.dash",1970-01-01 00:00:00.000040660,0,Hyderabad,1970-01-01,['food'],drinks food tornado sounds like good combination lol ladidadash
613,"Post tornado, a Piggly Wiggly owner makes food free for all ‚Äì Eatocracy - CNN.com Blogs http://eatocracy.cnn.com/2011/04/30/post-tornado-a-piggly-wiggly-owner-makes-food-free-for-all/¬†‚Ä¶",1970-01-01 00:00:00.000040664,1,Bangalore,1970-01-01,['food'],post tornado piggly wiggly owner makes food free eatocracy cnncom blogs
615,"Help Tornado victims in AL & GA bring toiletries,flashlights,batteries,baby food to GTRBC 4650 Flat Shoals Pkwy Dec,GA Monday 5/2 9a-7p Thx",1970-01-01 00:00:00.000040664,0,Bangalore,1970-01-01,['food'],help tornado victims al ga bring toiletriesflashlightsbatteriesbaby food gtrbc flat shoals pkwy decga monday ap thx
616,*looks up at the Doctor food stuck to his muzzle* so .. equestria is like rare then?,1970-01-01 00:00:00.000040664,1,Delhi,1970-01-01,['food'],looks doctor food stuck his muzzle equestria like rare
617,*devours the food in front of him getting some on his face* whats so special about the elements of harmony anyways Doctor?,1970-01-01 00:00:00.000040664,1,Delhi,1970-01-01,['food'],devours food front him getting his face whats special elements harmony anyways doctor
618,Mmm new food cart by the library downtown - tornado fries! Yummmm!,1970-01-01 00:00:00.000040664,0,Kolkata,1970-01-01,['food'],mmm new food cart library downtown tornado fries yummmm
622,I have slept right thru a tornado and gone out to get food during a warning/watch. NEVER again,1970-01-01 00:00:00.000040664,1,Chennai,1970-01-01,['food'],i have slept right thru tornado gone out get food during warningwatch never
623,"BJC Animal Control caring for dogs displaced by tornado. Needs Igloo (or any dog houses), small bags of food. If you can help, pls msg me!",1970-01-01 00:00:00.000040664,1,Mumbai,1970-01-01,['food'],bjc animal control caring dogs displaced tornado needs igloo dog houses small bags food if you help pls msg me
625,"#alwx #tornado #Madison #offer Serving hot food at #loc Madison Mission on Shelton RD in Madison, AL till 6. #src @ StuddedLove",1970-01-01 00:00:00.000040664,0,Delhi,1970-01-01,['food'],serving hot food madison mission shelton rd madison al till studdedlove
626,@annaandessie Project Support  #Tusclaoosa - Donate Food & Other necessities to the tornado victims. Please RT http://bit.ly/m5oyYL,1970-01-01 00:00:00.000040664,0,Hyderabad,1970-01-01,['food'],project support donate food necessities tornado victims please rt
629,RT @1blessedmommi @annaandessie  Project Support   #Tusclaoosa  - Donate Food & Other necessities to the tornado victims. Please RT  http://,1970-01-01 00:00:00.000040664,0,Chennai,1970-01-01,['food'],rt project support donate food necessities tornado victims please rt
630,#redcross food truck drivers planning tonight's hot dinner delivery to #rainsville #tornado areas http://plixi.com/p/97846912,1970-01-01 00:00:00.000040664,0,Mumbai,1970-01-01,['food'],food truck drivers planning tonights hot dinner delivery areas
656,#Bham hipsters to donate olives and dark chocolate to tornado victims http://magiccitypost.com/2011/04/29/healthier-suggestions-for-food-donations-for-alabamas-tornado-survivors/¬†‚Ä¶ (Really anything organic from Whole Foods is OK),1970-01-01 00:00:00.000040664,0,Kolkata,1970-01-01,['food'],hipsters donate olives dark chocolate tornado victims really anything organic whole foods ok
662,Just donated a bunch of dog food for the tornado dogs. Thank you Greater Birmingham Humane Society for all that you do for the animals!!,1970-01-01 00:00:00.000040664,0,Hyderabad,1970-01-01,['food'],donated bunch dog food tornado dogs thank you greater birmingham humane society that you do animals
664,@kirstiealley Tornado Victims NEEDS: (Animal Care) Pet food of all brands: Cat/Dog. Cat/Dog Collars and (cont) http://tl.gd/a6spks,1970-01-01 00:00:00.000040664,0,Bangalore,1970-01-01,['food'],tornado victims needs animal care pet food brands catdog catdog collars cont
668,Pls consider donating to the humane society & SPCA for tornado relief. Housing these pets 4 owners & providing emerg. food is a HUGE need.,1970-01-01 00:00:00.000040664,0,Mumbai,1970-01-01,['food'],pls consider donating humane society spca tornado relief housing these pets owners providing emerg food huge need
669,@cjtemery Ppl in #tornado ravished areas would be happy for a Christmas. Will you help? Get word out #HelpRedCross NOW? No food/shelter/toys,1970-01-01 00:00:00.000040664,0,Mumbai,1970-01-01,"['food', 'shelter']",ppl ravished areas would be happy christmas you help get word out now foodsheltertoys
670,@MiaNola5 I love Campbells chunky soup; its my comfort food. Wish you were here too! Hows tornado alley? All ok?,1970-01-01 00:00:00.000040664,0,Hyderabad,1970-01-01,['food'],i love campbells chunky soup its my comfort food wish you hows tornado alley ok
671,"In Walmart buying diapers,baby food, socks,underwear,hygiene products, etc. for tornado relief. So many others here doing the same!",1970-01-01 00:00:00.000040664,1,Delhi,1970-01-01,['food'],walmart buying diapersbaby food socksunderwearhygiene products etc tornado relief many others doing
681,@Lissarankin right now pl across US suffering #tornado floods. PLSE help get word out #HelpRedCross More rains coming Ppl HOMELESS. NO FOOD,1970-01-01 00:00:00.000040664,1,Bangalore,1970-01-01,['food'],right now pl across us suffering floods plse help get word out rains coming ppl homeless food
684,3 ppl survived the #alabama #tornado in this bathtub. #redcross came by to give water\food as they clean up http://plixi.com/p/97809379,1970-01-01 00:00:00.000040664,1,Bangalore,1970-01-01,"['food', 'water']",ppl survived this bathtub came give waterfood as they clean
685,@sillyamerica THERE ARE PPL W/NO CLOTHES to wear #tornado. They have NO HOME. NO Food. Please raise awareness #HelpRedCross!!! Desperate!!!,1970-01-01 00:00:00.000040664,1,Kolkata,1970-01-01,['food'],ppl wno clothes wear they have home food please raise awareness desperate
694,‚Äú@JessicaAyers: Just helped pick up a HUGE donation of food & supplies for #Tuscaloosa tornado victims. Thank you #Spartanburg!!‚Äù @Lcnorris,1970-01-01 00:00:00.000040664,1,Mumbai,1970-01-01,['food'],helped pick huge donation food supplies tornado victims thank you
700,=@MrKdiggada1 We got a food And clothing drive wednesday down here for the VICTIMS of the TORNADO tryin to see If you can make it,1970-01-01 00:00:00.000040664,0,Bangalore,1970-01-01,['food'],we got food clothing drive wednesday down victims tornado tryin see if you make it
701,"Getting ready to head to grocery store & farmers' market, then on to drop off clothes, food, & baby supplies for local tornado victims.",1970-01-01 00:00:00.000040664,0,Chennai,1970-01-01,['food'],getting ready head grocery store farmers market drop off clothes food baby supplies local tornado victims
708,"Just helped pick up a HUGE donation of food and supplies for #Tuscaloosa tornado victims. Thank you #Spartanburg, SC!!",1970-01-01 00:00:00.000040664,1,Hyderabad,1970-01-01,['food'],helped pick huge donation food supplies tornado victims thank you sc
710,"Mini-tornado scatters food, no injuries ‚Äì The portal of free world ...",1970-01-01 00:00:00.000040664,0,Chennai,1970-01-01,['food'],minitornado scatters food injuries portal free world
715,=@MZNeNeBaby3 u better be there!Tornado food And all,1970-01-01 00:00:00.000040664,0,Delhi,1970-01-01,['food'],u better be theretornado food
719,"North Carolina - Tornado clean up with care?  Food destroyed, rubble may contain toxins. http://fb.me/115q5EXKp",1970-01-01 00:00:00.000040664,1,Chennai,1970-01-01,['food'],north carolina tornado clean care food destroyed rubble may contain toxins
722,"Mini-tornado scatters food, no injuries: GRANTHAM, England, May 1 (UPI) --  A mini-tornado scattered fo... http://bit.ly/iIN86s #Strange",1970-01-01 00:00:00.000040664,1,Hyderabad,1970-01-01,['food'],minitornado scatters food injuries grantham england may upi minitornado scattered fo
723,If u live in birmingham check your food stamp card they r supplying them early due to the past tornado storm,1970-01-01 00:00:00.000040664,0,Kolkata,1970-01-01,['food'],if u live birmingham check your food stamp card they r supplying them early due past tornado storm
724,"Come out and enjoy an evening of fun, music & food while helping out tornado victims | http://bit.ly/gJeH7O #raleigh #redcross #nctornado",1970-01-01 00:00:00.000040664,0,Mumbai,1970-01-01,['food'],come out enjoy evening fun music food while helping out tornado victims
725,"Damn son! Lol RT @Chronic_Key07: GM Twitter, looks like a tornado came thru my crib... N niggaz ate ALL the food??? Smh #NoLeftovers",1970-01-01 00:00:00.000040664,1,Chennai,1970-01-01,['food'],damn son lol rt gm twitter looks like tornado came thru my crib n niggaz ate food smh
748,Mazer Discount Superstore announced that it is supporting tornado victims and families with a food drive http://bit.ly/mKr6PF,1970-01-01 00:00:00.000040664,0,Chennai,1970-01-01,['food'],mazer discount superstore announced that it supporting tornado victims families food drive
754,"Volunteers Offer Support to Southern Tornado Victims: Volunteers provide food, water and medical supplies after tornadoes left nearly...",1970-01-01 00:00:00.000040664,0,Hyderabad,1970-01-01,"['food', 'water']",volunteers offer support southern tornado victims volunteers provide food water medical supplies tornadoes left nearly
755,@mybaysidechurch is collecting water food clothing hygiene items & more 4 tornado relief. Missions Team leaves tomorrow am,1970-01-01 00:00:00.000040664,0,Kolkata,1970-01-01,"['food', 'water']",collecting water food clothing hygiene items tornado relief missions team leaves tomorrow am
756,We r collecting water food clothing hygiene items & more 4 AL tornado relief. Missions Team leaves tom. Items can b brought 2 church 2day!,1970-01-01 00:00:00.000040664,0,Hyderabad,1970-01-01,"['food', 'water']",we r collecting water food clothing hygiene items al tornado relief missions team leaves tom items b brought church day
757,Bayside is collecting water food clothing hygiene items & more 4 AL tornado relief. Team leaves tom. Items can b brought 2 church 2day!,1970-01-01 00:00:00.000040664,0,Mumbai,1970-01-01,"['food', 'water']",bayside collecting water food clothing hygiene items al tornado relief team leaves tom items b brought church day
761,"Let's help our neighbors in Alabama overcome the obstacles left by the recent tornado! Donate, give food, volunteer, there are many ways!",1970-01-01 00:00:00.000040664,0,Delhi,1970-01-01,['food'],lets help our neighbors alabama overcome obstacles left recent tornado donate give food volunteer many ways
766,What a perfect day!  Butter Chicken is killing me at the moment.  I love Indian food but it rips through me like a Tornado. #lawnsign,1970-01-01 00:00:00.000040664,0,Mumbai,1970-01-01,['food'],what perfect day butter chicken killing me moment i love indian food but it rips through me like tornado
772,Taking the food and clothing I've collected to tornado victims tomorrow. :) #shareyourblessings,1970-01-01 00:00:00.000040664,0,Mumbai,1970-01-01,['food'],taking food clothing ive collected tornado victims tomorrow
773,Reliable's Can Food Drive-bring a can good to Reliable you will receive 10% off any service work-goods will donated to the #tornado victims,1970-01-01 00:00:00.000040664,0,Hyderabad,1970-01-01,['food'],reliables food drivebring good reliable you receive off service workgoods donated victims
774,Moving on to a @SierraNevada Tornado Extra IPA. It really hits the spot with some spicy Vietnamese food! Any other IPA recommendations??,1970-01-01 00:00:00.000040664,0,Kolkata,1970-01-01,['food'],moving tornado extra ipa it really hits spot spicy vietnamese food ipa recommendations
777,Special opportunities to help Tornado victims Bring clothes adults & kids + non-perishable food items Sending truck & trailer after church,1970-01-01 00:00:00.000040664,0,Hyderabad,1970-01-01,['food'],special opportunities help tornado victims bring clothes adults kids nonperishable food items sending truck trailer church
778,"=@PennyBlessings We lost some branches, fridge And deep freeze of food.  blessed TORNADO missed by a little over a mile",1970-01-01 00:00:00.000040664,1,Bangalore,1970-01-01,['food'],we lost branches fridge deep freeze food blessed tornado missed little mile
780,Nardilly dude cowabunga RT @moosehelmet: @Corn_Tornado most food ive ate all week.....very nice.... http://plixi.com/p/97578457,1970-01-01 00:00:00.000040664,0,Mumbai,1970-01-01,['food'],nardilly dude cowabunga rt food ive ate weekvery nice
781,"Young's Chapel Church has clothes, wipes, diapers, food, for the tornado victims. Contact them if you or someone you know needs supplies.",1970-01-01 00:00:00.000040664,0,Chennai,1970-01-01,['food'],youngs chapel church has clothes wipes diapers food tornado victims contact them if you someone you know needs supplies
783,"300 dead in storms across America, billions in damage,reporters are in DC partying with potus.  Never mind that tornado victims need food",1970-01-01 00:00:00.000040664,1,Delhi,1970-01-01,['food'],dead storms across america billions damagereporters dc partying potus never mind that tornado victims need food
785,Special Collection this Weekend of Food and Supplies for Tornado Victims: http://bit.ly/kIfoqc,1970-01-01 00:00:00.000040664,0,Hyderabad,1970-01-01,['food'],special collection this weekend food supplies tornado victims
792,"so the wind ruined my hair. a ""tornado"" came to ottawa. and the food fair was canceled. i think #Ishouldgotobednow.",1970-01-01 00:00:00.000040661,1,Hyderabad,1970-01-01,['food'],wind ruined my hair tornado came ottawa food fair canceled i think
795,FREE food to all affected by the tornado... Or just once that don't have food at all. Going on now at Westmore COG,1970-01-01 00:00:00.000040661,0,Kolkata,1970-01-01,['food'],free food affected tornado that dont have food going now westmore cog
798,"How to help tornado victims with donations and other aids: They're also providing food, blood, emergency-respons... http://bit.ly/jqd3kY",1970-01-01 00:00:00.000040661,0,Delhi,1970-01-01,['food'],how help tornado victims donations aids theyre also providing food blood emergencyrespons
799,Americans from all 50 states and D.C. should write checks in the name of brotherly love and direct food and other items to tornado victims.,1970-01-01 00:00:00.000040661,0,Chennai,1970-01-01,['food'],americans states dc should write checks name brotherly love direct food items tornado victims
805,"RT@darrentyler 511 Prince of Wales Court, Franklin. 26 ft truck ready to be filled w/ water,food,supplies for AL. #tornado #tuscaloosa #AL",1970-01-01 00:00:00.000040661,0,Hyderabad,1970-01-01,"['food', 'water']",rt prince wales court franklin ft truck ready be filled w waterfoodsupplies al
832,"""I was about to barricade myself in the pantry so if the tornado hit I was safe with all the food""- @hbrooksg @HomeGurlCanEat",1970-01-01 00:00:00.000040661,0,Chennai,1970-01-01,['food'],i barricade myself pantry if tornado hit i safe food
834,"If anyone wants to donate clothes, food, toiletry items etc for the tornado victims bring them by the kd house by noon tomorrow!",1970-01-01 00:00:00.000040661,0,Delhi,1970-01-01,['food'],if anyone wants donate clothes food toiletry items etc tornado victims bring them kd house noon tomorrow
837,=@Twindian i would much rather wake up to the smell of food than a tornado.,1970-01-01 00:00:00.000040661,1,Chennai,1970-01-01,['food'],i would much rather wake smell food tornado
840,RT @AlOtOfYeLlOASS: WE GOOD ON FOOD CAUSE DA CHINK WONKS DELIVER N RAIN¬´SLEET OR SNOW¬´TORNADO¬´BLIZZARDS ETC...LMAO !!<<waab so damn tru bae,1970-01-01 00:00:00.000040661,0,Hyderabad,1970-01-01,['food'],rt we good food cause da chink wonks deliver n rainsleet snowtornadoblizzards etclmao waab damn tru bae
845,hungry but i dnt wana leave to go out n get food in this BULLSHIT OUTSIDE- fuck the rain  and thunder and lightnin and tornado watch,1970-01-01 00:00:00.000040661,1,Delhi,1970-01-01,['food'],hungry but i dnt wana leave go out n get food this bullshit outside fuck rain thunder lightnin tornado watch
850,=@ay0_vickii cuz aunt toni went crazy bout da TORNADO warning And i went to her house And ate chinese food And watched a movie lol,1970-01-01 00:00:00.000040661,0,Bangalore,1970-01-01,['food'],cuz aunt toni went crazy bout da tornado warning i went her house ate chinese food watched movie lol
856,"Why YES, a building with lots of glass windows is the perfect place to be during a tornado warning..HELP!! I'm stuck w/o food lol",1970-01-01 00:00:00.000040661,1,Chennai,1970-01-01,['food'],why yes building lots glass windows perfect place be during tornado warninghelp im stuck wo food lol
857,Tornado warning ? i think not....now who wants to keep me company and make me some food lol,1970-01-01 00:00:00.000040661,1,Mumbai,1970-01-01,['food'],tornado warning i think notnow who wants keep me company make me food lol
861,"=@Phureon nice, good TORNADO food",1970-01-01 00:00:00.000040661,0,Kolkata,1970-01-01,['food'],nice good tornado food
864,"Please help with pet supplies in tornado hit areas. Stranded animals need your help. Dry dog and cat food, and other supplies needed.",1970-01-01 00:00:00.000040661,0,Delhi,1970-01-01,['food'],please help pet supplies tornado hit areas stranded animals need your help dry dog cat food supplies needed
867,Come in from the cold with some delicious Tornado Alley inspired food at the 5 Spot. You'll be glad you did! http://bit.ly/eWt4ao,1970-01-01 00:00:00.000040661,0,Bangalore,1970-01-01,['food'],come cold delicious tornado alley inspired food spot youll be glad you did
874,"Michael & Patrick found friends after tornado, helped last night, are heading home w/ a friend a few days due to no food, water,power,damage",1970-01-01 00:00:00.000040661,0,Hyderabad,1970-01-01,"['food', 'water']",michael patrick found friends tornado helped last night heading home w friend days due food waterpowerdamage
877,"@dkberman OK. Now they won't be tortured and eaten, I guess.   #tornado #alabama #food",1970-01-01 00:00:00.000040661,1,Chennai,1970-01-01,['food'],ok now they wont be tortured eaten i guess
878,"These times are hard, but they're inspiring. Seen signs offering free food to tornado victims. Nice to know people out there still care.",1970-01-01 00:00:00.000040661,1,Bangalore,1970-01-01,['food'],these times hard but theyre inspiring seen signs offering free food tornado victims nice know people out still care
879,Breaking from WSJ: 5 million -- yes 5 million -- chickens estimated killed in Ala. tornadoes. #tornado #alabama #food,1970-01-01 00:00:00.000040661,1,Bangalore,1970-01-01,['food'],breaking wsj million yes million chickens estimated killed ala tornadoes
880,my cousin bitching because the tornado wiped out mcdonalds and every other fast food restaurant. i feel bad for them. . . LOL :),1970-01-01 00:00:00.000040661,1,Chennai,1970-01-01,['food'],my cousin bitching because tornado wiped out mcdonalds every fast food restaurant i feel bad them lol
881,"=@KallHerKidahh Shit, bored tryna catch this TORNADO so i can see wats inside of it, u savin me some food?",1970-01-01 00:00:00.000040661,1,Bangalore,1970-01-01,['food'],shit bored tryna catch this tornado i see wats inside it u savin me food
883,"@Starbucks So I assume you are delivering free coffee, drinks, & food to Tornado Relief Centers & the affected family, right? RETWEET",1970-01-01 00:00:00.000040661,0,Bangalore,1970-01-01,['food'],i assume you delivering free coffee drinks food tornado relief centers affected family right retweet
886,@MsChelle_Fowle hahah noo like 5min ago when i went to get food it was SO nice then i came out&its like a tornado ab to hit sorry hah my bad,1970-01-01 00:00:00.000040661,0,Hyderabad,1970-01-01,['food'],hahah noo like min ago when i went get food it nice i came outits like tornado ab hit sorry hah my bad
887,=@WhitneyMWS We got trapped in a whole foods during the TORNADO warning!was contemplating hiding out in their freezer...,1970-01-01 00:00:00.000040661,0,Bangalore,1970-01-01,['food'],we got trapped whole foods during tornado warningwas contemplating hiding out their freezer
888,"Lord , please keep me my family friends tweeps all food places antimals old people n babies safe and protected from this tornado .. amen =)",1970-01-01 00:00:00.000040661,0,Bangalore,1970-01-01,['food'],lord please keep me my family friends tweeps food places antimals old people n babies safe protected this tornado amen
889,"Please pray for the Tornado victims in the southern states. I wasn't directly affected, but I will be helping the Red Cross w/food relief.",1970-01-01 00:00:00.000040661,1,Mumbai,1970-01-01,['food'],please pray tornado victims southern states i wasnt directly affected but i be helping red cross wfood relief
891,"If all we lost was food (due to loss of power) during this tornado outbreak, then WE ARE BLESSED!!!",1970-01-01 00:00:00.000040661,1,Hyderabad,1970-01-01,['food'],if we lost food due loss power during this tornado outbreak we blessed
892,"Alabama is in need of Donations:Food,Clothing,& Water for families that were affected by the Major Tornado and Storm Disasters in Alabama.",1970-01-01 00:00:00.000040661,1,Mumbai,1970-01-01,"['food', 'water']",alabama need donationsfoodclothing water families that affected major tornado storm disasters alabama
893,Just gave mad food for the victims that were hit by the tornado #feelinggood I pray for the ones who were hit. May god be with yuh,1970-01-01 00:00:00.000040661,1,Chennai,1970-01-01,['food'],gave mad food victims that hit tornado i pray ones who hit may god be yuh
894,"So thankful that God kept my family safe during the tornado! We may not have electricity, food or gas, but we have our lives!",1970-01-01 00:00:00.000040661,0,Bangalore,1970-01-01,['food'],thankful that god kept my family safe during tornado we may have electricity food gas but we have our lives
895,"If you are looking for a way to help out with the tornado, right now the need is supilies (food, clothes, ect) check w/ @CSMission for info",1970-01-01 00:00:00.000040661,1,Chennai,1970-01-01,['food'],if you looking way help out tornado right now need supilies food clothes ect check w info
897,Why everyone buying canned foods?? Dique a tornado watch. Lol shit too scary,1970-01-01 00:00:00.000040661,1,Kolkata,1970-01-01,['food'],why everyone buying canned foods dique tornado watch lol shit scary
899,RT @Poetic_Arson: Drivin thru a tornado wit my bros @Vor_Laddi_Daddi n @My_Allure for food.. Smfh..‚Ä¢‚Ä¢#SavageLife lol,1970-01-01 00:00:00.000040661,1,Mumbai,1970-01-01,['food'],rt drivin thru tornado wit my bros n food smfh lol
900,@iamkasmer @Bamberrrz girl we had a tornado city wide black out no power no food no school until the 9th so you know I'm down to go,1970-01-01 00:00:00.000040661,1,Kolkata,1970-01-01,['food'],girl we had tornado city wide black out power food school until th you know im down go
904,Oh shit I forgot I signed up to help pack food for the tornado relief..ugh!,1970-01-01 00:00:00.000040661,1,Mumbai,1970-01-01,['food'],oh shit i forgot i signed help pack food tornado reliefugh
906,I hope da chinese man dnt get caught in a tornado when he brings my food what da fuck wud i b able to eat,1970-01-01 00:00:00.000040661,1,Chennai,1970-01-01,['food'],i hope da chinese man dnt get caught tornado when he brings my food what da fuck wud i b able eat
907,‚Äú@Operababyd: I need to hurry up and go get some food before this tornado hits‚Äù<-In Jersey?!?! Or are you still in NY? Wth?!?! Be safe...,1970-01-01 00:00:00.000040661,1,Bangalore,1970-01-01,['food'],i need hurry go get food before this tornado hitsin jersey you still ny wth be safe
909,Food Bank in dual role: continuing day-to-day hunger relief operations as well as supporting tornado vicitms: http://bit.ly/mTGJQ3,1970-01-01 00:00:00.000040661,0,Kolkata,1970-01-01,['food'],food bank dual role continuing daytoday hunger relief operations as well as supporting tornado vicitms
910,"If anyone in Nash wants to donate food & supplies to help tornado victims, DM me! Conduit is taking a U-Haul of food to AL in the a.m!",1970-01-01 00:00:00.000040661,1,Kolkata,1970-01-01,['food'],if anyone nash wants donate food supplies help tornado victims dm me conduit taking uhaul food al am
911,Free Food at Ben's Chili Bowl if you donate blood today for the tornado victims,1970-01-01 00:00:00.000040661,0,Chennai,1970-01-01,['food'],free food bens chili bowl if you donate blood today tornado victims
912,"I Ask Everyone Who Can, To Please Send Food/Help/$$$ To The Areas of Tornado and Flood Devastation !!! Thanks!!! #WeAreOneAmericanFamily!!!",1970-01-01 00:00:00.000040661,1,Hyderabad,1970-01-01,['food'],i ask everyone who please send foodhelp areas tornado flood devastation thanks
913,"There is a legit tornado warning right now, whole building being told to head to underground parking garage, and now my foods gonna get cold",1970-01-01 00:00:00.000040661,1,Kolkata,1970-01-01,['food'],legit tornado warning right now whole building being told head underground parking garage now my foods gonna get cold
914,PLEASE call your local #redcross! Many cities are collecting bottle water and non perishable food items for the tornado victims  #donate,1970-01-01 00:00:00.000040661,1,Bangalore,1970-01-01,"['food', 'water']",please call your local many cities collecting bottle water non perishable food items tornado victims
915,"It's hard to have a service with the Bishop and be underneath the pews with tornado sightings.  No power, no light, but the food was good.",1970-01-01 00:00:00.000040661,1,Bangalore,1970-01-01,['food'],its hard have service bishop be underneath pews tornado sightings power light but food good
917,"=@OhYaItsMuffassa And in ringold a TORNADO took out a lot of fast food places, hotels, homes, And a school.",1970-01-01 00:00:00.000040661,0,Bangalore,1970-01-01,['food'],ringold tornado took out lot fast food places hotels homes school
919,"This tornado watch in Huntsville is beyond serious evidently. No food, running water, or electricity. Please keep them in your prayers, guys",1970-01-01 00:00:00.000040661,1,Mumbai,1970-01-01,"['food', 'water']",this tornado watch huntsville beyond serious evidently food running water electricity please keep them your prayers guys
922,The @HuntsvilleStars are providing free food for #tornado relief workers at the ballpark. Team will donate leftovers to charity.,1970-01-01 00:00:00.000040661,0,Mumbai,1970-01-01,['food'],providing free food relief workers ballpark team donate leftovers charity
923,I was at the food stamp office. A lady that work there got a call. 5 sec later she broke down crying cause the tornado killed a fam member.,1970-01-01 00:00:00.000040661,1,Delhi,1970-01-01,['food'],i food stamp office lady that work got call sec later she broke down crying cause tornado killed fam member
926,"Tornado aftermath making Glenn Beck's food insurance ads look attractive. Of course, I couldn't get to it: can't get to my house yet! #fb",1970-01-01 00:00:00.000040661,1,Chennai,1970-01-01,['food'],tornado aftermath making glenn becks food insurance ads look attractive course i couldnt get it cant get my house yet
927,#DMV twits RT @IamReallyBlunt: RT: @_true2me_: Free Food at Ben's Chili Bowl if you donate blood today for the tornado victims,1970-01-01 00:00:00.000040661,0,Mumbai,1970-01-01,['food'],twits rt rt free food bens chili bowl if you donate blood today tornado victims
929,RT: @_true2me_: Free Food at Ben's Chili Bowl if you donate blood today for the tornado victims,1970-01-01 00:00:00.000040661,0,Bangalore,1970-01-01,['food'],rt free food bens chili bowl if you donate blood today tornado victims
934,Fly Times Cookout this Saturday. Bring your can foods. Getting some help to the tornado victims across Alabama.,1970-01-01 00:00:00.000040661,0,Chennai,1970-01-01,['food'],fly times cookout this saturday bring your foods getting help tornado victims across alabama
939,#rachaelray Chorizo & Chicken Chili with Rach and Me: Tornado Tragedy http://rachandme.blogspot.com/2011/04/tornado-tragedy.html?spref=tw¬†‚Ä¶ @rachael_ray #foodblog #cooking #chili #food,1970-01-01 00:00:00.000040661,1,Kolkata,1970-01-01,['food'],chorizo chicken chili rach me tornado tragedy
942,I'm at Wal Mart and proud to see hundreds &hundreds of ppl buying food & water for the tornado victims. We have pulled 10 ppl out of houses,1970-01-01 00:00:00.000040661,0,Kolkata,1970-01-01,"['food', 'water']",im wal mart proud see hundreds hundreds ppl buying food water tornado victims we have pulled ppl out houses
949,Praying for my sister in huntsville al hit by the tornado and trapped in al with no lights food or shelter,1970-01-01 00:00:00.000040661,1,Kolkata,1970-01-01,"['food', 'shelter']",praying my sister huntsville al hit tornado trapped al lights food shelter
952,Southern food folks - we want to know if you're okay after last night's storms. Let us know how you're doing & who needs help. #tornado,1970-01-01 00:00:00.000040661,0,Hyderabad,1970-01-01,['food'],southern food folks we want know if youre okay last nights storms let us know how youre doing who needs help
953,I DONT FEEL SO FOOD:( MY ALLERGIES DRAWKIN...WE GOT A DAMN TORNADO WATCH....IT'S COMING DOWN OVER HERE...UGGHH,1970-01-01 00:00:00.000040661,1,Chennai,1970-01-01,['food'],i dont feel food my allergies drawkinwe got damn tornado watchits coming down hereugghh
956,"so if a tornado comes, I'm takin my phone, the charger, a shit load of food, and my juice downstairs to the basement.",1970-01-01 00:00:00.000040661,1,Delhi,1970-01-01,['food'],if tornado comes im takin my phone charger shit load food my juice downstairs basement
958,Thanks for all the RT and calls to help with the #Bham #tornado victims. We still need dry clothes/shoes/food at the Boutwell. 2052515849,1970-01-01 00:00:00.000040661,0,Chennai,1970-01-01,['food'],thanks rt calls help victims we still need dry clothesshoesfood boutwell
959,"Fast food restaurants wiped out in Catoosa County, GA. McDonalds ripped in two... whoa, the tornado was hungry!",1970-01-01 00:00:00.000040661,1,Kolkata,1970-01-01,['food'],fast food restaurants wiped out catoosa county ga mcdonalds ripped two whoa tornado hungry
963,Had a good day. Great workout good food and I didn't get blown away by the tornado. For my peeps in Alabama my prayers go out to you all.,1970-01-01 00:00:00.000040661,0,Kolkata,1970-01-01,['food'],had good day great workout good food i didnt get blown away tornado my peeps alabama my prayers go out you
965,=@Cool_Brit lol you right but what kinda of sense does it make to go outside when there is a TORNADO at the flash foods...lmao,1970-01-01 00:00:00.000040661,1,Bangalore,1970-01-01,['food'],lol you right but what kinda sense does it make go outside when tornado flash foodslmao
966,Tornado sirens are going off and i'm about to pee my pants. Food thing theres no safe place in my entire house. #help #ihatetornadoes,1970-01-01 00:00:00.000040661,1,Mumbai,1970-01-01,['food'],tornado sirens going off im pee my pants food thing theres safe place my entire house
967,I hang wit the Craziest people. Amber cravin mexican food.my parents listenin to chinese music. All during a tornado watch. WTF lol,1970-01-01 00:00:00.000040661,1,Chennai,1970-01-01,['food'],i hang wit craziest people amber cravin mexican foodmy parents listenin chinese music during tornado watch wtf lol
968,@keem773 lol. Hapi u're eatin 2...I knw how u men love ur food. We on tornado wtch till 2.00am I tnk bt clear skys ryt now. *fingers crossd*,1970-01-01 00:00:00.000040661,1,Kolkata,1970-01-01,['food'],lol hapi ure eatin i knw how u men love ur food we tornado wtch till am i tnk bt clear skys ryt now fingers crossd
969,oh.my.gosher!!!! not safe RT: @Mr_Cummings Fuck this rain storm tornado whatever the fuck it wanna be. Going to get some food,1970-01-01 00:00:00.000040661,1,Delhi,1970-01-01,['food'],ohmygosher safe rt fuck this rain storm tornado whatever fuck it wanna be going get food
970,Fuck this rain storm tornado whatever the fuck it wanna be. Going to get some food,1970-01-01 00:00:00.000040661,1,Chennai,1970-01-01,['food'],fuck this rain storm tornado whatever fuck it wanna be going get food
971,"=@iheart_Ari lol, thats here food to eat on If it is a TORNADO",1970-01-01 00:00:00.000040661,0,Kolkata,1970-01-01,['food'],lol thats food eat if it tornado
973,"I mean shit, one tornado don't stop no show! RT @breexxbunnie: soooooo @jrickz ordered Chinese food & got it delivered -______-",1970-01-01 00:00:00.000040661,1,Bangalore,1970-01-01,['food'],i mean shit one tornado dont stop show rt soooooo ordered chinese food got it delivered
974,A day of free food tomorrow! Time for bed! Wonder if i should sleep in the bathtub in case a tornado comes!,1970-01-01 00:00:00.000040661,0,Bangalore,1970-01-01,['food'],day free food tomorrow time bed wonder if i should sleep bathtub case tornado comes
979,The cats are begging for wet food. #LastMeal #Tornado,1970-01-01 00:00:00.000040661,1,Bangalore,1970-01-01,['food'],cats begging wet food
981,"Finally gave in and moved some food, drinks, and candles into the bathroom, in case of tornado. First time I've ever had to do this.",1970-01-01 00:00:00.000040661,0,Mumbai,1970-01-01,['food'],finally gave moved food drinks candles bathroom case tornado first time ive ever had do this
983,Depends on how far subway is from you. I would goRT @Prettiboi_Dreux: so i want subway but there is a tornado watch. hmm food or starvation?,1970-01-01 00:00:00.000040661,1,Bangalore,1970-01-01,['food'],depends how far subway you i would gort i want subway but tornado watch hmm food starvation
984,"Considering getting food ready, cause really...what else matters if a tornado hits?",1970-01-01 00:00:00.000040661,1,Chennai,1970-01-01,['food'],considering getting food ready cause reallywhat else matters if tornado hits
985,Tornado leveled the Food Lion near my family's home in Ringgold.  They felt the tornado go by.  They are without power but safe.,1970-01-01 00:00:00.000040661,1,Bangalore,1970-01-01,['food'],tornado leveled food lion near my familys home ringgold they felt tornado go they without power but safe
986,"RT @HoneyDaJiore: Tornado Watch Party at my House.. Bring ur Own Food, Life Jacket && Blanket..Limited Shelter..Admission is $5.... I'm ctfu",1970-01-01 00:00:00.000040661,1,Chennai,1970-01-01,"['food', 'blanket', 'shelter']",rt tornado watch party my house bring ur food life jacket blanketlimited shelteradmission im ctfu
987,"CTFU!! Gurl..RT @HoneyDaJiore Tornado Watch Party at my House.. Bring ur Own Food, Life Jacket && Blanket..Limited Shelter..Admission is $5",1970-01-01 00:00:00.000040661,1,Hyderabad,1970-01-01,"['food', 'blanket', 'shelter']",ctfu gurlrt tornado watch party my house bring ur food life jacket blanketlimited shelteradmission
988,RT @AyeLilJodie: @OG_Banks it was food in the lobby<<< NIGGA it was a tornado. Everybody was loud and goin crazy. Is it all gone?,1970-01-01 00:00:00.000040661,1,Bangalore,1970-01-01,['food'],rt it food lobby nigga it tornado everybody loud goin crazy it gone
990,"Salvation Army Provides Food for Missouri Tornado Victims: (Berkely, MO) -- The Salvation Army is a comforting p... http://bit.ly/kbIfMX",1970-01-01 00:00:00.000040661,0,Mumbai,1970-01-01,['food'],salvation army provides food missouri tornado victims berkely mo salvation army comforting p
992,"@Caprice46 It is.......Ben & Jerry's ""Cherry Garcia"" for the win, perfect tornado food.",1970-01-01 00:00:00.000040661,0,Delhi,1970-01-01,['food'],it isben jerrys cherry garcia win perfect tornado food
993,Tornado Watch ? o___o I Gotta Eat Alot Of Food :/ If Not It's Gonna Go To Waste In The Tornado,1970-01-01 00:00:00.000040661,1,Mumbai,1970-01-01,['food'],tornado watch oo i gotta eat alot food if its gonna go waste tornado
994,Omfg the tornado potato. So many korean food trucks as In only Three outta five Hahaha. :),1970-01-01 00:00:00.000040661,0,Hyderabad,1970-01-01,['food'],omfg tornado potato many korean food trucks as three outta five hahaha
995,"Juuuuggggg -______-  // RT @itsjustinmartin: iwant some chinese food. someone throw me some in the tornado, maybe it'll blow it over here :)",1970-01-01 00:00:00.000040661,0,Hyderabad,1970-01-01,['food'],juuuuggggg rt iwant chinese food someone throw me tornado maybe itll blow it
996,"""Oh. My. Gosh. A tornado? Get the food in the basement first!""",1970-01-01 00:00:00.000040661,1,Mumbai,1970-01-01,['food'],oh my gosh tornado get food basement first
997,"iwant some chinese food. someone throw me some in the tornado, maybe it'll blow it over here :)",1970-01-01 00:00:00.000040661,0,Bangalore,1970-01-01,['food'],iwant chinese food someone throw me tornado maybe itll blow it
998,Are there still tornado warnings? Is it safe for me to go outside yet? I need food and I only have Pizza in my fridge. #needcoffee #hungry,1970-01-01 00:00:00.000040661,1,Mumbai,1970-01-01,['food'],still tornado warnings it safe me go outside yet i need food i have pizza my fridge
999,I'm about to go to crib b4 this tornado shit hit.. I need some food b4 I go home thou...,1970-01-01 00:00:00.000040661,1,Delhi,1970-01-01,['food'],im go crib b this tornado shit hit i need food b i go home thou
1001,"If any tornado .. happens anywhere in Alabama . Plz Plz, send us food, && some shxt down here in #EUFAULA we poo motherfuckers !",1970-01-01 00:00:00.000040661,1,Bangalore,1970-01-01,['food'],if tornado happens anywhere alabama plz plz send us food shxt down we poo motherfuckers
1002,Tornado warning? Let me go hide myself in Trinity for shelter. Food and booze. Great plan.,1970-01-01 00:00:00.000040661,0,Delhi,1970-01-01,"['food', 'shelter']",tornado warning let me go hide myself trinity shelter food booze great plan
1003,i better make a food decision before this tornado fuckery starts,1970-01-01 00:00:00.000040661,0,Chennai,1970-01-01,['food'],i better make food decision before this tornado fuckery starts
1004,"If the tornado doesn't blow me away, I'm going to have some awesome Japanese food for lunch tomorrow. No Reservations is making me hungry!",1970-01-01 00:00:00.000040661,1,Mumbai,1970-01-01,['food'],if tornado doesnt blow me away im going have awesome japanese food lunch tomorrow reservations making me hungry
1010,"Just took some things down into our basement in case of tornado. Flashlights, blankets, my signed David Sedaris books, and food.",1970-01-01 00:00:00.000040661,0,Mumbai,1970-01-01,"['food', 'blanket']",took things down our basement case tornado flashlights blankets my signed david sedaris books food
1011,I see a tornado watch pop up on the tv and my first thought is to go out and drive to get food #livingdangerously,1970-01-01 00:00:00.000040661,1,Delhi,1970-01-01,['food'],i see tornado watch pop tv my first thought go out drive get food
1015,"My mama just said ""I hope a tornado hits so we won't have to pay for our food"" lmao #CheapAss",1970-01-01 00:00:00.000040661,0,Hyderabad,1970-01-01,['food'],my mama said i hope tornado hits we wont have pay our food lmao
1016,=@TassC_B lmfaoo ryan fat ass tryna get food with a TORNADO outside lol,1970-01-01 00:00:00.000040661,1,Bangalore,1970-01-01,['food'],lmfaoo ryan fat ass tryna get food tornado outside lol
1017,Ay moe iswear my mom beta bring me sum food or ima make a tornado cum thru diz bitch lol,1970-01-01 00:00:00.000040661,1,Bangalore,1970-01-01,['food'],ay moe iswear my mom beta bring me sum food ima make tornado cum thru diz bitch lol
1018,- hope the tornado don't come while my food still cooking . lol !,1970-01-01 00:00:00.000040661,1,Chennai,1970-01-01,['food'],hope tornado dont come while my food still cooking lol
1020,i think the tornado warnings are a conspiracy.so people go out and spend money on food and shit cause they think were about to be trapped.,1970-01-01 00:00:00.000040661,1,Mumbai,1970-01-01,['food'],i think tornado warnings conspiracyso people go out spend money food shit cause they think be trapped
1021,I hope ma food get here b4 da tornado..or dat shit Mike Jack,1970-01-01 00:00:00.000040661,1,Chennai,1970-01-01,['food'],i hope ma food get b da tornadoor dat shit mike jack
1022,this is TORNADO WEATHER. go outside to get some dick an get blown tf away if you want..*scoots down in bed w/chinese food* hmph.,1970-01-01 00:00:00.000040661,1,Delhi,1970-01-01,['food'],this tornado weather go outside get dick get blown tf away if you wantscoots down bed wchinese food hmph
1025,"ok, Fuk da tornado were da food at?",1970-01-01 00:00:00.000040661,1,Mumbai,1970-01-01,['food'],ok fuk da tornado da food
1040,Im exhausted from walkn round in the sun and hanging out food to the tornado victims but after a shower I stil Gota go in to work. . .,1970-01-01 00:00:00.000040662,1,Bangalore,1970-01-01,['food'],im exhausted walkn round sun hanging out food tornado victims but shower i stil gota go work
1046,Sat 4/30 @PublicTenley & @HelpEarthdotorg making a day & nite of food & fun collecting donations for @RedCrossNCR tornado relief - Plz RT,1970-01-01 00:00:00.000040662,1,Delhi,1970-01-01,['food'],sat making day nite food fun collecting donations tornado relief plz rt
1072,Food assistance available for tornado victims - ENC Today http://bit.ly/lSEoIP,1970-01-01 00:00:00.000040662,0,Mumbai,1970-01-01,['food'],food assistance available tornado victims enc today
1074,Food assistance available for tornado victims http://tinyurl.com/3w84fgs,1970-01-01 00:00:00.000040662,0,Hyderabad,1970-01-01,['food'],food assistance available tornado victims
1078,RT:@ BhamBarons: Tornado Relief: Bring 1 case of water or 6 canned food items to the Barons game tonight and get a free GA ticket!... ht ...,1970-01-01 00:00:00.000040662,0,Kolkata,1970-01-01,"['food', 'water']",rt bhambarons tornado relief bring case water canned food items barons game tonight get free ga ticket ht
1083,Tornado Relief: Bring 1 case of water or 6 canned food items to the Barons game tonight and get a free GA ticket!... http://fb.me/U8KL26K2,1970-01-01 00:00:00.000040662,0,Hyderabad,1970-01-01,"['food', 'water']",tornado relief bring case water canned food items barons game tonight get free ga ticket
1087,Food aid available to tornado victims in more counties http://www.fayobserver.com/articles/2011/04/29/1090468?sac=Local,1970-01-01 00:00:00.000040662,0,Kolkata,1970-01-01,['food'],food aid available tornado victims counties
1089,RT @FRANKWALKER41: Clothing & Food drive this Wed @ ace bowling alley in montgomery alabama from 10 am-10 pm. For tornado victim in alabama.,1970-01-01 00:00:00.000040662,0,Kolkata,1970-01-01,['food'],rt clothing food drive this wed ace bowling alley montgomery alabama am pm tornado victim alabama
1098,RT @briancauble: Great seeing Culinard and Jason's deli donating food for tornado victims! cc @innovationdepot,1970-01-01 00:00:00.000040662,0,Mumbai,1970-01-01,['food'],rt great seeing culinard jasons deli donating food tornado victims cc
1103,Clothing and Food drive this Wed @ ace bowling alley in montgomery alabama from 10 am to 10 pm. For tornado victim in alabama. Let Help them,1970-01-01 00:00:00.000040662,0,Bangalore,1970-01-01,['food'],clothing food drive this wed ace bowling alley montgomery alabama am pm tornado victim alabama let help them
1109,Matthew Mayfield free performance @ Barnes and Noble Patton Creek 7pm tonight. Donations of H2O & non-perishable food for tornado victims.,1970-01-01 00:00:00.000040662,0,Mumbai,1970-01-01,['food'],matthew mayfield free performance barnes noble patton creek pm tonight donations ho nonperishable food tornado victims
1113,St. Rose firefighters seek donations for Ala. tornado victims: Donations of food and household items are being s... http://bit.ly/lYcGem,1970-01-01 00:00:00.000040662,0,Bangalore,1970-01-01,['food'],st rose firefighters seek donations ala tornado victims donations food household items being s
1114,RT @wardthreedc Sat 30th @PublicTenley & @HelpEarthdotorg making  food and fun collecting donations for @RedCrossNCR tornado relief RT,1970-01-01 00:00:00.000040662,0,Bangalore,1970-01-01,['food'],rt sat th making food fun collecting donations tornado relief rt
1115,"How you can volunteer, donate to the tornado relief effort: dog and cat food, and new underwear (women, children... http://bit.ly/mx0ZsO",1970-01-01 00:00:00.000040662,0,Mumbai,1970-01-01,['food'],how you volunteer donate tornado relief effort dog cat food new underwear women children
1120,St. Rose firefighters seek donations for Ala. tornado victims: Donations of food and household items are being... http://dlvr.it/Q7ffQ,1970-01-01 00:00:00.000040662,0,Hyderabad,1970-01-01,['food'],st rose firefighters seek donations ala tornado victims donations food household items being
1123,Sat 30th @PublicTenley & @HelpEarthdotorg making a day & nite of food and fun collecting donations for @RedCrossNCR tornado relief RT,1970-01-01 00:00:00.000040662,0,Chennai,1970-01-01,['food'],sat th making day nite food fun collecting donations tornado relief rt
1135,Food aid available to tornado victims in more counties: Food assistance is available to those living in counties... http://bit.ly/iE02gT,1970-01-01 00:00:00.000040662,0,Delhi,1970-01-01,['food'],food aid available tornado victims counties food assistance available those living counties
1145,RT @Fly_Times: Fly Times Cookout this Saturday. Bring your can foods. Getting some help to the tornado victims across Alabama.,1970-01-01 00:00:00.000040662,1,Chennai,1970-01-01,['food'],rt fly times cookout this saturday bring your foods getting help tornado victims across alabama
1159,If yall get food stamps and u were affected by the tornado u can get more stamps if u can prove u were in the affected area.,1970-01-01 00:00:00.000040662,1,Kolkata,1970-01-01,['food'],if yall get food stamps u affected tornado u get stamps if u prove u affected area
1175,"@durhamfoodie  NC Food Rave to benefit tornado victims is a great idea!  ""Food Raves"" from the NY Times. http://nyti.ms/mBh3YT #TriFoodRave",1970-01-01 00:00:00.000040662,0,Chennai,1970-01-01,['food'],nc food rave benefit tornado victims great idea food raves ny times
1183,Food aid available to tornado victims in more counties http://bit.ly/kOyOIj,1970-01-01 00:00:00.000040662,0,Mumbai,1970-01-01,['food'],food aid available tornado victims counties
1184,Food aid available to tornado victims in more counties: Food assistance is available to those living in counties... http://bit.ly/iCFdke,1970-01-01 00:00:00.000040662,0,Kolkata,1970-01-01,['food'],food aid available tornado victims counties food assistance available those living counties
1189,‚Äú@Fly_Times: Fly Times Cookout this Saturday. Bring your can foods. Getting some help to the tornado victims across Alabama.‚Äù,1970-01-01 00:00:00.000040662,0,Kolkata,1970-01-01,['food'],fly times cookout this saturday bring your foods getting help tornado victims across alabama
1205,@wholefoods @wholefoodsbham Will you please share this article about healthy food donations for Alabama tornado victims? http://ow.ly/4JYox,1970-01-01 00:00:00.000040662,1,Mumbai,1970-01-01,['food'],you please share this article healthy food donations alabama tornado victims
1206,"RT @MagicCityPost: Not sure what to donate? Healthier ideas for food donations for tornado survivors, by @jenbarnett: http://mcpo.st/ivTsjV",1970-01-01 00:00:00.000040662,0,Bangalore,1970-01-01,['food'],rt sure what donate healthier ideas food donations tornado survivors
1207,Food aid available to tornado victims in more counties: Food assistance is available to those living in counties... http://bit.ly/ims4r5,1970-01-01 00:00:00.000040662,0,Kolkata,1970-01-01,['food'],food aid available tornado victims counties food assistance available those living counties
1214,MT @ga_brownsugar Food&Clothing Drive 4 victims of  4/27 tornado in #swva. Drop offs accepted at WashCo Little League 2day from 5:30-7:30p,1970-01-01 00:00:00.000040662,0,Chennai,1970-01-01,['food'],mt foodclothing drive victims tornado drop offs accepted washco little league day p
1218,Yo Dnt forget K-day George Ward Park Free Food They are taking donations or Wats giving for the Tornado victims #Support #Donate,1970-01-01 00:00:00.000040662,0,Bangalore,1970-01-01,['food'],yo dnt forget kday george ward park free food they taking donations wats giving tornado victims
1236,Food aid available to tornado victims in more counties: Food assistance is available to those living in counties... http://bit.ly/jf79sn,1970-01-01 00:00:00.000040662,0,Mumbai,1970-01-01,['food'],food aid available tornado victims counties food assistance available those living counties
1238,"Oh, look.  You can also text ""FOOD"" to 27722 to donate $10 to West Alabama Food Bank, which is helping feed tornado victims.  Excellent.",1970-01-01 00:00:00.000040662,0,Bangalore,1970-01-01,['food'],oh look you also text food donate west alabama food bank which helping feed tornado victims excellent
1244,"@Mruff221 $10 =a case of beer, or some cigarettes, or a movie ticket, or fast food, or it could HELP A TORNADO VICTIM.. Not a tough decision",1970-01-01 00:00:00.000040662,0,Chennai,1970-01-01,['food'],case beer cigarettes movie ticket fast food it could help tornado victim tough decision
1254,Great seeing Culinard and Jason's deli donating food for tornado victims!,1970-01-01 00:00:00.000040662,0,Mumbai,1970-01-01,['food'],great seeing culinard jasons deli donating food tornado victims
1256,So proud of my little sister- she's running water/food and helping with cleanup of tornado victims in GA.,1970-01-01 00:00:00.000040662,0,Kolkata,1970-01-01,"['food', 'water']",proud my little sister shes running waterfood helping cleanup tornado victims ga
1258,Food aid available to tornado victims in more counties http://bit.ly/mjEyAW,1970-01-01 00:00:00.000040662,0,Mumbai,1970-01-01,['food'],food aid available tornado victims counties
1260,"@ChickfilA Thanks for providing food to volunteers & property owners in Ohatchee, #Alabama - grateful for such thoughtfulness after tornado!",1970-01-01 00:00:00.000040662,0,Kolkata,1970-01-01,['food'],thanks providing food volunteers property owners ohatchee grateful thoughtfulness tornado
1267,"Heading out later to forage for gas, ice and food. ;) #tornado #Huntsville",1970-01-01 00:00:00.000040662,1,Kolkata,1970-01-01,['food'],heading out later forage gas ice food
1268,"About to go pass out food and water to the tornado victims. Then, helping with clean up tomorrow morning over in Ohatchee.",1970-01-01 00:00:00.000040662,0,Kolkata,1970-01-01,"['food', 'water']",go pass out food water tornado victims helping clean tomorrow morning ohatchee
1277,=@NovelUrbane tryna survive ova here.... We got hit wit an angry TORNADO two days ago... hav No lights gas water Or food.. Smh,1970-01-01 00:00:00.000040662,1,Chennai,1970-01-01,"['food', 'water']",tryna survive ova we got hit wit angry tornado two days ago hav lights gas water food smh
1292,Alabama love. ATL love all my PEOPLE ONE LOVE THAT DON'T HAVE LIGHT OR WATER IN THE TORNADO OR FOOD LOVE WE ARE HERE BLESSING AND PRAYER LV,1970-01-01 00:00:00.000040662,1,Mumbai,1970-01-01,"['food', 'water']",alabama love atl love my people one love that dont have light water tornado food love we blessing prayer lv
1293,I'm glad to know that the Salvation Army is helping out the tornado victims. They have the logistics to help provide shelter and food.,1970-01-01 00:00:00.000040662,0,Mumbai,1970-01-01,"['food', 'shelter']",im glad know that salvation army helping out tornado victims they have logistics help provide shelter food
1297,RT @Fly_Times Don't forget. Tomorrow is the Fly Times Cookout. Get fly. Free food. Bring your can goods to aid in the tornado relief.,1970-01-01 00:00:00.000040662,0,Bangalore,1970-01-01,['food'],rt dont forget tomorrow fly times cookout get fly free food bring your goods aid tornado relief
1298,"Please pray for the tornado victims. Many lost everything they owned. Just let your car, house, or food remind you of what they don't have.",1970-01-01 00:00:00.000040662,1,Delhi,1970-01-01,['food'],please pray tornado victims many lost everything they owned let your car house food remind you what they dont have
1299,Stop by Academy Sports on HWY150 & donate non-perishable food items as we help our neighbors suffering from the devastating Tornado 6am-10pm,1970-01-01 00:00:00.000040662,0,Kolkata,1970-01-01,['food'],stop academy sports hwy donate nonperishable food items as we help our neighbors suffering devastating tornado ampm
1303,Don't forget. Tomorrow is the Fly Times Cookout. Get fly. Free food. Bring your can goods to aid in the tornado relief.,1970-01-01 00:00:00.000040662,0,Kolkata,1970-01-01,['food'],dont forget tomorrow fly times cookout get fly free food bring your goods aid tornado relief
1308,Make Sure yall Come Thru K-Day @GeorgeWardPark Free Food for everybody from 12-7 sponserd by Bham Nupes..Bring Can Goods for Tornado Victims,1970-01-01 00:00:00.000040662,1,Mumbai,1970-01-01,['food'],make sure yall come thru kday free food everybody sponserd bham nupesbring goods tornado victims
1311,Please call 208.704.6240 (Aaron). I want to provide free food to those affected by the tornado which ripped the town apart last night.,1970-01-01 00:00:00.000040662,0,Mumbai,1970-01-01,['food'],please call aaron i want provide free food those affected tornado which ripped town apart last night
1312,RT @ariheart1: If you are able to...please send something...clothes...canned food...to the those affected by the tornado.....,1970-01-01 00:00:00.000040662,1,Kolkata,1970-01-01,['food'],rt if you able toplease send somethingclothescanned foodto those affected tornado
1313,If you are able to...please send something...clothes...canned food...to the those affected by the tornado.....,1970-01-01 00:00:00.000040662,1,Delhi,1970-01-01,['food'],if you able toplease send somethingclothescanned foodto those affected tornado
1314,I'm at Fast Food Blu Tornado w/ @paolo_furini http://4sq.com/lNwsPN,1970-01-01 00:00:00.000040662,1,Bangalore,1970-01-01,['food'],im fast food blu tornado w
1315,I'm at Fast Food Blu Tornado (Castelnuovo del Garda) http://4sq.com/jtzHec,1970-01-01 00:00:00.000040662,1,Hyderabad,1970-01-01,['food'],im fast food blu tornado castelnuovo del garda
1322,"American Red Cross prepared to help, offers tips on food and safety: (The Huntville Times, Dave Dieter) Tornado ... http://bit.ly/jrc8Bq",1970-01-01 00:00:00.000040662,0,Kolkata,1970-01-01,['food'],american red cross prepared help offers tips food safety huntville times dave dieter tornado
1330,"Dallas, TX people who want to donate food, water, clothes for the Tuscaloosa tornado victims my dad is coming down tomorrow@5am DM 4 address",1970-01-01 00:00:00.000040662,0,Chennai,1970-01-01,"['food', 'water']",dallas tx people who want donate food water clothes tuscaloosa tornado victims my dad coming down tomorrow dm address
1335,@canwheaton i may claim myself as a tornado victim just so I can go back to @blackberryfrm and receive free #Orvis clothes and #unreal food,1970-01-01 00:00:00.000040662,0,Hyderabad,1970-01-01,['food'],i may claim myself as tornado victim i go back receive free clothes food
1338,if u seriously contemplate being a tornado to eat up all the food in the booths..i know u don't play.Lmao RT @b_robbie @urGURL_B i dont play,1970-01-01 00:00:00.000040662,1,Delhi,1970-01-01,['food'],if u seriously contemplate being tornado eat food boothsi know u dont playlmao rt i dont play
1340,Alabama had a HUGE tornado hundreds dead. of you have any food money or anything to donate please DM me My family is doing a fundrasor. help,1970-01-01 00:00:00.000040662,1,Hyderabad,1970-01-01,['food'],alabama had huge tornado hundreds dead you have food money anything donate please dm me my family doing fundrasor help
1341,"good nite all. pray for those in tornado torn areas. Give blood, and help with pet foods. God Bless you.",1970-01-01 00:00:00.000040662,0,Chennai,1970-01-01,['food'],good nite pray those tornado torn areas give blood help pet foods god bless you
1342,"happy my hydro is back on, glad my food is ok, wind storm my ass... I'm thinking tornado",1970-01-01 00:00:00.000040662,0,Mumbai,1970-01-01,['food'],happy my hydro back glad my food ok wind storm my ass im thinking tornado
1344,how that man who food got blowed away by the tornado get free hamburgers for a year?? thats so redicolous!!!,1970-01-01 00:00:00.000040662,1,Kolkata,1970-01-01,['food'],how that man who food got blowed away tornado get free hamburgers year thats redicolous
1345,"Parkview Elementary @ 9 in the am for more collection and distribution of food, etc. to tornado victims.",1970-01-01 00:00:00.000040662,0,Chennai,1970-01-01,['food'],parkview elementary am collection distribution food etc tornado victims
1351,"We will take up donations of clothes, water, food, or money at our game Saturday for the tornado victims at Smithville.",1970-01-01 00:00:00.000040662,0,Mumbai,1970-01-01,"['food', 'water']",we take donations clothes water food money our game saturday tornado victims smithville
1359,"Please pray for the families and the victims from The Alabama Tornado Disaster... If you cant give money,food, or blood...Just Pray! <3",1970-01-01 00:00:00.000040663,0,Kolkata,1970-01-01,['food'],please pray families victims alabama tornado disaster if you cant give moneyfood bloodjust pray
1363,"Tornado areas really need donations, including pet food, beds, etc. Check this out for places to donate. http://abcn.ws/kDiOTi",1970-01-01 00:00:00.000040663,0,Mumbai,1970-01-01,['food'],tornado areas really need donations including pet food beds etc check this out places donate
1365,"Text ""FOOD"" to 27722 to donate $10 to West Alabama Food Bank for tornado relief. Come on & sacrifice that #5 chickfila combo for the day ;)",1970-01-01 00:00:00.000040663,0,Mumbai,1970-01-01,['food'],text food donate west alabama food bank tornado relief come sacrifice that chickfila combo day
1366,"MT @@Toomers4Ttown #loc Cedar Grove Baptist Church in Leeds, AL is #offer serving hot meals to storm victims #food #tornado",1970-01-01 00:00:00.000040663,0,Bangalore,1970-01-01,['food'],mt cedar grove baptist church leeds al serving hot meals storm victims
1369,Alabama DHR to issue food benefits early in tornado-damaged counties | al.com http://blog.al.com/spotnews/2011/04/alabama_dhr_to_issue_food_bene.html¬†‚Ä¶,1970-01-01 00:00:00.000040663,1,Bangalore,1970-01-01,['food'],alabama dhr issue food benefits early tornadodamaged counties alcom
1370,My girls getting somr hands on mission experience. I'm so proud of them. Taking food to tornado victims  http://yfrog.com/gyccznhj #fb,1970-01-01 00:00:00.000040663,0,Mumbai,1970-01-01,['food'],my girls getting somr hands mission experience im proud them taking food tornado victims
1375,"3 wars, 300 tornado deaths, high food & gas prices, & sky-high debt. But the #teaparty is our biggest problem?? #morons http://bit.ly/j2rZqF",1970-01-01 00:00:00.000040663,1,Mumbai,1970-01-01,['food'],wars tornado deaths high food gas prices skyhigh debt but our biggest problem
1396,Alabama DHR to issue food benefits early in tornado-damaged counties - al.com (blog) http://bit.ly/jTPzMe,1970-01-01 00:00:00.000040663,1,Mumbai,1970-01-01,['food'],alabama dhr issue food benefits early tornadodamaged counties alcom blog
1402,"Been at the Scott center all day with families collecting water, food, clothes, etc. Filming stories #alabama #tornado",1970-01-01 00:00:00.000040663,1,Bangalore,1970-01-01,"['food', 'water']",been scott center day families collecting water food clothes etc filming stories
1403,#tuscaloosa #offer Alberta City tornado victims who need food - pizza hut @ #loc Leland Shopping Ctr #details free pizza 2nite & Sun mid-AM,1970-01-01 00:00:00.000040663,1,Mumbai,1970-01-01,['food'],alberta city tornado victims who need food pizza hut leland shopping ctr free pizza nite sun midam
1404,@eijikun #tuscaloosa Alberta City tornado victims who #need food - pizza hut @ #loc Leland Shopping Ctr w/ free pizza tonight & Sun mid-AM,1970-01-01 00:00:00.000040663,1,Bangalore,1970-01-01,['food'],alberta city tornado victims who food pizza hut leland shopping ctr w free pizza tonight sun midam
1405,Alabama DHR to issue food benefits early in tornado-damaged counties - al.com (blog) http://bit.ly/jxxXe1,1970-01-01 00:00:00.000040663,1,Bangalore,1970-01-01,['food'],alabama dhr issue food benefits early tornadodamaged counties alcom blog
1408,"Local Charity Collects Donations For Tornado Victims: Food can items, anything which is ready to eat,"" explained... http://bit.ly/kTdIcA",1970-01-01 00:00:00.000040663,0,Chennai,1970-01-01,['food'],local charity collects donations tornado victims food items anything which ready eat explained
1410,"@jakemcgrew excellent! Lots of great teaching, music, food, ideas, weather ( aside from the tornado stuff). Atlanta is worth going back.",1970-01-01 00:00:00.000040663,0,Kolkata,1970-01-01,['food'],excellent lots great teaching music food ideas weather aside tornado stuff atlanta worth going back
1411,#HR Alabama DHR to issue food benefits early in tornado-damaged counties - al.com (blog): Alabama DHR ... http://bit.ly/iqcOje #hrtrends,1970-01-01 00:00:00.000040663,1,Hyderabad,1970-01-01,['food'],alabama dhr issue food benefits early tornadodamaged counties alcom blog alabama dhr
1413,Alabama DHR to issue food benefits early in tornado-damaged counties http://bit.ly/mlwrVU #fb,1970-01-01 00:00:00.000040663,1,Chennai,1970-01-01,['food'],alabama dhr issue food benefits early tornadodamaged counties
1414,WTVY Headlines Food Assistance Comes Early for Tornado Victims: Alabamians will soon receive their food assistan... http://bit.ly/jHH8sh,1970-01-01 00:00:00.000040663,0,Bangalore,1970-01-01,['food'],wtvy headlines food assistance comes early tornado victims alabamians soon receive their food assistan
1415,"Alabama DHR to issue food benefits early in tornado-damaged counties: By The Birmingham News MONTGOMERY, Alabama... http://bit.ly/iXGEjk",1970-01-01 00:00:00.000040663,1,Hyderabad,1970-01-01,['food'],alabama dhr issue food benefits early tornadodamaged counties birmingham news montgomery alabama
1423,(RT from RSS) Alabama DHR to issue food benefits early in tornado-damaged counties http://ow.ly/1cqhO9,1970-01-01 00:00:00.000040663,0,Hyderabad,1970-01-01,['food'],rt rss alabama dhr issue food benefits early tornadodamaged counties
1424,Alabama DHR to issue food benefits early in tornado-damaged counties http://bit.ly/mioyVK,1970-01-01 00:00:00.000040663,1,Kolkata,1970-01-01,['food'],alabama dhr issue food benefits early tornadodamaged counties
1430,RT @hhdavid65 RT @Birmingham_News: Alabama DHR to issue food benefits early in tornado-damaged counties http://bit.ly/iSv7KW,1970-01-01 00:00:00.000040663,1,Kolkata,1970-01-01,['food'],rt rt alabama dhr issue food benefits early tornadodamaged counties
1442,DHR to Issue Food Benefits Early in Tornado-Damaged Counties http://bit.ly/jfChJp @_a_Government,1970-01-01 00:00:00.000040663,1,Bangalore,1970-01-01,['food'],dhr issue food benefits early tornadodamaged counties
1444,"Post tornado, a Piggly Wiggly owner makes food free for all http://bit.ly/jj80tY via@eatocracy",1970-01-01 00:00:00.000040663,0,Hyderabad,1970-01-01,['food'],post tornado piggly wiggly owner makes food free via
1445,"#food #westchester Post tornado, a Piggly Wiggly owner makes food free for all: [cnn-video url=""http... http://bit.ly/mMPg7E #restaurant",1970-01-01 00:00:00.000040663,0,Chennai,1970-01-01,['food'],post tornado piggly wiggly owner makes food free cnnvideo url
1446,"#food Post tornado, a Piggly Wiggly owner makes food free for all: [cnn-video url=""http://www.cnn.com/video/#/vi... http://bit.ly/mMPg7E",1970-01-01 00:00:00.000040663,0,Mumbai,1970-01-01,['food'],post tornado piggly wiggly owner makes food free cnnvideo url
1447,"Post tornado, a Piggly Wiggly owner makes food free for all http://bit.ly/mMPg7E via@eatocracy",1970-01-01 00:00:00.000040663,0,Chennai,1970-01-01,['food'],post tornado piggly wiggly owner makes food free via
1448,"#food Post tornado, a Piggly Wiggly owner makes food free for all: [cnn-video url=""http://www.cnn.com/video/#/vi... http://bit.ly/iYcZpZ",1970-01-01 00:00:00.000040663,0,Chennai,1970-01-01,['food'],post tornado piggly wiggly owner makes food free cnnvideo url
1449,@marymeigs yeah...so NEVER go to that Robertson's health food store. CRAZY. I only went there because mana is in tornado alley.,1970-01-01 00:00:00.000040663,1,Chennai,1970-01-01,['food'],yeahso never go that robertsons health food store crazy i went because mana tornado alley
1450,Alabama DHR to issue food benefits early in tornado-damaged counties: Benefits will be deposited Sunday to EBT cards. http://dlvr.it/QD5Tj,1970-01-01 00:00:00.000040663,1,Chennai,1970-01-01,['food'],alabama dhr issue food benefits early tornadodamaged counties benefits be deposited sunday ebt cards
1456,Alberta City tornado victims who need food - pizza hut to setup @ Leland Shopping Center with free pizza tonight and Sunday mid-AM,1970-01-01 00:00:00.000040663,1,Mumbai,1970-01-01,['food'],alberta city tornado victims who need food pizza hut setup leland shopping center free pizza tonight sunday midam
1459,RT @FRANKWALKER41: We are getting so much feed back about the tornado food and clothing drive and I just wanna say ... http://tmi.me/9zwGy,1970-01-01 00:00:00.000040663,0,Chennai,1970-01-01,['food'],rt we getting much feed back tornado food clothing drive i wanna say
1469,We are getting so much feed back about the tornado food and clothing drive and I just wanna say thank you soooooooo much. I love you all,1970-01-01 00:00:00.000040663,0,Mumbai,1970-01-01,['food'],we getting much feed back tornado food clothing drive i wanna say thank you soooooooo much i love you
1475,"RT @bhambarons: Tornado Relief TONIGHT: Bring 1 case of water, 6 canned food items, diapers  formula to Barons game http://fb.me/LMR2vtBN",1970-01-01 00:00:00.000040663,1,Chennai,1970-01-01,"['food', 'water']",rt tornado relief tonight bring case water canned food items diapers formula barons game
1479,"@chelseahandler please pass the word on that we really need donations, clothes, food, anything for tornado victims here in Alabama!!",1970-01-01 00:00:00.000040663,0,Delhi,1970-01-01,['food'],please pass word that we really need donations clothes food anything tornado victims alabama
1484,"Tornado Relief TONIGHT: Bring 1 case of water, 6 non perishable food items, diapers or formula to the Barons game... http://fb.me/UJg3o0sf",1970-01-01 00:00:00.000040663,1,Delhi,1970-01-01,"['food', 'water']",tornado relief tonight bring case water non perishable food items diapers formula barons game
1485,Come out to Academy Sports HWY150 w/ @Hot1077 as they collect non-perishable food items to benefit those hurt by the terrible tornado #NHN,1970-01-01 00:00:00.000040663,1,Bangalore,1970-01-01,['food'],come out academy sports hwy w as they collect nonperishable food items benefit those hurt terrible tornado
1487,"Tornado Relief TONIGHT: Bring 1 case of water, 6 canned food items, diapers or formula to the Barons game tonight... http://fb.me/LMR2vtBN",1970-01-01 00:00:00.000040663,1,Hyderabad,1970-01-01,"['food', 'water']",tornado relief tonight bring case water canned food items diapers formula barons game tonight
1488,Food assistance available for tornado victims - http://bit.ly/iUUIau #Jacksonville #NorthCarolina,1970-01-01 00:00:00.000040663,0,Chennai,1970-01-01,['food'],food assistance available tornado victims
1489,"DHR to Issue Food Benefits Early in Tornado-Damaged Counties: [Human Resources, Department of] As part of the st... http://bit.ly/kB892C",1970-01-01 00:00:00.000040663,1,Mumbai,1970-01-01,['food'],dhr issue food benefits early tornadodamaged counties human resources department as part st
1496,"Who would be interested in going to Alabama Thurs-Saturday? Just a thought to help with tornado victims, taking food and water",1970-01-01 00:00:00.000040663,0,Mumbai,1970-01-01,"['food', 'water']",who would be interested going alabama thurssaturday thought help tornado victims taking food water
1498,"Going to Costco to get several bags of dog and cat food for the misplaced Tornado pets. If everyone can help a little, please do!",1970-01-01 00:00:00.000040663,0,Kolkata,1970-01-01,['food'],going costco get several bags dog cat food misplaced tornado pets if everyone help little please do
1507,"@therealsalpal  Text ""FOOD"" to 27722 gives $10 to West AL Food Bank; Tornado Victims. Plz TEXT/ FB to peeps outside AL - thanks bro #4MyCity",1970-01-01 00:00:00.000040663,0,Hyderabad,1970-01-01,['food'],text food gives west al food bank tornado victims plz text fb peeps outside al thanks bro
1513,@Alyssa_Milano will you tweet about this food drive to help tornado victims in Tuscaloosa? http://bit.ly/m5oyYL Trying to spread the word:),1970-01-01 00:00:00.000040663,0,Kolkata,1970-01-01,['food'],you tweet this food drive help tornado victims tuscaloosa trying spread word
1514,@corbinbleu will you tweet about this food drive to help tornado victims in Tuscaloosa? http://bit.ly/m5oyYL Big HSM fan by the way:),1970-01-01 00:00:00.000040663,0,Kolkata,1970-01-01,['food'],you tweet this food drive help tornado victims tuscaloosa big hsm fan way
1518,"SportClips is taking donations for tornado relief in Vilonia! Donate clothes, food, change or go to Vilonia & help clean up! Anything helps!",1970-01-01 00:00:00.000040663,0,Bangalore,1970-01-01,['food'],sportclips taking donations tornado relief vilonia donate clothes food change go vilonia help clean anything helps
1519,Admission for fiji island party this year is desireables/food/water for the tornado victims. Good thinkin fiji boys,1970-01-01 00:00:00.000040663,0,Hyderabad,1970-01-01,"['food', 'water']",admission fiji island party this year desireablesfoodwater tornado victims good thinkin fiji boys
1522,"Ways to help tornado victims: Needs nonperishable food items, all clothes, tarps (blue or black), ladies' hygien... http://bit.ly/iU9NEL",1970-01-01 00:00:00.000040663,0,Kolkata,1970-01-01,['food'],ways help tornado victims needs nonperishable food items clothes tarps blue black ladies hygien
1523,"the fly times cookout is today..come shop..free food, good deals, great time..also, dont forget to bring can goods for the tornado victims",1970-01-01 00:00:00.000040663,0,Kolkata,1970-01-01,['food'],fly times cookout todaycome shopfree food good deals great timealso dont forget bring goods tornado victims
1527,"Ways to help tornado victims: PARA says to bring ready to serve food to Snow Hinton Park, 1000 Hargrove Road Eas... http://bit.ly/kj4q1w",1970-01-01 00:00:00.000040663,0,Mumbai,1970-01-01,['food'],ways help tornado victims para says bring ready serve food snow hinton park hargrove road eas
1530,Great opportunities to help tornado victims thru #evangel Give on our website evangeltemple.org Bring clothes or food to campus tomorrow,1970-01-01 00:00:00.000040663,0,Kolkata,1970-01-01,['food'],great opportunities help tornado victims thru give our website evangeltempleorg bring clothes food campus tomorrow
1532,Every fast food place in this city is packed. Nobody can cook yet since the #tornado came through. #ontheroad,1970-01-01 00:00:00.000040663,0,Mumbai,1970-01-01,['food'],every fast food place this city packed nobody cook yet since came through
1537,"RT @Conservativeind: If you live near a WINN-DIXIE, they are accepting food donations for tornado relief http:‚Ä¶ (cont) http://deck.ly/~o0ZbA",1970-01-01 00:00:00.000040663,1,Kolkata,1970-01-01,['food'],rt if you live near winndixie they accepting food donations tornado relief cont
1541,"MT @Conservativeind: Live near a WINN-DIXIE, they accept food donations for tornado relief http://tinyurl.com/3trolq8 #twisters #marathon",1970-01-01 00:00:00.000040663,1,Hyderabad,1970-01-01,['food'],mt live near winndixie they accept food donations tornado relief
1546,"If you live near a WINN-DIXIE, they are accepting food donations for tornado relief http://tinyurl.com/3trolq8 #twisters #marathon #tcot",1970-01-01 00:00:00.000040663,1,Delhi,1970-01-01,['food'],if you live near winndixie they accepting food donations tornado relief
1551,@Hot1077 is @ Academy Sports HWY150 collecting non-perishable food items until 10pm for the victims hurt by the horrible tornado #NHN,1970-01-01 00:00:00.000040663,0,Chennai,1970-01-01,['food'],academy sports hwy collecting nonperishable food items until pm victims hurt horrible tornado
1557,"Ways to help tornado victims: PARA says to bring ready to serve food to Snow Hinton Park, 1000 Hargrove Road Eas... http://bit.ly/illluk",1970-01-01 00:00:00.000040663,0,Delhi,1970-01-01,['food'],ways help tornado victims para says bring ready serve food snow hinton park hargrove road eas
1560,"Oakwood Baptist in Chickamauga offers relief, food, showers to tornado victims - http://bit.ly/l9TeGc #Chickamauga #Georgia",1970-01-01 00:00:00.000040663,0,Kolkata,1970-01-01,['food'],oakwood baptist chickamauga offers relief food showers tornado victims
1562,Ways to help tornado victims http://sy.ly/s8kcB #carbs #obesity #health #diet #fit #workout #weightloss #sugar #nutrition #fitness #food,1970-01-01 00:00:00.000040663,0,Hyderabad,1970-01-01,['food'],ways help tornado victims
1574,"Text ""FOOD""to27722 to donate $10 to the West AL Food Bank, which is helping feed people that have been misplaced as a result of the tornado.",1970-01-01 00:00:00.000040663,0,Delhi,1970-01-01,['food'],text foodto donate west al food bank which helping feed people that have been misplaced as result tornado
1578,"Tornado recovery day 3, no power gas better, food ok, life excellent",1970-01-01 00:00:00.000040663,1,Delhi,1970-01-01,['food'],tornado recovery day power gas better food ok life excellent
1580,Food assistance available for tornado victims - - - Jacksonville ...: The Food and Nutrition Services program (f... http://bit.ly/jBmCOo,1970-01-01 00:00:00.000040663,0,Kolkata,1970-01-01,['food'],food assistance available tornado victims jacksonville food nutrition services program f
1658,WFMY News 2 Food assistance available for tornado victimsENC Today‚Ä¶ expenses from loss of income or loss of food due... http://dlvr.it/Q9BKK,1970-01-01 00:00:00.000040663,0,Mumbai,1970-01-01,['food'],wfmy news food assistance available tornado victimsenc today expenses loss income loss food due
1675,"@Pink Please encourage your fans to help #Alabama tornado victims!!! Text ""FOOD"" to 27722 to donate $10 to West #Alabama Food Bank.",1970-01-01 00:00:00.000040663,0,Mumbai,1970-01-01,['food'],please encourage your fans help tornado victims text food donate west food bank
1683,FayObserver.com - Food aid available to tornado victims in more counties http://www.fayobserver.com/articles/2011/04/29/1090468?sac=Home¬†‚Ä¶ via @fayobserver,1970-01-01 00:00:00.000040663,0,Chennai,1970-01-01,['food'],fayobservercom food aid available tornado victims counties via
1690,=@MrYesirrr lol jerk!That was the TORNADO food..I for one hate junk food..this is the first time me eatin KFC all semester,1970-01-01 00:00:00.000040663,0,Delhi,1970-01-01,['food'],lol jerkthat tornado foodi one hate junk foodthis first time me eatin kfc semester
1692,#nutrition via @health_club: Food assistance available for tornado victims: The Food and Nutrition Services prog... http://bit.ly/l87AA1,1970-01-01 00:00:00.000040663,0,Delhi,1970-01-01,['food'],via food assistance available tornado victims food nutrition services prog
1693,Food assistance available for tornado victims: The Food and Nutrition Services program (formerly known as food s... http://bit.ly/leJj2z,1970-01-01 00:00:00.000040663,0,Mumbai,1970-01-01,['food'],food assistance available tornado victims food nutrition services program formerly known as food s
1694,Food Assistance Available For Tornado Victims http://tinyurl.com/659rdyd,1970-01-01 00:00:00.000040663,0,Chennai,1970-01-01,['food'],food assistance available tornado victims
1695,"Please remember to help local tornado victims 2morrow. Bring food, water & other supplies to 300 Minnis Road #CLEhelp http://on.fb.me/k9SD4b",1970-01-01 00:00:00.000040663,0,Delhi,1970-01-01,"['food', 'water']",please remember help local tornado victims morrow bring food water supplies minnis road
1697,‚Äú@christinplease: McDonough is a tornado...lol i thought it was some new food item at McDonalds... #awkward‚Äù,1970-01-01 00:00:00.000040663,1,Hyderabad,1970-01-01,['food'],mcdonough tornadolol i thought it new food item mcdonalds
1700,"Invite Friends! @Station_Church Praise Band tornado benefit Sunday at Helena Amphitheater. Food & fun 3-5 pm, Concert 5 pm.",1970-01-01 00:00:00.000040663,0,Hyderabad,1970-01-01,['food'],invite friends praise band tornado benefit sunday helena amphitheater food fun pm concert pm
1701,Food assistance available for tornado victims - ENC Today http://bit.ly/mFregh,1970-01-01 00:00:00.000040663,0,Hyderabad,1970-01-01,['food'],food assistance available tornado victims enc today
1702,Nutrition | Food Assistance Available For Tornado Victims http://dlvr.it/Q8Y0m,1970-01-01 00:00:00.000040663,0,Hyderabad,1970-01-01,['food'],nutrition food assistance available tornado victims
1712,my dad took me and my mom and sister to Oneonta for food cause he thought the storms were over. another tornado hit right where we (c),1970-01-01 00:00:00.000040663,1,Hyderabad,1970-01-01,['food'],my dad took me my mom sister oneonta food cause he thought storms another tornado hit right where we c
1,@weatherchannel I'm in Fayetteville NC and if I received  $5200 I would take it up to the shelter for many of our resent tornado outbreak.,1970-01-01 00:00:00.000040654,0,Bangalore,1970-01-01,['shelter'],im fayetteville nc if i received i would take it shelter many our resent tornado outbreak
4,"Walk into denver airport bathroom. First sign i see ""tornado shelter""",1970-01-01 00:00:00.000040654,0,Kolkata,1970-01-01,['shelter'],walk denver airport bathroom first sign i see tornado shelter
6,"Woof! #Tornado: If you live in a mobile home, take pet, leave, find safe shelter when WATCH is issued. http://bit.ly/gpTq2N #rcdog",1970-01-01 00:00:00.000040654,1,Chennai,1970-01-01,['shelter'],woof if you live mobile home take pet leave find safe shelter when watch issued
7,did i mention that last night when the tornado sirens went off and we tried to head for shelter my lovely... http://tumblr.com/xqm27d8db9,1970-01-01 00:00:00.000040654,1,Mumbai,1970-01-01,['shelter'],did i mention that last night when tornado sirens went off we tried head shelter my lovely
9,@meganpickle are yall in storm shelter #tornado #imscared:(,1970-01-01 00:00:00.000040654,1,Chennai,1970-01-01,['shelter'],yall storm shelter
10,"This is ""Granny"" an older displaced tornado victim at Pulaski County animal shelter, who may be euthanized by... http://fb.me/EMWEee4P",1970-01-01 00:00:00.000040654,1,Mumbai,1970-01-01,['shelter'],this granny older displaced tornado victim pulaski county animal shelter who may be euthanized
12,Very strong storms with the possibility of a tornado associated with it moving towards the Starkville area. Go ahead and get to your shelter,1970-01-01 00:00:00.000040654,1,Delhi,1970-01-01,['shelter'],strong storms possibility tornado associated it moving towards starkville area go ahead get your shelter
13,Tonight @524students lead on their own without adults at the Heritage High Tornado Relief shelter. #proud #notkidsanymore,1970-01-01 00:00:00.000040654,1,Kolkata,1970-01-01,['shelter'],tonight lead their without adults heritage high tornado relief shelter
14,RT @LivingSafely: NWS issues Tornado Warning for parts of #MS. Seek strong shelter now if at risk: http://ow.ly/4p9AD,1970-01-01 00:00:00.000040654,1,Mumbai,1970-01-01,['shelter'],rt nws issues tornado warning parts seek strong shelter now if risk
36,‚Äú@Kentuckyweather: Possible tornado near and along Interstate 64. If you live in Winchester and just north... SEEK SHELTER NOW!‚Äù #kywx,1970-01-01 00:00:00.000040655,1,Hyderabad,1970-01-01,['shelter'],possible tornado near along interstate if you live winchester north seek shelter now
38,Possible tornado near and along Interstate 64. If you live in Winchester and just north... SEEK SHELTER NOW!,1970-01-01 00:00:00.000040655,1,Delhi,1970-01-01,['shelter'],possible tornado near along interstate if you live winchester north seek shelter now
40,Ok and now the tornado sirens are going off. Seriously take shelter.,1970-01-01 00:00:00.000040655,1,Bangalore,1970-01-01,['shelter'],ok now tornado sirens going off seriously take shelter
41,"RT @jmeHTE: @RC859HustleHTE Ohh shit..u ok bro? ¬ª I'll shoot a tornado.. I sent my co work to shelter doe lol.. I'm n da HEMI, CANT CATCH ME",1970-01-01 00:00:00.000040655,1,Kolkata,1970-01-01,['shelter'],rt ohh shitu ok bro ill shoot tornado i sent my co work shelter doe lol im n da hemi cant catch me
44,Just survived a tornado warning in Lexington Kentucky. We had to take shelter.  It is indeed Good Friday because the storm did pass over!,1970-01-01 00:00:00.000040655,1,Delhi,1970-01-01,['shelter'],survived tornado warning lexington kentucky we had take shelter it indeed good friday because storm did pass
45,"Golf ball size hail in & near Marshfield, #Webster Co., #MOwx ... funnel reported with that storm.  Stay in your shelter.  #Ozarks #Tornado",1970-01-01 00:00:00.000040655,1,Bangalore,1970-01-01,['shelter'],golf ball size hail near marshfield co funnel reported that storm stay your shelter
47,Tornado warning for Christian county. Nice. Headed to the storm shelter. See everyone in a bit.,1970-01-01 00:00:00.000040655,0,Kolkata,1970-01-01,['shelter'],tornado warning christian county nice headed storm shelter see everyone bit
50,@NoTweetTim Sweet. Just turned Regency Ballroom into a tornado shelter>> Tornado warnings at Rogers right now.,1970-01-01 00:00:00.000040655,1,Bangalore,1970-01-01,['shelter'],sweet turned regency ballroom tornado shelter tornado warnings rogers right now
51,If you're in lex right now. bE SAFE. Find shelter. #tornado warnings and a REAl bad storm outside. #imscared #Godbless,1970-01-01 00:00:00.000040655,1,Kolkata,1970-01-01,['shelter'],if youre lex right now be safe find shelter warnings real bad storm outside
52,"praying all my little siloamies are alright! seek shelter, tornado supposedly hitting in 20 minutes or less. BE SAFE!",1970-01-01 00:00:00.000040655,1,Kolkata,1970-01-01,['shelter'],praying my little siloamies alright seek shelter tornado supposedly hitting minutes less be safe
79,Sweet. Just turned Regency Ballroom into a tornado shelter,1970-01-01 00:00:00.000040655,1,Mumbai,1970-01-01,['shelter'],sweet turned regency ballroom tornado shelter
80,Tornado warnings- welcome home Lauren. Take shelter Lexington!!,1970-01-01 00:00:00.000040655,1,Hyderabad,1970-01-01,['shelter'],tornado warnings welcome home lauren take shelter lexington
81,Please be careful and seek shelter!! Tornado warning in effect for Lexington!,1970-01-01 00:00:00.000040655,1,Kolkata,1970-01-01,['shelter'],please be careful seek shelter tornado warning effect lexington
82,Fayette Mall and Zandale...I hope you're in shelter. The possible tornado is directly over you!,1970-01-01 00:00:00.000040655,1,Chennai,1970-01-01,['shelter'],fayette mall zandalei hope youre shelter possible tornado directly you
83,"Fellow Lexingtonians, There is a tornado warning. I ask you to remain calm and take shelter. We will get through this together. Thankyou.",1970-01-01 00:00:00.000040655,1,Bangalore,1970-01-01,['shelter'],fellow lexingtonians tornado warning i ask you remain calm take shelter we get through this together thankyou
86,"RT @LivingSafely: NWS issues Tornado Warning for parts of #KY, #MO. Seek strong shelter now if at risk: http://ow.ly/4p9AD",1970-01-01 00:00:00.000040655,1,Hyderabad,1970-01-01,['shelter'],rt nws issues tornado warning parts seek strong shelter now if risk
89,Tornado moving at 35 mph towards us and is 7 miles away. News says take shelter now. Awesome!,1970-01-01 00:00:00.000040655,1,Kolkata,1970-01-01,['shelter'],tornado moving mph towards us miles away news says take shelter now awesome
90,"Taking shelter in Versailles, KY - tornado warning. Scary but really pretty too",1970-01-01 00:00:00.000040655,1,Chennai,1970-01-01,['shelter'],taking shelter versailles ky tornado warning scary but really pretty
92,LEXINGTON METRO - TORNADO WARNING SEEK SHELTER IMMEDIATELY. TORNADIC STORM WITH CONFIRMED FUNNELS ABOUT 15 MILES OUT!,1970-01-01 00:00:00.000040655,1,Kolkata,1970-01-01,['shelter'],lexington metro tornado warning seek shelter immediately tornadic storm confirmed funnels miles out
96,"US/Silver Spring: NWS issues Tornado Warning for parts of #KY, #MO. Seek strong shelter now if at risk: http://ow.ly/4FoOZ",1970-01-01 00:00:00.000040655,1,Hyderabad,1970-01-01,['shelter'],ussilver spring nws issues tornado warning parts seek strong shelter now if risk
99,Bill Meck is telling me that I need to get into a shelter right now. anyone got a tornado shelter I can borrow?,1970-01-01 00:00:00.000040655,1,Bangalore,1970-01-01,['shelter'],bill meck telling me that i need get shelter right now anyone got tornado shelter i borrow
102,"@Sweet_Cheeks001 Tornado Warning-Seek Shelter-""west of 127 in the clear now"" Stay Safe",1970-01-01 00:00:00.000040655,1,Mumbai,1970-01-01,['shelter'],tornado warningseek shelterwest clear now stay safe
105,"RT @KYEMPIO: Possible tornado near US 127 and Hwy 151, Lawrenceburg residents take immediate shelter! http://myloc.me/jr0za",1970-01-01 00:00:00.000040655,1,Kolkata,1970-01-01,['shelter'],rt possible tornado near us hwy lawrenceburg residents take immediate shelter
106,"Possible tornado near US 127 and Hwy 151, Lawrenceburg residents take immediate shelter!",1970-01-01 00:00:00.000040655,1,Bangalore,1970-01-01,['shelter'],possible tornado near us hwy lawrenceburg residents take immediate shelter
108,RT @WoodfordHumane: Versailles residents: Tornado warning in effect until 7pm. Tune into local weather stations & be ready to seek shelter.,1970-01-01 00:00:00.000040655,1,Mumbai,1970-01-01,['shelter'],rt versailles residents tornado warning effect until pm tune local weather stations be ready seek shelter
109,Versailles residents: Tornado warning in effect until 7pm. Tune into local weather stations and be ready to seek shelter.,1970-01-01 00:00:00.000040655,1,Delhi,1970-01-01,['shelter'],versailles residents tornado warning effect until pm tune local weather stations be ready seek shelter
110,RT @Kentuckyweather: Possible tornado heading straight for Alton and Lawrenceburg in Anderson County. SEEK SHELTER NOW!!,1970-01-01 00:00:00.000040655,1,Chennai,1970-01-01,['shelter'],rt possible tornado heading straight alton lawrenceburg anderson county seek shelter now
112,Possible tornado heading straight for Alton and Lawrenceburg in Anderson County. SEEK SHELTER NOW!!,1970-01-01 00:00:00.000040655,1,Kolkata,1970-01-01,['shelter'],possible tornado heading straight alton lawrenceburg anderson county seek shelter now
114,Hwy 395 Anderson Co residents need to take shelter in tornado safe location,1970-01-01 00:00:00.000040655,1,Mumbai,1970-01-01,['shelter'],hwy anderson co residents need take shelter tornado safe location
120,Animal shelter giving storm-hit owners more time to reclaim pets: The four-legged residents of the tornado-damag... http://bit.ly/dKWgtB,1970-01-01 00:00:00.000040655,1,Hyderabad,1970-01-01,['shelter'],animal shelter giving stormhit owners time reclaim pets fourlegged residents tornadodamag
121,"What does it say about me that whenever I hear tornado sirens my first instinct isn't ""find shelter!"" it's ""go look out the window!""",1970-01-01 00:00:00.000040655,1,Kolkata,1970-01-01,['shelter'],what does it say me that whenever i hear tornado sirens my first instinct isnt find shelter its go look out window
122,Scream? o.O This was the day of the tornado. Haha we were bored in the storm shelter. http://twitpic.com/4nv1fs,1970-01-01 00:00:00.000040655,1,Delhi,1970-01-01,['shelter'],scream oo this day tornado haha we bored storm shelter
126,My brother is taking shelter in a cement baseball dugout with his team because there is a tornado heading their way in Texas. #scary,1970-01-01 00:00:00.000040655,0,Kolkata,1970-01-01,['shelter'],my brother taking shelter cement baseball dugout his team because tornado heading their way texas
131,"RT @LivingSafely: #NWS issues Tornado Warning for parts of #AR, #OK, #TX. Seek strong shelter now if at risk: http://ow.ly/4p9AD",1970-01-01 00:00:00.000040657,1,Hyderabad,1970-01-01,['shelter'],rt issues tornado warning parts seek strong shelter now if risk
133,"US/Silver Spring: #NWS issues Tornado Warning for parts of #AR, #OK, #TX. Seek strong shelter now if at risk: http://ow.ly/4G1xR",1970-01-01 00:00:00.000040657,1,Mumbai,1970-01-01,['shelter'],ussilver spring issues tornado warning parts seek strong shelter now if risk
144,There was a tornado spotted on the ground near the town of Dunmor in KY. If you live in Muhlenberg or Todd counties in KY seek shelter!,1970-01-01 00:00:00.000040657,1,Bangalore,1970-01-01,['shelter'],tornado spotted ground near town dunmor ky if you live muhlenberg todd counties ky seek shelter
146,Alert ! TORNADO WARNING for North MC effective immediately. THIS IS A DANGEROUS AND POSSIBLY LIFE THREATENING SITUATION!! Seek safe shelter,1970-01-01 00:00:00.000040657,1,Bangalore,1970-01-01,['shelter'],alert tornado warning north mc effective immediately this dangerous possibly life threatening situation seek safe shelter
168,TORNADO WATCH THIS IS A DANGEROUS AND POSSIBLY LIFE THREATENING SITUATION!! Seek safe shelter immediately!!!,1970-01-01 00:00:00.000040657,1,Kolkata,1970-01-01,['shelter'],tornado watch this dangerous possibly life threatening situation seek safe shelter immediately
169,Who ever is outside right now better seek shelter. Tornado warning.,1970-01-01 00:00:00.000040657,1,Mumbai,1970-01-01,['shelter'],who ever outside right now better seek shelter tornado warning
170,NWS: TORNADO WARNING for North MoCo effective immediately. THIS IS DANGEROUS & POSSIBLY LIFE THREATENING SITUATION! Seek safe shelter immed.,1970-01-01 00:00:00.000040657,1,Chennai,1970-01-01,['shelter'],nws tornado warning north moco effective immediately this dangerous possibly life threatening situation seek safe shelter immed
172,KOMU has reporter at the Maryland Heights Community Center where the Red Cross has set up shelter for tornado victims. /via @Taraeg,1970-01-01 00:00:00.000040657,0,Delhi,1970-01-01,['shelter'],komu has reporter maryland heights community center where red cross has set shelter tornado victims via
173,At the Maryland Heights Community Center where the Red Cross has set up shelter for tornado victims. @komunews,1970-01-01 00:00:00.000040657,0,Delhi,1970-01-01,['shelter'],maryland heights community center where red cross has set shelter tornado victims
174,Nothing like having family time on Easter Sunday in the storm shelter  under a tornado warning. My poor daughter just hates this weather.,1970-01-01 00:00:00.000040657,1,Bangalore,1970-01-01,['shelter'],nothing like having family time easter sunday storm shelter tornado warning my poor daughter hates this weather
175,"Folks in Clinton take shelter. New tornado warning issued for Coway, Pope and Van Buren co. until 2:15 pm. Storm moving at 35 mph #arwx",1970-01-01 00:00:00.000040657,0,Hyderabad,1970-01-01,['shelter'],folks clinton take shelter new tornado warning issued coway pope van buren co until pm storm moving mph
177,"RT @LivingSafely: #NWS continues Tornado Warning for parts of #AR, #TN. Seek strong shelter now if at risk: http://ow.ly/4p9AD",1970-01-01 00:00:00.000040657,0,Chennai,1970-01-01,['shelter'],rt continues tornado warning parts seek strong shelter now if risk
179,i'm at a rest area with free wi-fi & sliding glass doors- it also has 2 tornado shelter rooms,1970-01-01 00:00:00.000040657,0,Chennai,1970-01-01,['shelter'],im rest area free wifi sliding glass doors it also has tornado shelter rooms
187,Apparently the restrooms in DEN can be used as a tornado shelter. I'd rather risk the tornado. Not sure what makes them tornado-proof either,1970-01-01 00:00:00.000040657,1,Delhi,1970-01-01,['shelter'],apparently restrooms den be used as tornado shelter id rather risk tornado sure what makes them tornadoproof either
188,"RT @redcrossdog: Woof! #Tornado: If you live in a mobile home, take pet, leave, find safe shelter when WATCH is issued....",1970-01-01 00:00:00.000040657,1,Mumbai,1970-01-01,['shelter'],rt woof if you live mobile home take pet leave find safe shelter when watch issued
189,Reviewing tornado damage and shelter photos for Red Cross preparing them for upload to Flickr site. Have a great Easter with your families!,1970-01-01 00:00:00.000040657,0,Mumbai,1970-01-01,['shelter'],reviewing tornado damage shelter photos red cross preparing them upload flickr site have great easter your families
191,Good thot @redcrossdog. Bribes work too! (Our #cats trained to go to tornado shelter for treats when they hear storm siren ;),1970-01-01 00:00:00.000040657,0,Bangalore,1970-01-01,['shelter'],good thot bribes work our trained go tornado shelter treats when they hear storm siren
199,RT @LivingSafely: NWS issues Tornado Warning for parts of #TN. Seek strong shelter now if at risk: http://ow.ly/4p9AD,1970-01-01 00:00:00.000040657,1,Delhi,1970-01-01,['shelter'],rt nws issues tornado warning parts seek strong shelter now if risk
200,US/Silver Spring: #NWS issues Tornado Warning for parts of #TN. Seek strong shelter now if at risk: http://ow.ly/4FOpm,1970-01-01 00:00:00.000040657,1,Hyderabad,1970-01-01,['shelter'],ussilver spring issues tornado warning parts seek strong shelter now if risk
202,"Tornado Warning for Erath to 10pm, 3 miles out of Dublin heading right toward the town. Seek Shelter immediately!",1970-01-01 00:00:00.000040657,1,Chennai,1970-01-01,['shelter'],tornado warning erath pm miles out dublin heading right toward town seek shelter immediately
203,"RT @Zener39: RT @StormTeamChris    Tornado Warning for Erath and Comanche Counties! IF YOU LIVE IN DUBLIN, TAKE SHELTER NOW!   #TX",1970-01-01 00:00:00.000040657,1,Mumbai,1970-01-01,['shelter'],rt rt tornado warning erath comanche counties if you live dublin take shelter now
205,"RT @StormTeamChris    Tornado Warning for Erath and Comanche Counties! IF YOU LIVE IN DUBLIN, TAKE SHELTER NOW!   #TX",1970-01-01 00:00:00.000040657,1,Mumbai,1970-01-01,['shelter'],rt tornado warning erath comanche counties if you live dublin take shelter now
206,A tornado HAS touched the ground in some places in Texas. Take shelter if it's near you and be careful. Stay safe my fellow Texans!,1970-01-01 00:00:00.000040657,1,Bangalore,1970-01-01,['shelter'],tornado has touched ground places texas take shelter if its near you be careful stay safe my fellow texans
209,"RT @LivingSafely: NWS issues Tornado Warning for parts of #AR, #TX. Seek strong shelter now if at risk: http://ow.ly/4p9AD",1970-01-01 00:00:00.000040657,1,Chennai,1970-01-01,['shelter'],rt nws issues tornado warning parts seek strong shelter now if risk
212,"US/Silver Spring: NWS issues Tornado Warning for parts of #AR, #TX. Seek strong shelter now if at risk: http://ow.ly/4FMmh",1970-01-01 00:00:00.000040657,1,Hyderabad,1970-01-01,['shelter'],ussilver spring nws issues tornado warning parts seek strong shelter now if risk
215,"RT @dispatchdemon: RT @DFWscanner: Tornado possibly on the ground near Gordon, Texas in Palo Pinto County. Take shelter immediately.",1970-01-01 00:00:00.000040657,1,Delhi,1970-01-01,['shelter'],rt rt tornado possibly ground near gordon texas palo pinto county take shelter immediately
216,"RT @DFWscanner: Tornado possibly on the ground near Gordon, Texas in Palo Pinto County. Take shelter immediately.",1970-01-01 00:00:00.000040657,1,Delhi,1970-01-01,['shelter'],rt tornado possibly ground near gordon texas palo pinto county take shelter immediately
217,We spent part of the day prepping our basement/cellar to be a better Storm/Tornado Shelter... That was interesting.,1970-01-01 00:00:00.000040657,0,Kolkata,1970-01-01,['shelter'],we spent part day prepping our basementcellar be better stormtornado shelter that interesting
218,"RT @EdmondRentals¬†Be Tornado SAFE in this AWESOME 4 bed, 2 bath home with storm shelter coming up for lease http://pr.borah.net",1970-01-01 00:00:00.000040657,0,Bangalore,1970-01-01,['shelter'],rt be tornado safe this awesome bed bath home storm shelter coming lease
219,"Tornado possibly on the ground near Gordon, Texas in Palo Pinto County. Take shelter immediately.",1970-01-01 00:00:00.000040657,1,Kolkata,1970-01-01,['shelter'],tornado possibly ground near gordon texas palo pinto county take shelter immediately
220,"Be Tornado SAFE in this AWESOME 4 bed, 2 bath home with storm shelter coming up for lease http://pr.borah.net",1970-01-01 00:00:00.000040657,0,Mumbai,1970-01-01,['shelter'],be tornado safe this awesome bed bath home storm shelter coming lease
221,These storms are crazy! I had to get in a tornado shelter at the mall!,1970-01-01 00:00:00.000040657,1,Delhi,1970-01-01,['shelter'],these storms crazy i had get tornado shelter mall
222,RT @GraysonCounty: Large forming tornado west of Whitesboro High School.  PLEASE HEED THE WARNINGS AND TAKE SHELTER IMMEDIATELY.,1970-01-01 00:00:00.000040657,1,Delhi,1970-01-01,['shelter'],rt large forming tornado west whitesboro high school please heed warnings take shelter immediately
223,Large forming tornado west of Whitesboro High School.  PLEASE HEED THE WARNINGS AND TAKE SHELTER IMMEDIATELY.,1970-01-01 00:00:00.000040657,1,Chennai,1970-01-01,['shelter'],large forming tornado west whitesboro high school please heed warnings take shelter immediately
228,US/Silver Spring: NWS issues Tornado Warning for parts of #TN. Seek strong shelter now if at risk: http://ow.ly/4KO6V,1970-01-01 00:00:00.000040664,1,Bangalore,1970-01-01,['shelter'],ussilver spring nws issues tornado warning parts seek strong shelter now if risk
229,New danakin.com post: Tornado Shelter http://danakin.com/?p=199,1970-01-01 00:00:00.000040664,1,Chennai,1970-01-01,['shelter'],new danakincom post tornado shelter
233,"OK. report: Henryetta you're in direct line with reported Tornado coming past Weleeka, minutes out!!! seek shelter!!!",1970-01-01 00:00:00.000040664,1,Delhi,1970-01-01,['shelter'],ok report henryetta youre direct line reported tornado coming past weleeka minutes out seek shelter
234,Who brought French fries into tornado shelter w/o enough to share? #cruel,1970-01-01 00:00:00.000040664,1,Bangalore,1970-01-01,['shelter'],who brought french fries tornado shelter wo enough share
235,"PEOPLE IN MEMPHIS (SHELBY COUNTY AREA): YALL ARE UNDER A TORNADO WARNING, SEEK SHELTER DUMB ASSES!",1970-01-01 00:00:00.000040664,1,Mumbai,1970-01-01,['shelter'],people memphis shelby county area yall tornado warning seek shelter dumb asses
236,Wolfchase Mall on lockdown for tornado. The backroom reminds me of air raid shelter in Croatia. 15 yrs in Mem. First time like this!,1970-01-01 00:00:00.000040664,1,Chennai,1970-01-01,['shelter'],wolfchase mall lockdown tornado backroom reminds me air raid shelter croatia yrs mem first time like this
238,"If you in the areas near Union, Poplar, Southern, Central, Lamar, Park, etc... Take shelter, there is a chance for a serious tornado or rain",1970-01-01 00:00:00.000040664,1,Hyderabad,1970-01-01,['shelter'],if you areas near union poplar southern central lamar park etc take shelter chance serious tornado rain
243,"Dey tellin us 2 seek shelter smh,mane I sho will b glad wen dis tornado shit ova wit",1970-01-01 00:00:00.000040664,1,Bangalore,1970-01-01,['shelter'],dey tellin us seek shelter smhmane i sho b glad wen dis tornado shit ova wit
244,Near Millington taking shelter until tornado warning expires.,1970-01-01 00:00:00.000040664,1,Hyderabad,1970-01-01,['shelter'],near millington taking shelter until tornado warning expires
270,"Tornado Survivors Find Shelter: For many in tornado-ravaged Tuscaloosa, Alabama, this Red Cross shelter in a com... http://bit.ly/l1g0hI",1970-01-01 00:00:00.000040664,0,Mumbai,1970-01-01,['shelter'],tornado survivors find shelter many tornadoravaged tuscaloosa alabama this red cross shelter com
271,Incredible story! RT @danelle: a family i met @redcross shelter who were sucked into tornado & lived to tell! http://tinyurl.com/435znfm,1970-01-01 00:00:00.000040664,1,Mumbai,1970-01-01,['shelter'],incredible story rt family i met shelter who sucked tornado lived tell
273,@MotherEarthNews Right now #tornado survivors don't have a toilet to flush. Need $$ and fast. Need shelter. Rain coming. Help raise $$,1970-01-01 00:00:00.000040664,1,Bangalore,1970-01-01,['shelter'],right now survivors dont have toilet flush need fast need shelter rain coming help raise
275,"I wonder how many AL tornado victims r #teaparty members who want the fed govt to stay out, not help provide water, shelter, etc.",1970-01-01 00:00:00.000040664,0,Chennai,1970-01-01,"['water', 'shelter']",i wonder how many al tornado victims r members who want fed govt stay out help provide water shelter etc
277,"#News Tornado Survivors Find Shelter: For many in tornado-ravaged Tuscaloosa, Alabama, this Red Cross shelter in... http://bit.ly/iJBP0L",1970-01-01 00:00:00.000040664,0,Mumbai,1970-01-01,['shelter'],tornado survivors find shelter many tornadoravaged tuscaloosa alabama this red cross shelter
283,Tornado Survivors Find Shelter With Red Cross (Wall Street Journal): For many in tornado‚Ä¶ http://bit.ly/g19nEZ,1970-01-01 00:00:00.000040664,0,Kolkata,1970-01-01,['shelter'],tornado survivors find shelter red cross wall street journal many tornado
284,"ALABAMA:Couple Survives Tornado in a Below Ground Shelter Built for $ 600 USD; House Completely Destroyed
http://reut.rs/iXWsNP #alwx",1970-01-01 00:00:00.000040664,1,Kolkata,1970-01-01,['shelter'],alabamacouple survives tornado below ground shelter built usd house completely destroyed
285,Wayside Waifs Shelter has the first of many animal adoptions from the tornado area,1970-01-01 00:00:00.000040664,0,Kolkata,1970-01-01,['shelter'],wayside waifs shelter has first many animal adoptions tornado area
289,#fact The best place to find shelter during a tornado is in a room without windows and doors.,1970-01-01 00:00:00.000040664,1,Bangalore,1970-01-01,['shelter'],best place find shelter during tornado room without windows doors
294,latest dish news: Salem Animal Shelter Rescues Dogs From Tornado Areas In South ...: A Massachuset... http://bit.ly/iDmNCY uought2badog2,1970-01-01 00:00:00.000040664,0,Bangalore,1970-01-01,['shelter'],latest dish news salem animal shelter rescues dogs tornado areas south massachuset uoughtbadog
298,Ready to see God show up at the Belk Shelter with the tornado survivors. #WeAreAlabama #WeWillRiseAgain #TeamTuscaloosa,1970-01-01 00:00:00.000040664,0,Mumbai,1970-01-01,['shelter'],ready see god show belk shelter tornado survivors
301,Shelter info and Google sat images and other Google resources #alwx http://goo.gl/v7lIg Alabama tornado,1970-01-01 00:00:00.000040664,0,Chennai,1970-01-01,['shelter'],shelter info google sat images google resources alabama tornado
302,I guess I might as well decorate the inside of our tornado shelter seeing how much time we spend in here lately.,1970-01-01 00:00:00.000040664,1,Delhi,1970-01-01,['shelter'],i guess i might as well decorate inside our tornado shelter seeing how much time we spend lately
303,RT @LivingSafely: NWS issues Tornado Warning for parts of #LA. Seek strong shelter now if at risk: http://ow.ly/4p9AD,1970-01-01 00:00:00.000040664,1,Chennai,1970-01-01,['shelter'],rt nws issues tornado warning parts seek strong shelter now if risk
305,US/Silver Spring: NWS issues Tornado Warning for parts of #LA. Seek strong shelter now if at risk: http://ow.ly/4Kvyz,1970-01-01 00:00:00.000040664,1,Chennai,1970-01-01,['shelter'],ussilver spring nws issues tornado warning parts seek strong shelter now if risk
307,"Tornado's cute, furry refugees come to New England via Northeast Animal Shelter http://www.necn.com/04/30/11/Tornados-cute-furry-refugees-come-to-New/landing_homeandfamily.html?blockID=514146&feedID=8368¬†‚Ä¶",1970-01-01 00:00:00.000040664,1,Bangalore,1970-01-01,['shelter'],tornados cute furry refugees come new england via northeast animal shelter
310,"RT @CyberComm: People near and just west of Lone Star, TX should seek shelter from possible tornado",1970-01-01 00:00:00.000040664,1,Delhi,1970-01-01,['shelter'],rt people near west lone star tx should seek shelter possible tornado
313,"People near and just west of Lone Star, TX should seek shelter from possible tornado",1970-01-01 00:00:00.000040664,1,Kolkata,1970-01-01,['shelter'],people near west lone star tx should seek shelter possible tornado
314,"Lone Star, #Texas confirmed #tornado heading your way. Seek shelter! #TXWX Follow 4 updates.",1970-01-01 00:00:00.000040664,1,Hyderabad,1970-01-01,['shelter'],lone star confirmed heading your way seek shelter follow updates
315,RT @LivingSafely: NWS issues Tornado Warning for parts of #TX. Seek strong shelter now if at risk: http://ow.ly/4p9AD,1970-01-01 00:00:00.000040664,1,Chennai,1970-01-01,['shelter'],rt nws issues tornado warning parts seek strong shelter now if risk
318,US/Silver Spring: NWS issues Tornado Warning for parts of #TX. Seek strong shelter now if at risk: http://ow.ly/4KuCC,1970-01-01 00:00:00.000040664,1,Chennai,1970-01-01,['shelter'],ussilver spring nws issues tornado warning parts seek strong shelter now if risk
319,"@djericj We'll it's a automated voice that goes ""TORNADO WARNING SEEK SHELTER NOW""...not sure how much that helps..maybe in the overnight..",1970-01-01 00:00:00.000040664,1,Hyderabad,1970-01-01,['shelter'],well its automated voice that goes tornado warning seek shelter nownot sure how much that helpsmaybe overnight
320,"In Tornado Zone, Many Ask, 'How Can We Help?': Outside an emergency shelter in Tuscaloosa, Ala., volunteers from... http://bit.ly/k4WjZZ",1970-01-01 00:00:00.000040664,1,Mumbai,1970-01-01,['shelter'],tornado zone many ask how we help outside emergency shelter tuscaloosa ala volunteers
323,@mariodacat After he helped in tornado hit a few weeks ago he's planning to build a concrete shelter.,1970-01-01 00:00:00.000040664,0,Delhi,1970-01-01,['shelter'],he helped tornado hit weeks ago hes planning build concrete shelter
331,"Wood county, #Texas is under a #tornado warning. Cell is capable of producing a tornado. Seek Shelter! #TXWX Follow 4 updates.",1970-01-01 00:00:00.000040664,1,Mumbai,1970-01-01,['shelter'],wood county warning cell capable producing tornado seek shelter follow updates
332,tornado sirens going off again. I'm debating whether to take shelter or not...I just really have to finish this essay...,1970-01-01 00:00:00.000040664,1,Delhi,1970-01-01,['shelter'],tornado sirens going off im debating whether take shelter noti really have finish this essay
338,Arkansas tornado refugee dogs  are @ Northeast Animal Shelter in #Salem MA.  Available for adoption on Monday. #Gloucester MA,1970-01-01 00:00:00.000040663,1,Chennai,1970-01-01,['shelter'],arkansas tornado refugee dogs northeast animal shelter ma available adoption monday ma
352,=@reedtimmerTVN Smithville NEEDS EVERYTHING. a town TORNADO shelter for the future would be awesome.,1970-01-01 00:00:00.000040663,0,Kolkata,1970-01-01,['shelter'],smithville needs everything town tornado shelter future would be awesome
382,"So when Japan had the tsunami & Haiti the earthquake, my feed was full of redcross/shelter house info. Where's the tornado support?",1970-01-01 00:00:00.000040663,1,Delhi,1970-01-01,['shelter'],when japan had tsunami haiti earthquake my feed full redcrossshelter house info wheres tornado support
390,"http://www.cwcga.org/index2.html #Tornado Hit Women's Shelter/Safehouse It's preachy, But they've helped a lot of ppl @cspanwj @nprnews @AP",1970-01-01 00:00:00.000040663,0,Kolkata,1970-01-01,['shelter'],hit womens sheltersafehouse its preachy but theyve helped lot ppl
393,WZTV FOX 17 :: Newsroom - Top Stories - Tornado Shelter Protects Family - John Dunn http://fb.me/MzU5cnvL,1970-01-01 00:00:00.000040663,1,Kolkata,1970-01-01,['shelter'],wztv fox newsroom top stories tornado shelter protects family john dunn
394,today i volunteered at the belk center shelter for the tornado victims tommorrow im helping redcross,1970-01-01 00:00:00.000040663,0,Kolkata,1970-01-01,['shelter'],today i volunteered belk center shelter tornado victims tommorrow im helping redcross
399,does weather news cry wolf too often? #tornado not enuf found good shelter.,1970-01-01 00:00:00.000040663,1,Mumbai,1970-01-01,['shelter'],does weather news cry wolf often enuf found good shelter
404,Unbelievable story on CNN about the tornado. Man tethered his dogs to him and went to bath tub for shelter. (cont) http://tl.gd/a5pq4r,1970-01-01 00:00:00.000040663,1,Mumbai,1970-01-01,['shelter'],unbelievable story cnn tornado man tethered his dogs him went bath tub shelter cont
412,"Tuscaloosa tornado: Alabama coach Nick Saban visits Red Cross shelter: (Press-Register/Izzy Gould, Tuscaloosa Bu... http://bit.ly/lcKytx",1970-01-01 00:00:00.000040663,0,Chennai,1970-01-01,['shelter'],tuscaloosa tornado alabama coach nick saban visits red cross shelter pressregisterizzy gould tuscaloosa bu
414,Tornado Shelter Protects Family - John Dunn: It is a small room made of steel.Tornado shelters are becoming a po... http://bit.ly/jWHSDO,1970-01-01 00:00:00.000040663,1,Hyderabad,1970-01-01,['shelter'],tornado shelter protects family john dunn it small room made steeltornado shelters becoming po
417,"Watch:  Tornado Survivors Search for Shelter: After the devastating storms, thousands are homeless.

... http://bit.ly/jjoz5p (ABC)",1970-01-01 00:00:00.000040663,1,Bangalore,1970-01-01,['shelter'],watch tornado survivors search shelter devastating storms thousands homeless abc
432,"Tuscaloosa tornado: Alabama coach Nick Saban visits Red Cross shelter: Coach, his wife, Terry, and other athleti... http://bit.ly/iZOw4E",1970-01-01 00:00:00.000040663,0,Hyderabad,1970-01-01,['shelter'],tuscaloosa tornado alabama coach nick saban visits red cross shelter coach his wife terry athleti
433,"Tuscaloosa tornado: Alabama coach Nick Saban visits Red Cross shelter: Coach, his wife, Terry, and other athleti... http://bit.ly/m34fYq",1970-01-01 00:00:00.000040663,0,Kolkata,1970-01-01,['shelter'],tuscaloosa tornado alabama coach nick saban visits red cross shelter coach his wife terry athleti
438,"Watch:  Tornado Survivors Search for Shelter: After the devastating storms, thousands are homeless.

 http://bit.ly/mA3azS",1970-01-01 00:00:00.000040663,1,Chennai,1970-01-01,['shelter'],watch tornado survivors search shelter devastating storms thousands homeless
439,"ABCNews : Watch:  Tornado Survivors Search for Shelter: After the devastating storms, thousands are homeless.
  ... http://bit.ly/jjoz5p",1970-01-01 00:00:00.000040663,1,Kolkata,1970-01-01,['shelter'],abcnews watch tornado survivors search shelter devastating storms thousands homeless
440,"Watch:  Tornado Survivors Search for Shelter: After the devastating storms, thousands are homel... http://brk.bz/jH7R04 #ABCNetwork #BRK",1970-01-01 00:00:00.000040663,1,Kolkata,1970-01-01,['shelter'],watch tornado survivors search shelter devastating storms thousands homel
441,"#News #ABCNews Watch:  Tornado Survivors Search for Shelter: After the devastating storms, thousand... http://bit.ly/l0Ff5n #ABC #USNews",1970-01-01 00:00:00.000040663,1,Chennai,1970-01-01,['shelter'],watch tornado survivors search shelter devastating storms thousand
442,"Watch:  Tornado Survivors Search for Shelter: After the devastating storms, thousands are homeless.
... http://bit.ly/mSb1az ABCNews.com",1970-01-01 00:00:00.000040663,1,Kolkata,1970-01-01,['shelter'],watch tornado survivors search shelter devastating storms thousands homeless abcnewscom
445,"ABC News: Video > Tornado Survivors Search for Shelter: After the devastating storms, thousands are homeless.
	... http://abcn.ws/kGSdCC",1970-01-01 00:00:00.000040663,1,Hyderabad,1970-01-01,['shelter'],abc news video tornado survivors search shelter devastating storms thousands homeless
448,RT info4pets - Shelter Takes In Pets From Tornado-Damaged City: http://bit.ly/kmOiHW  That's great news. Pets and People hurt by tornado.,1970-01-01 00:00:00.000040662,0,Delhi,1970-01-01,['shelter'],rt infopets shelter takes pets tornadodamaged city thats great news pets people hurt tornado
456,"Tornado Survivors Search for Shelter (ABC News): After the devastating storms, thousands are homeless.

Sh... http://feedzil.la/j1sTrO",1970-01-01 00:00:00.000040662,1,Mumbai,1970-01-01,['shelter'],tornado survivors search shelter abc news devastating storms thousands homeless sh
487,Tornado survivors followed basic rules and are alive now to talk about it...seek shelter in an internal room and hunker down low!,1970-01-01 00:00:00.000040662,1,Chennai,1970-01-01,['shelter'],tornado survivors followed basic rules alive now talk itseek shelter internal room hunker down low
489,"And the first thing they want us to do in a tornado warning is ""put away valuable papers"" then get to shelter. Company first, safety second!",1970-01-01 00:00:00.000040662,1,Hyderabad,1970-01-01,['shelter'],first thing they want us do tornado warning put away valuable papers get shelter company first safety second
490,"RT @TopekaMetroKDOT: True or False? In a tornado, take shelter under an overpass. FALSE! http://1.usa.gov/9zaKSR #ksstorms `Not Comforting",1970-01-01 00:00:00.000040662,1,Kolkata,1970-01-01,['shelter'],rt true false tornado take shelter overpass false comforting
492,Grew up in tornado alley.  Wish my mother in Omaha had a basement.  Do condo rules permit me to dig a storm shelter right outside?,1970-01-01 00:00:00.000040662,1,Chennai,1970-01-01,['shelter'],grew tornado alley wish my mother omaha had basement do condo rules permit me dig storm shelter right outside
493,She really just ask why is somebody taking a bath during a tornado? #idiot there taking shelter 2  be safe!!,1970-01-01 00:00:00.000040662,1,Bangalore,1970-01-01,['shelter'],she really ask why somebody taking bath during tornado taking shelter be safe
494,A small relief- my friend's family has been found in a shelter. They escaped the tornado in time. A small blessing in comparison.,1970-01-01 00:00:00.000040662,0,Chennai,1970-01-01,['shelter'],small relief my friends family has been found shelter they escaped tornado time small blessing comparison
501,Holy cow! WHY IS THIS PERSON NOT SEEKING SHELTER?! Amateur video from the Tuscaloosa tornado - from The Daily: http://bit.ly/jDmnP9,1970-01-01 00:00:00.000040662,1,Mumbai,1970-01-01,['shelter'],holy cow why this person seeking shelter amateur video tuscaloosa tornado daily
503,"I have an idea for a Tornado shelter for apartments, it's a bathtub with a pulldown shell that locks into place on top of it and you inside.",1970-01-01 00:00:00.000040662,0,Hyderabad,1970-01-01,['shelter'],i have idea tornado shelter apartments its bathtub pulldown shell that locks place top it you inside
505,"In tornado aftermath, many seek spiritual shelter in prayer ... http://aarp.us/jfsSGg",1970-01-01 00:00:00.000040662,1,Delhi,1970-01-01,['shelter'],tornado aftermath many seek spiritual shelter prayer
506,Middletown company makes safe tornado shelter http://hamilton-middletown.fox19.com/news/news/middletown-company-makes-safe-tornado-shelter/68687¬†‚Ä¶,1970-01-01 00:00:00.000040662,0,Hyderabad,1970-01-01,['shelter'],middletown company makes safe tornado shelter
507,Proud if Eastwood students organizing collections for Eclectic Shelter to help tornado victims,1970-01-01 00:00:00.000040662,0,Delhi,1970-01-01,['shelter'],proud if eastwood students organizing collections eclectic shelter help tornado victims
509,"Tornado safety  In the open outdoors: If possible, seek shelter/if not, lie flat and face-down on low ground, protect the back of your head",1970-01-01 00:00:00.000040662,1,Chennai,1970-01-01,['shelter'],tornado safety open outdoors if possible seek shelterif lie flat facedown low ground protect back your head
512,"@aarp In tornado aftermath, many seek spiritual shelter in prayer ...: In tornado aftermath, many seek spiritua... http://aarp.us/jfsSGg",1970-01-01 00:00:00.000040662,1,Kolkata,1970-01-01,['shelter'],tornado aftermath many seek spiritual shelter prayer tornado aftermath many seek spiritua
519,Gary Cannalte Gives Insight Into Tornado Outbreak In South: Outside of a concrete steel-reinforced storm shelter... http://bit.ly/llHoMW,1970-01-01 00:00:00.000040662,1,Chennai,1970-01-01,['shelter'],gary cannalte gives insight tornado outbreak south outside concrete steelreinforced storm shelter
521,Heartfelt sympathy for tornado victims families across the south. Thoughts & prayers going out to those who have lost shelter & loved ones.,1970-01-01 00:00:00.000040662,1,Mumbai,1970-01-01,['shelter'],heartfelt sympathy tornado victims families across south thoughts prayers going out those who have lost shelter loved ones
522,"From FOX19.com: Middletown company makes safe tornado shelter: When severe weather hits, there are many families... http://bit.ly/l7kE1o",1970-01-01 00:00:00.000040662,0,Mumbai,1970-01-01,['shelter'],foxcom middletown company makes safe tornado shelter when severe weather hits many families
524,Tornado safety: FEMA 320 - Taking Shelter From the Storm: Building a Safe Room For Your Home or Small Business http://ow.ly/4JqLx,1970-01-01 00:00:00.000040662,0,Bangalore,1970-01-01,['shelter'],tornado safety fema taking shelter storm building safe room your home small business
529,"Tornado = dont stand at window, dont go to grocery store, get in a place no windows and good shelter",1970-01-01 00:00:00.000040662,0,Delhi,1970-01-01,['shelter'],tornado dont stand window dont go grocery store get place windows good shelter
533,@Kentuckyweather Is usual protocol 4 schools to take shelter during tornado warning?& sirens sound for warnings?Is it upTo county 2 decide?,1970-01-01 00:00:00.000040662,1,Mumbai,1970-01-01,['shelter'],usual protocol schools take shelter during tornado warning sirens sound warningsis it upto county decide
539,"Dallas Native Killed by Alabama Tornado: She apparently tried to take shelter from the storm with her boyfriend,... http://bit.ly/mfN8KM",1970-01-01 00:00:00.000040662,1,Kolkata,1970-01-01,['shelter'],dallas native killed alabama tornado she apparently tried take shelter storm her boyfriend
542,#tornado went right over community shelter everyone safe. http://twitpic.com/4qqknd¬†,1970-01-01 00:00:00.000040662,1,Hyderabad,1970-01-01,['shelter'],went right community shelter everyone safe
547,"@where_im_at We can't begin to fathom force of a tornado. For the many w/shelter intact - but no utilities, etc. more supplies = better. ^BH",1970-01-01 00:00:00.000040662,1,Delhi,1970-01-01,['shelter'],we cant begin fathom force tornado many wshelter intact but utilities etc supplies better bh
562,"RT @faith_reason: In tornado aftermath, many seek spiritual shelter in prayer http://usat.ly/mfur4U",1970-01-01 00:00:00.000040662,1,Bangalore,1970-01-01,['shelter'],rt tornado aftermath many seek spiritual shelter prayer
569,Tornado Warning for Little Rock and Metro area. Seek shelter now,1970-01-01 00:00:00.000040658,1,Mumbai,1970-01-01,['shelter'],tornado warning little rock metro area seek shelter now
570,chilling in torreyson tornado shelter...been in here for hours.. #hungry #readytogetout #goawaytornado,1970-01-01 00:00:00.000040658,1,Bangalore,1970-01-01,['shelter'],chilling torreyson tornado shelterbeen hours
574,You know you're friends when you leave a safe shelter to get Wendy's in the middle of a tornado. @karanichole28,1970-01-01 00:00:00.000040658,0,Chennai,1970-01-01,['shelter'],you know youre friends when you leave safe shelter get wendys middle tornado
579,**TORNADO WARNING** in effect until the top of the hour for Anderson county.  Seek shelter if you live in or near Palestine.,1970-01-01 00:00:00.000040658,1,Mumbai,1970-01-01,['shelter'],tornado warning effect until top hour anderson county seek shelter if you live near palestine
580,Brandon992: Attention. Attention. This is a tornado warning. This is a tornado warning. Please seek safe shelter immediately.,1970-01-01 00:00:00.000040658,1,Chennai,1970-01-01,['shelter'],brandon attention attention this tornado warning this tornado warning please seek safe shelter immediately
581,"Paron, @ed_buckner says seek shelter. Confirmed tornado headed your way... #arwx",1970-01-01 00:00:00.000040658,1,Delhi,1970-01-01,['shelter'],paron says seek shelter confirmed tornado headed your way
582,Rain wrapped tornado possible south of downtown Hot Springs...seek shelter now. #ARWX,1970-01-01 00:00:00.000040658,1,Bangalore,1970-01-01,['shelter'],rain wrapped tornado possible south downtown hot springsseek shelter now
584,Down in the shelter. Prayn that a tornado dnt hit us.,1970-01-01 00:00:00.000040658,1,Bangalore,1970-01-01,['shelter'],down shelter prayn that tornado dnt hit us
586,@TheAbeSmith they're talking about tornado warning and to take shelter. ;-),1970-01-01 00:00:00.000040658,0,Delhi,1970-01-01,['shelter'],theyre talking tornado warning take shelter
587,Best spots for Tornado shelter: downstairs center part of home put as many walls between you and the outside walls. Do NOT try to take a pic,1970-01-01 00:00:00.000040658,1,Bangalore,1970-01-01,['shelter'],best spots tornado shelter downstairs center part home put as many walls between you outside walls do try take pic
609,"Greatest rotation near Royal, AR again just west of Hot Springs, AR.  You should be in your tornado shelter.  #ARwx",1970-01-01 00:00:00.000040658,1,Bangalore,1970-01-01,['shelter'],greatest rotation near royal ar west hot springs ar you should be your tornado shelter
610,"Time to seek shelter, tornado sirens going off =/",1970-01-01 00:00:00.000040658,1,Mumbai,1970-01-01,['shelter'],time seek shelter tornado sirens going off
612,Hot Springs Village in Arkansas your are under a #Tornado warning. Seek shelter now.,1970-01-01 00:00:00.000040658,1,Hyderabad,1970-01-01,['shelter'],hot springs village arkansas your warning seek shelter now
616,"Okay so there is a tornado and it's estimated to arrive in Conway in 20mins. Everyone, TAKE SHELTER!!!!",1970-01-01 00:00:00.000040658,1,Kolkata,1970-01-01,['shelter'],okay tornado its estimated arrive conway mins everyone take shelter
617,"Ok, so this season needs to pass like um, now! Tornado expected to hit Conway in about 10 minutes-SEEK SHELTER NOW!! #fb",1970-01-01 00:00:00.000040658,1,Delhi,1970-01-01,['shelter'],ok this season needs pass like um now tornado expected hit conway minutesseek shelter now
620,Having crazy weather here tonight. Everyone down in the library since we're the tornado shelter. Maybe I'll make it home eventually lol.,1970-01-01 00:00:00.000040658,1,Kolkata,1970-01-01,['shelter'],having crazy weather tonight everyone down library since tornado shelter maybe ill make it home eventually lol
623,Rochester seek shelter now! Very dangerous storm with possible tornado moving in. #kywx,1970-01-01 00:00:00.000040658,1,Kolkata,1970-01-01,['shelter'],rochester seek shelter now dangerous storm possible tornado moving
625,A Tornado Warning has been issued for Sharp County and Fulton County. Please take shelter immediately.,1970-01-01 00:00:00.000040658,1,Mumbai,1970-01-01,['shelter'],tornado warning has been issued sharp county fulton county please take shelter immediately
627,=@bagsnob i have been running to a storm shelter while roof of the house was being sucked off by a tornado... i take them seriously.,1970-01-01 00:00:00.000040658,1,Chennai,1970-01-01,['shelter'],i have been running storm shelter while roof house being sucked off tornado i take them seriously
628,"Our Navarro Disaster Action Team in Navarro County, TX is taking shelter. If you're in that area, so should you! Tornado Warning!",1970-01-01 00:00:00.000040658,1,Chennai,1970-01-01,['shelter'],our navarro disaster action team navarro county tx taking shelter if youre that area should you tornado warning
629,"RT‚Äú@todaysthv: Secondary part of storm in Stone Co. now tornado warned. Seek shelter if you live in Hanover, Prim and Cushman. #ARWX‚Äù",1970-01-01 00:00:00.000040658,1,Mumbai,1970-01-01,['shelter'],rt secondary part storm stone co now tornado warned seek shelter if you live hanover prim cushman
630,"Secondary part of storm in Stone Co. now tornado warned. Seek shelter if you live in Hanover, Prim and Cushman. #ARWX",1970-01-01 00:00:00.000040658,1,Hyderabad,1970-01-01,['shelter'],secondary part storm stone co now tornado warned seek shelter if you live hanover prim cushman
632,"But wow, tornado warning for three counties south of us - seek shelter !",1970-01-01 00:00:00.000040658,1,Mumbai,1970-01-01,['shelter'],but wow tornado warning three counties south us seek shelter
633,RT @moewx: A tornado has been CONFIRMED On the ground in Christian Co [KY] Take Shelter IMMEDIATELY #KYwx,1970-01-01 00:00:00.000040658,1,Bangalore,1970-01-01,['shelter'],rt tornado has been confirmed ground christian co ky take shelter immediately
634,"Itasca: Get to a safe room in your home. Tight rotation coming right for you. No tornado reports yet, but it could produce one. Take shelter",1970-01-01 00:00:00.000040658,1,Chennai,1970-01-01,['shelter'],itasca get safe room your home tight rotation coming right you tornado reports yet but it could produce one take shelter
637,A tornado has been CONFIRMED On the ground in Christian Co [KY] Take Shelter IMMEDIATELY #KYwx,1970-01-01 00:00:00.000040658,1,Bangalore,1970-01-01,['shelter'],tornado has been confirmed ground christian co ky take shelter immediately
641,"NWS issues Tornado Warning for  Fulton, Independence, Izard, Sharp, Stone [AR] till 4:15 PM #arwx SEEK SHELTER!",1970-01-01 00:00:00.000040658,1,Kolkata,1970-01-01,['shelter'],nws issues tornado warning fulton independence izard sharp stone ar till pm seek shelter
642,We have warnings high & low! We were told to seek shelter from a tornado but cant bc our basement is flooding w/ water. #needingahappymedian,1970-01-01 00:00:00.000040658,1,Chennai,1970-01-01,"['water', 'shelter']",we have warnings high low we told seek shelter tornado but cant bc our basement flooding w water
643,This is a very dangerous situation!  Residents of Northern Rusk County need to take shelter NOW!  #TORNADO EMERGENCY,1970-01-01 00:00:00.000040658,1,Hyderabad,1970-01-01,['shelter'],this dangerous situation residents northern rusk county need take shelter now emergency
644,Greattttttttt.....tornado shelter drill....hope my car is ok....,1970-01-01 00:00:00.000040658,0,Bangalore,1970-01-01,['shelter'],greattttttttttornado shelter drillhope my car ok
650,Tornado warning at UNT. Please find a safe shelter to go to. Better safe than sorry.,1970-01-01 00:00:00.000040658,1,Hyderabad,1970-01-01,['shelter'],tornado warning unt please find safe shelter go better safe sorry
651,RT @Kentuckyweather: If you live in or near Cadiz and Canton in western Ky... SEEK SHELTER NOW. Possible tornado heading your way.,1970-01-01 00:00:00.000040658,1,Hyderabad,1970-01-01,['shelter'],rt if you live near cadiz canton western ky seek shelter now possible tornado heading your way
652,Under tornado and severe thunderstorm watch! UGH! It looks so ugly outside. I hope i dont have to run to a storm shelter with the kids,1970-01-01 00:00:00.000040658,1,Bangalore,1970-01-01,['shelter'],tornado severe thunderstorm watch ugh it looks ugly outside i hope i dont have run storm shelter kids
653,If you live in or near Cadiz and Canton in western Ky... SEEK SHELTER NOW. Possible tornado heading your way.,1970-01-01 00:00:00.000040658,1,Hyderabad,1970-01-01,['shelter'],if you live near cadiz canton western ky seek shelter now possible tornado heading your way
663,Wen my mom and i walked outside to listen to the tornado(storm) alarm we only heard take shelter...i offically hate this weather!,1970-01-01 00:00:00.000040658,1,Delhi,1970-01-01,['shelter'],wen my mom i walked outside listen tornadostorm alarm we heard take shelteri offically hate this weather
664,Rotation is impressive near Polk County.  Opal and Big Fork need to take shelter in case a tornado touches down.  #ARwx,1970-01-01 00:00:00.000040658,0,Kolkata,1970-01-01,['shelter'],rotation impressive near polk county opal big fork need take shelter case tornado touches down
665,Alive and kicking. Gotta hate tornado watch /shelter drills. 70 people in one office...ugh. (@ Nike Shelby Apparel DC) http://4sq.com/hdfCGy,1970-01-01 00:00:00.000040658,0,Chennai,1970-01-01,['shelter'],alive kicking gotta hate tornado watch shelter drills people one officeugh nike shelby apparel dc
666,A tornado warning. Once again my tornado shelter is welcome to anyone that needs it.,1970-01-01 00:00:00.000040658,1,Delhi,1970-01-01,['shelter'],tornado warning my tornado shelter welcome anyone that needs it
668,"@bmyangelval At first I read that part as ""Seek shelter in a pervert""... I'd rather get blown away by a tornado, thankyouverymuch.",1970-01-01 00:00:00.000040658,1,Delhi,1970-01-01,['shelter'],first i read that part as seek shelter pervert id rather get blown away tornado thankyouverymuch
669,The news says abandon your homes and find shelter in a ditch. Oh sorry mobile homes. Or as they're known in the South Tornado Magnets.,1970-01-01 00:00:00.000040658,1,Bangalore,1970-01-01,['shelter'],news says abandon your homes find shelter ditch oh sorry mobile homes as theyre known south tornado magnets
671,"tornado proverb: ""certainly now is the time to seek shelter""",1970-01-01 00:00:00.000040658,1,Chennai,1970-01-01,['shelter'],tornado proverb certainly now time seek shelter
674,Possible tornado near Fayetteville AR. seek shelter if living in this area!!!,1970-01-01 00:00:00.000040658,1,Bangalore,1970-01-01,['shelter'],possible tornado near fayetteville ar seek shelter if living this area
675,SEEK SHELTER IN A STRONG BUILDING AWAY FROM WINDOWS UNTIL THE STORM HAS PASSED. A TORNADO WATCH REMAINS IN EFFECT UNTIL 600 PM.,1970-01-01 00:00:00.000040658,1,Chennai,1970-01-01,['shelter'],seek shelter strong building away windows until storm has passed tornado watch remains effect until pm
676,=@the_gorgeous001 you better find shelter for that TORNADO suck yo ass up haha,1970-01-01 00:00:00.000040658,0,Mumbai,1970-01-01,['shelter'],you better find shelter that tornado suck yo ass haha
678,Tornado has touched down near hacks cross.. seek shelter.. God is in control.,1970-01-01 00:00:00.000040658,0,Delhi,1970-01-01,['shelter'],tornado has touched down near hacks cross seek shelter god control
681,"=@shopaholicmegan sylvester is in his TORNADO shelter. he said apple can come down, but miss p Will have to wait outside.",1970-01-01 00:00:00.000040658,1,Bangalore,1970-01-01,['shelter'],sylvester his tornado shelter he said apple come down but miss p have wait outside
682,Tornado activity & WE IN THIS DAMN HALL. We need a better shelter in place area.,1970-01-01 00:00:00.000040658,1,Hyderabad,1970-01-01,['shelter'],tornado activity we this damn hall we need better shelter place area
685,‚Äú@uofmemphis: UofM Alert :: UofM Alert: Tornado warning for Shelby County. Seek shelter immediately!‚Äùno class right lol,1970-01-01 00:00:00.000040658,1,Kolkata,1970-01-01,['shelter'],uofm alert uofm alert tornado warning shelby county seek shelter immediatelyno class right lol
690,Everyday there is a severe t-storm and a Tornado watch...and hail that won't let you sleep. I need a bomb shelter plz.,1970-01-01 00:00:00.000040658,1,Kolkata,1970-01-01,['shelter'],everyday severe tstorm tornado watchand hail that wont let you sleep i need bomb shelter plz
698,Every time it storms this bad I am reminded that I need a tornado shelter / safe room.,1970-01-01 00:00:00.000040658,1,Kolkata,1970-01-01,['shelter'],every time it storms this bad i am reminded that i need tornado shelter safe room
699,Fuck you tornado warning! I have no viable shelter and will be ignoring you as usual. #tornado,1970-01-01 00:00:00.000040658,1,Kolkata,1970-01-01,['shelter'],fuck you tornado warning i have viable shelter be ignoring you as usual
701,But if you think about To To got her into the mess because he chased the neighbors cat so Dorothy ran away&missed tornado shelter:),1970-01-01 00:00:00.000040658,0,Chennai,1970-01-01,['shelter'],but if you think got her mess because he chased neighbors cat dorothy ran awaymissed tornado shelter
703,"=@seanbuckley must be nice, i might be wishing We had a TORNADO shelter soon.",1970-01-01 00:00:00.000040658,0,Delhi,1970-01-01,['shelter'],must be nice i might be wishing we had tornado shelter soon
705,"RT @LivingSafely: NWS issues Tornado Warning for parts of #AR, #TX, #WV. Seek strong shelter now if at risk: http://ow.ly/4p9AD",1970-01-01 00:00:00.000040658,1,Hyderabad,1970-01-01,['shelter'],rt nws issues tornado warning parts seek strong shelter now if risk
707,"US/Silver Spring: NWS issues Tornado Warning for parts of #AR, #TX, #WV. Seek strong shelter now if at risk: http://ow.ly/4G3dY",1970-01-01 00:00:00.000040658,1,Delhi,1970-01-01,['shelter'],ussilver spring nws issues tornado warning parts seek strong shelter now if risk
709,"Tornado is coming!! Video outside my house!! ""take shelter"" blasted over emergency alarm system  http://twitvid.com/NC5LT",1970-01-01 00:00:00.000040658,1,Bangalore,1970-01-01,['shelter'],tornado coming video outside my house take shelter blasted emergency alarm system
715,Decatur VERY STRONG SIGNS OF A TORNADO GO SHELTER NOW,1970-01-01 00:00:00.000040656,1,Mumbai,1970-01-01,['shelter'],decatur strong signs tornado go shelter now
716,RT @CBS11Larry: Tornado signature heading right over Decatur.  Take shelter now if you are in Decatur.,1970-01-01 00:00:00.000040656,1,Hyderabad,1970-01-01,['shelter'],rt tornado signature heading right decatur take shelter now if you decatur
717,Tornado signature heading right over Decatur.  Take shelter now if you are in Decatur.,1970-01-01 00:00:00.000040656,1,Chennai,1970-01-01,['shelter'],tornado signature heading right decatur take shelter now if you decatur
718,Possible Tornado along Hwy 380 moving NE at 20mph toward Decatur in Wise County. Take shelter immediately.,1970-01-01 00:00:00.000040656,1,Delhi,1970-01-01,['shelter'],possible tornado along hwy moving ne mph toward decatur wise county take shelter immediately
719,"=@duchesscrabtree Dat hat-TORNADO-shelter is good idea. Den, i can go out an pee when TORNADO coming.",1970-01-01 00:00:00.000040656,1,Kolkata,1970-01-01,['shelter'],dat hattornadoshelter good idea den i go out pee when tornado coming
721,RT @LivingSafely: NWS issues Tornado Warning for parts of #TX Seek strong shelter now if at risk: http://ow.ly/4p9AD,1970-01-01 00:00:00.000040656,1,Hyderabad,1970-01-01,['shelter'],rt nws issues tornado warning parts seek strong shelter now if risk
722,US/Silver Spring: NWS issues Tornado Warning for parts of #TX. Seek strong shelter now if at risk: http://ow.ly/4FKXd,1970-01-01 00:00:00.000040656,1,Kolkata,1970-01-01,['shelter'],ussilver spring nws issues tornado warning parts seek strong shelter now if risk
723,@RadarEcho Get ye to shelter....I will take our mt st helens and a few little earth quakes over tornado's any day.,1970-01-01 00:00:00.000040656,1,Bangalore,1970-01-01,['shelter'],get ye shelteri take our mt st helens little earth quakes tornados day
725,Taking shelter in the basement until I get the all clear. Tornado warning for Cabell Co expired an hour ago but storms are still moving,1970-01-01 00:00:00.000040656,1,Delhi,1970-01-01,['shelter'],taking shelter basement until i get clear tornado warning cabell co expired hour ago but storms still moving
731,"=@mtyndall yeah really, Or the TORNADO shelter manufactures",1970-01-01 00:00:00.000040656,1,Mumbai,1970-01-01,['shelter'],yeah really tornado shelter manufactures
755,"If you hear a tornado siren, seek shelter and STAY THERE. Sirens sound 1 min, are silent 10 min, then sound again.  http://bit.ly/hKFKBA",1970-01-01 00:00:00.000040656,1,Kolkata,1970-01-01,['shelter'],if you hear tornado siren seek shelter stay sirens sound min silent min sound
756,"when we was having that tornado warning I was in here all by myself, they said take shelter, i decided to clean up instead lol smh",1970-01-01 00:00:00.000040656,0,Delhi,1970-01-01,['shelter'],when we having that tornado warning i myself they said take shelter i decided clean instead lol smh
758,"In Dunn, NC. Tornado left its mark here. Entire mobile home park gone. Red Cross shelter open. Looks like it was already poor area.",1970-01-01 00:00:00.000040656,0,Mumbai,1970-01-01,['shelter'],dunn nc tornado left its mark entire mobile home park gone red cross shelter open looks like it already poor area
759,Is taking shelter yet again during another round of tornado and sever storm warnings.  Crazy storm season this year,1970-01-01 00:00:00.000040656,1,Bangalore,1970-01-01,['shelter'],taking shelter yet during another round tornado sever storm warnings crazy storm season this year
762,RT @LivingSafely: NWS issues Tornado Warning for parts of #KY. Seek strong shelter now if at risk: http://ow.ly/4p9AD,1970-01-01 00:00:00.000040656,1,Chennai,1970-01-01,['shelter'],rt nws issues tornado warning parts seek strong shelter now if risk
763,RT @LivingSafely: NWS issues Tornado Warning for parts of #KY Seek strong shelter now if at risk: http://ow.ly/4p9AD,1970-01-01 00:00:00.000040656,1,Hyderabad,1970-01-01,['shelter'],rt nws issues tornado warning parts seek strong shelter now if risk
764,=@ClermontCoScan a TORNADO shelter?  for the whole village? one shelter?  No-one has a basement?,1970-01-01 00:00:00.000040656,1,Chennai,1970-01-01,['shelter'],tornado shelter whole village one shelter noone has basement
765,US/Silver Spring: NWS issues Tornado Warning for parts of #KY. Seek strong shelter now if at risk: http://ow.ly/4FHTh,1970-01-01 00:00:00.000040656,1,Bangalore,1970-01-01,['shelter'],ussilver spring nws issues tornado warning parts seek strong shelter now if risk
766,Felicity has their tornado shelter active.,1970-01-01 00:00:00.000040656,0,Delhi,1970-01-01,['shelter'],felicity has their tornado shelter active
767,Tornado warning again!!!! Seek shelter quick.,1970-01-01 00:00:00.000040656,1,Kolkata,1970-01-01,['shelter'],tornado warning seek shelter quick
768,Tornado warning. Nowhere to really shelter so hopefully we don't get Dorothied to Oz. #fb,1970-01-01 00:00:00.000040656,1,Chennai,1970-01-01,['shelter'],tornado warning nowhere really shelter hopefully we dont get dorothied oz
769,@TheMarkAhrens  I am pretty sure that the street he was living on was not a tornado shelter so it probably wasn't very good for him,1970-01-01 00:00:00.000040656,0,Bangalore,1970-01-01,['shelter'],i am pretty sure that street he living tornado shelter it probably wasnt good him
771,Storm Shelter Georgia: Georgia Tornado Shelters  Llc provides storm shelters in Georgia  It also offers to... http://tinyurl.com/3tyz6f2,1970-01-01 00:00:00.000040656,0,Mumbai,1970-01-01,['shelter'],storm shelter georgia georgia tornado shelters llc provides storm shelters georgia it also offers
774,"@kf4yfa pretty cool that they have tornado shelter. You're probably right, it probably used during tornado last night.",1970-01-01 00:00:00.000040656,0,Delhi,1970-01-01,['shelter'],pretty cool that they have tornado shelter youre probably right it probably used during tornado last night
775,RT @twnstar2 Red Cross St. Louis- Shelter open Maryland Heights Community Center http://me.lt/7E76c #redcross #STLtornado #stlwx #tornado,1970-01-01 00:00:00.000040656,0,Chennai,1970-01-01,['shelter'],rt red cross st louis shelter open maryland heights community center
776,=@one_l Do you have a basement Or TORNADO shelter near by?,1970-01-01 00:00:00.000040656,0,Hyderabad,1970-01-01,['shelter'],do you have basement tornado shelter near
777,Tornado missed our shelter in St Louis - the staff and kids are ok,1970-01-01 00:00:00.000040656,0,Kolkata,1970-01-01,['shelter'],tornado missed our shelter st louis staff kids ok
778,"KCI Airport's tornado shelters are tunnels leading to parking garages. They are marked ""Tornado Shelter"" with a nice twister graphic.",1970-01-01 00:00:00.000040656,0,Chennai,1970-01-01,['shelter'],kci airports tornado shelters tunnels leading parking garages they marked tornado shelter nice twister graphic
788,RT @bradgalin: In shelter with the kids as the tornado sirens howl. >Everything OK?,1970-01-01 00:00:00.000040656,0,Delhi,1970-01-01,['shelter'],rt shelter kids as tornado sirens howl everything ok
795,Weather Fact: Busch Stadium in St Louis is the only Major League Stadium with a certified tornado shelter. http://ht.ly/4FuK0,1970-01-01 00:00:00.000040656,0,Delhi,1970-01-01,['shelter'],weather fact busch stadium st louis major league stadium certified tornado shelter
796,I have to make a decision. Tacos or getting to shelter for the tornado warning. I think my choice is clear... #tacos,1970-01-01 00:00:00.000040656,1,Delhi,1970-01-01,['shelter'],i have make decision tacos getting shelter tornado warning i think my choice clear
800,Stay inside shelter and stay safe. #tornado warnings across central U.S. this evening.,1970-01-01 00:00:00.000040656,0,Chennai,1970-01-01,['shelter'],stay inside shelter stay safe warnings across central us this evening
801,"Gonna be a fun next 4 yrs ""@IUBloomington: ALERT: Tornado Warning in effect now through 1:22AM. Seek shelter immediately and avoid windows.""",1970-01-01 00:00:00.000040656,1,Kolkata,1970-01-01,['shelter'],gonna be fun next yrs alert tornado warning effect now through am seek shelter immediately avoid windows
802,Got out right in time. ‚Äú@IUBloomington: ALERT: Tornado Warning in effect now through 1:22AM. Seek shelter immediately and avoid windows.‚Äù,1970-01-01 00:00:00.000040656,1,Bangalore,1970-01-01,['shelter'],got out right time alert tornado warning effect now through am seek shelter immediately avoid windows
805,@therealcliffyb 3 Separate tornado warnings tonight and I can't stop playing #gears3beta to seek shelter. This game rocks!,1970-01-01 00:00:00.000040656,1,Bangalore,1970-01-01,['shelter'],separate tornado warnings tonight i cant stop playing seek shelter this game rocks
806,"RT @stormchaser4850: Developing: RT @Kentuckyweather: TORNADO ON THE GROUND NEAR OWENSBORO, KY!! SEEK SHELTER NOW!",1970-01-01 00:00:00.000040656,1,Bangalore,1970-01-01,['shelter'],rt developing rt tornado ground near owensboro ky seek shelter now
807,"#TORNADO ON THE GROUND NEAR OWENSBORO, KY!! SHELTER NOW! RT @EBRINDLEY RT @Kentuckyweather #KYwx - http://bit.ly/fz7hv4 (Horse Country)",1970-01-01 00:00:00.000040656,1,Kolkata,1970-01-01,['shelter'],ground near owensboro ky shelter now rt rt horse country
808,We feel much safer in tornado season since we had a storm shelter installed in our garage.,1970-01-01 00:00:00.000040656,0,Kolkata,1970-01-01,['shelter'],we feel much safer tornado season since we had storm shelter installed our garage
809,Yikes thats scary. RT @Kentuckyweather: TORNADO ON THE GROUND NEAR OWENSBORO!! SEEK SHELTER NOW!,1970-01-01 00:00:00.000040656,1,Bangalore,1970-01-01,['shelter'],yikes thats scary rt tornado ground near owensboro seek shelter now
810,"RT @Kentuckyweather: TORNADO ON THE GROUND NEAR OWENSBORO, KY!! SEEK SHELTER NOW!",1970-01-01 00:00:00.000040656,1,Bangalore,1970-01-01,['shelter'],rt tornado ground near owensboro ky seek shelter now
812,"Happening Now *Flash* TORNADO ON THE GROUND NEAR OWENSBORO, KY!! SEEK SHELTER NOW!",1970-01-01 00:00:00.000040656,1,Mumbai,1970-01-01,['shelter'],happening now flash tornado ground near owensboro ky seek shelter now
813,"RT ‚Äú@stormchaser4850: Developing: RT @Kentuckyweather: TORNADO ON THE GROUND NEAR OWENSBORO, KY!! SEEK SHELTER NOW!‚Äù",1970-01-01 00:00:00.000040656,1,Mumbai,1970-01-01,['shelter'],rt developing rt tornado ground near owensboro ky seek shelter now
814,"Developing: RT @Kentuckyweather: TORNADO ON THE GROUND NEAR OWENSBORO, KY!! SEEK SHELTER NOW!",1970-01-01 00:00:00.000040656,1,Bangalore,1970-01-01,['shelter'],developing rt tornado ground near owensboro ky seek shelter now
815,From Chris Bailey Kentuckyweather: TORNADO ON THE GROUND NEAR OWENSBORO!! SEEK SHELTER NOW!,1970-01-01 00:00:00.000040656,1,Delhi,1970-01-01,['shelter'],chris bailey kentuckyweather tornado ground near owensboro seek shelter now
817,TORNADO ON THE GROUND NEAR OWENSBORO!! SEEK SHELTER NOW!,1970-01-01 00:00:00.000040656,1,Kolkata,1970-01-01,['shelter'],tornado ground near owensboro seek shelter now
818,"If you have been affected by a #tornado & need #shelter, call 211.  A 24/7 #resource hotline. This # is good nationwide.",1970-01-01 00:00:00.000040656,0,Mumbai,1970-01-01,['shelter'],if you have been affected need call hotline this good nationwide
819,Maryland Heights #MO Has opened community center as a shelter for #Tornado victims But its filling up quick  #KSDK #STL,1970-01-01 00:00:00.000040656,0,Hyderabad,1970-01-01,['shelter'],maryland heights has opened community center as shelter victims but its filling quick
820,Maryland Heights #MO Has been opened community center as a shelter for #Tornado victims But its filling up quick  #KSDK #STL,1970-01-01 00:00:00.000040656,0,Kolkata,1970-01-01,['shelter'],maryland heights has been opened community center as shelter victims but its filling quick
821,RT @LivingSafely: NWS continues Tornado Warning for parts of #MO. Seek strong shelter now if at risk: http://ow.ly/4p9AD,1970-01-01 00:00:00.000040656,1,Delhi,1970-01-01,['shelter'],rt nws continues tornado warning parts seek strong shelter now if risk
822,Tornado warning issued now in effect for Henderson & Daviess Counties. String rotation noted on radar near Robards take shelter immediately,1970-01-01 00:00:00.000040656,1,Hyderabad,1970-01-01,['shelter'],tornado warning issued now effect henderson daviess counties string rotation noted radar near robards take shelter immediately
824,RT @LivingSafely: US/Silver Spring: NWS continues Tornado Warning for parts of #MO. Seek strong shelter now if at risk: http://ow.ly/4Ftkk,1970-01-01 00:00:00.000040656,1,Kolkata,1970-01-01,['shelter'],rt ussilver spring nws continues tornado warning parts seek strong shelter now if risk
825,US/Silver Spring: NWS continues Tornado Warning for parts of #MO. Seek strong shelter now if at risk: http://ow.ly/4Ftkk,1970-01-01 00:00:00.000040656,1,Delhi,1970-01-01,['shelter'],ussilver spring nws continues tornado warning parts seek strong shelter now if risk
827,"Wow, just caught up on tornado damage at Lambert airport. Busch stadium was cocoon of shelter during storm. #stlcards>#stlwx",1970-01-01 00:00:00.000040656,1,Kolkata,1970-01-01,['shelter'],wow caught tornado damage lambert airport busch stadium cocoon shelter during storm
833,"My friends with @tamu_tasc are currently taking shelter at a restaurant in Ada, OK due to tornado reports in the vicinity. Be safe yall!",1970-01-01 00:00:00.000040656,1,Delhi,1970-01-01,['shelter'],my friends currently taking shelter restaurant ada ok due tornado reports vicinity be safe yall
836,"me & josh made a fort/tornado shelter, with a mirror, a trash can, a ps2, a tv, a porch, a couch, pillows, blankets, & a disco ball, #win!",1970-01-01 00:00:00.000040656,1,Delhi,1970-01-01,"['blanket', 'shelter']",me josh made forttornado shelter mirror trash ps tv porch couch pillows blankets disco ball
841,"Dani, let us know how you are and when your back from the Tornado Shelter.  Hope your all safe! Let us know how eve... http://tl.gd/a12rs2",1970-01-01 00:00:00.000040656,1,Kolkata,1970-01-01,['shelter'],dani let us know how you when your back tornado shelter hope your safe let us know how eve
845,"Illinois: A tornado is likely and heading your way. Highland, Pierron, St. Rose, Jamestown ... if you hear sirens, take shelter. #stlwx",1970-01-01 00:00:00.000040656,1,Delhi,1970-01-01,['shelter'],illinois tornado likely heading your way highland pierron st rose jamestown if you hear sirens take shelter
851,Wow! RT @TWCBreaking Crowd at Busch Stadium taking shelter earlier during the #tornado warning via @Jason Rosenbaum:  http://j.mp/fwuvZa,1970-01-01 00:00:00.000040656,1,Bangalore,1970-01-01,['shelter'],wow rt crowd busch stadium taking shelter earlier during warning via rosenbaum
853,I'm half asleep right now and up at the school bcuz this stupid tornado. Why can't I just take shelter under my covers?!,1970-01-01 00:00:00.000040656,1,Hyderabad,1970-01-01,['shelter'],im half asleep right now school bcuz this stupid tornado why cant i take shelter my covers
859,"@book__sniffer We're okay down here! No running to the storm shelter yet, but a close call last week. Gotta love living in tornado alley.",1970-01-01 00:00:00.000040656,1,Mumbai,1970-01-01,['shelter'],okay down running storm shelter yet but close call last week gotta love living tornado alley
860,Bad storms coming thru Missouri everyone please try and stay safe I hear tornado warnings and watches in place if need be take shelter now,1970-01-01 00:00:00.000040656,1,Hyderabad,1970-01-01,['shelter'],bad storms coming thru missouri everyone please try stay safe i hear tornado warnings watches place if need be take shelter now
863,#Tornado hitting St. Louis something serious. Seek shelter if you are in the area. I pray for everyone and their families.,1970-01-01 00:00:00.000040656,1,Hyderabad,1970-01-01,['shelter'],hitting st louis something serious seek shelter if you area i pray everyone their families
864,"@BaddestJayne I don't have a tornado shelter cause they'd have to knock me out first to get me in it, but i have closets if I need 'em (2/2)",1970-01-01 00:00:00.000040656,0,Chennai,1970-01-01,['shelter'],i dont have tornado shelter cause theyd have knock me out first get me it but i have closets if i need em
866,Send love to my boy @RegD7 who is listening to the #Sabres game from a tornado shelter in St. Louis. You can take a guy out of Buffalo...,1970-01-01 00:00:00.000040656,0,Delhi,1970-01-01,['shelter'],send love my boy who listening game tornado shelter st louis you take guy out buffalo
869,@DatDudeBP I'm in a tornado shelter in busch stadium! Reds haters are everywhere in here! Let's get this game goin haha!,1970-01-01 00:00:00.000040656,0,Mumbai,1970-01-01,['shelter'],im tornado shelter busch stadium reds haters everywhere lets get this game goin haha
871,That is awesome! RT @ryanriley: This is what you get when it's the 5 yearold's job to prepare the tornado shelter http://instagr.am/p/DbfWZ/,1970-01-01 00:00:00.000040656,0,Hyderabad,1970-01-01,['shelter'],that awesome rt this what you get when its yearolds job prepare tornado shelter
872,Damn you tornado sirens now I'm drunk in a storm shelter...=/,1970-01-01 00:00:00.000040656,1,Mumbai,1970-01-01,['shelter'],damn you tornado sirens now im drunk storm shelter
873,"#stlcards THERE IS NO TORNADO heading for Busch, HOWEVER hail, high winds and heavy rain poss. STAY IN SHELTER",1970-01-01 00:00:00.000040656,1,Hyderabad,1970-01-01,['shelter'],tornado heading busch however hail high winds heavy rain poss stay shelter
874,Taking shelter in Chesterfield Mall from tornado. Love the Midwest.  Go get em @reedtimmerTVN,1970-01-01 00:00:00.000040656,1,Mumbai,1970-01-01,['shelter'],taking shelter chesterfield mall tornado love midwest go get em
875,"Electricity is thankfully not required of a tornado shelter. And the red glow of the EXIT sign is sort of nice, in a way.",1970-01-01 00:00:00.000040656,0,Kolkata,1970-01-01,['shelter'],electricity thankfully required tornado shelter red glow exit sign sort nice way
878,"Wow hope everyone is safe RT @MatthewHLeach: Once again, that is the tornado siren. Please take shelter if you're at the stadium. #StLCards",1970-01-01 00:00:00.000040656,0,Hyderabad,1970-01-01,['shelter'],wow hope everyone safe rt that tornado siren please take shelter if youre stadium
881,Oh now there is a tornado warning and we have to seek shelter in Cardinals stadium. Good times.,1970-01-01 00:00:00.000040656,0,Bangalore,1970-01-01,['shelter'],oh now tornado warning we have seek shelter cardinals stadium good times
883,"Tornado sirens going off here in St. Louis, the most insane lightening I've ever seen. Time to seek shelter in the basement... Oh crap!",1970-01-01 00:00:00.000040656,1,Mumbai,1970-01-01,['shelter'],tornado sirens going off st louis insane lightening ive ever seen time seek shelter basement oh crap
884,"RT @LivingSafely: NWS continues Tornado Warning for parts of #KY, #MO. Seek strong shelter now if at risk: http://ow.ly/4p9AD",1970-01-01 00:00:00.000040656,1,Delhi,1970-01-01,['shelter'],rt nws continues tornado warning parts seek strong shelter now if risk
886,Headed my way... RT @Weatherbird Tornado reported near Maryland Heights. Take shelter if you are in that area. #stlwx,1970-01-01 00:00:00.000040656,1,Bangalore,1970-01-01,['shelter'],headed my way rt tornado reported near maryland heights take shelter if you that area
890,RT @Dathan7: RT @Weatherbird: Tornado reported near Maryland Heights. Take shelter if you are in that area. #stlwx,1970-01-01 00:00:00.000040656,1,Bangalore,1970-01-01,['shelter'],rt rt tornado reported near maryland heights take shelter if you that area
891,Maryland Heights Mo in path of eminent tornado right now.  Moving east along I-70/270 area. Seek shelter,1970-01-01 00:00:00.000040656,1,Chennai,1970-01-01,['shelter'],maryland heights mo path eminent tornado right now moving east along i area seek shelter
892,RT @Weatherbird: Tornado reported near Maryland Heights. Take shelter if you are in that area. #stlwx,1970-01-01 00:00:00.000040656,1,Chennai,1970-01-01,['shelter'],rt tornado reported near maryland heights take shelter if you that area
893,Tornado reported near Maryland Heights. Take shelter if you are in that area. #stlwx,1970-01-01 00:00:00.000040656,1,Kolkata,1970-01-01,['shelter'],tornado reported near maryland heights take shelter if you that area
895,"Nothing says family bonding time like tornado shelter time after good Friday dinner.  Four kids, six adults, two dogs = craziness.",1970-01-01 00:00:00.000040656,1,Mumbai,1970-01-01,['shelter'],nothing says family bonding time like tornado shelter time good friday dinner four kids six adults two dogs craziness
896,"US/Silver Spring: NWS continues Tornado Warning for parts of #KY, #MO. Seek strong shelter now if at risk: http://ow.ly/4FqQi",1970-01-01 00:00:00.000040656,1,Kolkata,1970-01-01,['shelter'],ussilver spring nws continues tornado warning parts seek strong shelter now if risk
897,Tornado Warning for Rowan County. Take shelter. Listen/watch local radio or television for more information,1970-01-01 00:00:00.000040656,1,Delhi,1970-01-01,['shelter'],tornado warning rowan county take shelter listenwatch local radio television information
898,Tornado Warning for Rowan County.  Take shelter.  Listen/watch local radio or television for more information.,1970-01-01 00:00:00.000040656,1,Mumbai,1970-01-01,['shelter'],tornado warning rowan county take shelter listenwatch local radio television information
900,Tornado sirens in stl...in bathroom storm shelter. Every one here is fine,1970-01-01 00:00:00.000040656,0,Kolkata,1970-01-01,['shelter'],tornado sirens stlin bathroom storm shelter every one fine
912,St Louis Metro residents seek shelter! Strong tornado heading your way. #mowx #TORNADO,1970-01-01 00:00:00.000040656,0,Delhi,1970-01-01,['shelter'],st louis metro residents seek shelter strong tornado heading your way
913,RT @FOX2now: Spotter: #tornado on the ground near New Melle in St. Charles County! Seek shelter immediately! Weldon ... http://tmi.me/9dwqI,1970-01-01 00:00:00.000040656,1,Mumbai,1970-01-01,['shelter'],rt spotter ground near new melle st charles county seek shelter immediately weldon
916,RT ‚Äú@WxChris2011: KMOV: #Tornado ON THE GROUND New Melle MO. Shelter NOW. #mowx #StLouis‚Äù,1970-01-01 00:00:00.000040656,1,Chennai,1970-01-01,['shelter'],rt kmov ground new melle mo shelter now
919,"If you hear tornado sirens, take shelter. This storm's not messing around -- a lot of large hail, tornadoes reported on the ground. #stlwx",1970-01-01 00:00:00.000040656,1,Mumbai,1970-01-01,['shelter'],if you hear tornado sirens take shelter this storms messing around lot large hail tornadoes reported ground
920,"Spotter: #tornado on the ground near New Melle in St. Charles County! Seek shelter immediately! Weldon Spring, Dardenne Prairie get ready.",1970-01-01 00:00:00.000040656,1,Mumbai,1970-01-01,['shelter'],spotter ground near new melle st charles county seek shelter immediately weldon spring dardenne prairie get ready
921,@CatieWayne byeee <3 hope you had a nice dinner. tornado sirens going off here. lol i should probably take shelter.,1970-01-01 00:00:00.000040656,0,Kolkata,1970-01-01,['shelter'],byeee hope you had nice dinner tornado sirens going off lol i should probably take shelter
923,A tornado warning has been issued until 7:45pm. Seek shelter immediately. Refer to TV or radio for more info.,1970-01-01 00:00:00.000040656,1,Kolkata,1970-01-01,['shelter'],tornado warning has been issued until pm seek shelter immediately refer tv radio info
924,"Tornado Warning extended for #StLouis County. Take shelter! Scary looking skies near Ballwin, MO #mowx",1970-01-01 00:00:00.000040656,1,Kolkata,1970-01-01,['shelter'],tornado warning extended county take shelter scary looking skies near ballwin mo
925,NWS LSX considering taking shelter as Tornado will pass near their office. #MOwx,1970-01-01 00:00:00.000040656,1,Bangalore,1970-01-01,['shelter'],nws lsx considering taking shelter as tornado pass near their office
929,"""Tornado warning for your area. Take shelter now."" WHAT A GREAT CALL.",1970-01-01 00:00:00.000040656,0,Bangalore,1970-01-01,['shelter'],tornado warning your area take shelter now what great call
930,"LOTS of TORNADO WARNINGS in Tennessee right now, either spotted by a trained spotter or doppler-indicated, SO TAKE SHELTER NOW!!!!",1970-01-01 00:00:00.000040659,1,Chennai,1970-01-01,['shelter'],lots tornado warnings tennessee right now either spotted trained spotter dopplerindicated take shelter now
931,Another possible tornado in Corsicana. Take shelter now if you live in that area.,1970-01-01 00:00:00.000040659,1,Kolkata,1970-01-01,['shelter'],another possible tornado corsicana take shelter now if you live that area
933,You know you live in Millington if you take tornado shelter in WalMart. (@ Wal-Mart w/ @cmdydva) http://4sq.com/gVseQY,1970-01-01 00:00:00.000040659,1,Chennai,1970-01-01,['shelter'],you know you live millington if you take tornado shelter walmart walmart w
936,@katiegray24 TAKE SHELTER. I wouldnt want you to blow away in the wind. or tornado. or hurricane. or monsoon.... :),1970-01-01 00:00:00.000040659,1,Delhi,1970-01-01,['shelter'],take shelter i wouldnt want you blow away wind tornado hurricane monsoon
937,"Getting ready to yell ""Hands"" into steaming mass of HS students crammed into tornado shelter. #stormtweet #PDApatrol",1970-01-01 00:00:00.000040659,0,Mumbai,1970-01-01,['shelter'],getting ready yell hands steaming mass hs students crammed tornado shelter
938,Honestly thinking of things I would grab in a hurry to bring to my tornado shelter. #priorities,1970-01-01 00:00:00.000040659,0,Delhi,1970-01-01,['shelter'],honestly thinking things i would grab hurry bring my tornado shelter
943,Tornado shelter full of high school students reminds me of good ole days in Croatian air raid shelter. #goodtimes,1970-01-01 00:00:00.000040659,0,Hyderabad,1970-01-01,['shelter'],tornado shelter full high school students reminds me good ole days croatian air raid shelter
944,"RT @LivingSafely: NWS issues Tornado Warning for parts of #AR, #KY, #LA, #MI, #TN, #TX, #VA. Seek strong shelter: http://ow.ly/4p9AD",1970-01-01 00:00:00.000040659,0,Bangalore,1970-01-01,['shelter'],rt nws issues tornado warning parts seek strong shelter
945,"LoL RT @BChooBGiselle: ""@uofmemphis: UofM Alert: Tornado warning for Shelby County. Seek shelter immediately!""<In the tub now w/ mattress",1970-01-01 00:00:00.000040659,1,Bangalore,1970-01-01,['shelter'],lol rt uofm alert tornado warning shelby county seek shelter immediatelyin tub now w mattress
973,RT @PJ_4: Currently in the tornado shelter... yup... fun times < Be safe Soror!,1970-01-01 00:00:00.000040659,1,Chennai,1970-01-01,['shelter'],rt currently tornado shelter yup fun times be safe soror
974,RT @Stacy_Spencer There is a Tornado warning. Service is canceled. Get to shelter and be safe. >> Sad I'll miss TNT.. be safe Memphians!,1970-01-01 00:00:00.000040659,1,Delhi,1970-01-01,['shelter'],rt tornado warning service canceled get shelter be safe sad ill miss tnt be safe memphians
975,"In the bathroom for shelter as the tornado and thunderstorm goes through. Please don't take my electricity, my hair is still wet!",1970-01-01 00:00:00.000040659,1,Hyderabad,1970-01-01,['shelter'],bathroom shelter as tornado thunderstorm goes through please dont take my electricity my hair still wet
978,"US/Silver Spring: NWS issues Tornado Warning for parts of #AR, #KY, #LA, #MI, #TN, #TX, #VA. Seek strong shelter: http://ow.ly/4HD3F",1970-01-01 00:00:00.000040659,1,Chennai,1970-01-01,['shelter'],ussilver spring nws issues tornado warning parts seek strong shelter
983,Seeking shelter for the 48th time this week. This tornado needs to hit ready. #inefficient,1970-01-01 00:00:00.000040659,1,Chennai,1970-01-01,['shelter'],seeking shelter th time this week this tornado needs hit ready
984,RT @Stacy_Spencer: There is a Tornado warning. Service is canceled. Get to shelter and be safe. ¬´ praying for memphis.,1970-01-01 00:00:00.000040659,1,Hyderabad,1970-01-01,['shelter'],rt tornado warning service canceled get shelter be safe praying memphis
985,There is a Tornado warning. Service is canceled. Get to shelter and be safe.,1970-01-01 00:00:00.000040659,1,Mumbai,1970-01-01,['shelter'],tornado warning service canceled get shelter be safe
987,Tornado protocall at the mall is a lockdown and shelter lol fk that shelter were in a hallway w a puppy :),1970-01-01 00:00:00.000040659,0,Kolkata,1970-01-01,['shelter'],tornado protocall mall lockdown shelter lol fk that shelter hallway w puppy
991,Today's Tornadoes have begun :-(  RT @cbs11news MABANK: Confirmed tornado in the city. Please take shelter.,1970-01-01 00:00:00.000040659,1,Bangalore,1970-01-01,['shelter'],todays tornadoes have begun rt mabank confirmed tornado city please take shelter
996,RT @cbs11news: MABANK: Confirmed tornado in the city. Please take shelter. #txwx #severe,1970-01-01 00:00:00.000040659,1,Kolkata,1970-01-01,['shelter'],rt mabank confirmed tornado city please take shelter
997,RT @cbs11news: MABANK: Confirmed tornado in the city. Please take shelter. #txwx,1970-01-01 00:00:00.000040659,1,Delhi,1970-01-01,['shelter'],rt mabank confirmed tornado city please take shelter
998,MABANK: Confirmed tornado in the city. Please take shelter.,1970-01-01 00:00:00.000040659,1,Chennai,1970-01-01,['shelter'],mabank confirmed tornado city please take shelter
999,"RT @RedCrossDallas: RT @cbs11news: Possible tornado on the ground near Seven Points, south of Kemp. Take shelter. #txwx",1970-01-01 00:00:00.000040659,1,Delhi,1970-01-01,['shelter'],rt rt possible tornado ground near seven points south kemp take shelter
1000,"RT @cbs11news: Possible tornado on the ground near Seven Points, south of Kemp. Take shelter. #txwx",1970-01-01 00:00:00.000040659,1,Delhi,1970-01-01,['shelter'],rt possible tornado ground near seven points south kemp take shelter
1001,"Possible tornado on the ground near Seven Points, south of Kemp. Take shelter.",1970-01-01 00:00:00.000040659,1,Delhi,1970-01-01,['shelter'],possible tornado ground near seven points south kemp take shelter
1002,We're safe. Tornado went right over the house. The wind and hail was so bad we couldn't even get to the shelter.  http://twitpic.com/4pwtjc¬†,1970-01-01 00:00:00.000040659,0,Hyderabad,1970-01-01,['shelter'],safe tornado went right house wind hail bad we couldnt even get shelter
1003,Hunkered down in an elementary school tornado shelter. Take cover my Arkansas tweeples!,1970-01-01 00:00:00.000040659,0,Bangalore,1970-01-01,['shelter'],hunkered down elementary school tornado shelter take cover my arkansas tweeples
1005,"Auntie Em', Auntie Em'! The tornado is comin'! Ha ok scratch that, get to your shelter and watch me LIVE at 7 by... http://fb.me/Gr4hqb2p",1970-01-01 00:00:00.000040659,0,Kolkata,1970-01-01,['shelter'],auntie em auntie em tornado comin ha ok scratch that get your shelter watch me live
1006,"Auntie Em', Auntie Em'! The tornado is comin'! Ha ok scratch that, get to your shelter and watch me LIVE at 7 by... http://fb.me/10D4pQMoP",1970-01-01 00:00:00.000040659,0,Kolkata,1970-01-01,['shelter'],auntie em auntie em tornado comin ha ok scratch that get your shelter watch me live
1007,"Possible developing tornado near Frost. Folks in KEMP, PRAIRIEVILLE, and JACKSON need to seek shelter.",1970-01-01 00:00:00.000040659,1,Hyderabad,1970-01-01,['shelter'],possible developing tornado near frost folks kemp prairieville jackson need seek shelter
1011,"Huge Tornado on the ground in Gun Barrell City, Take Shelter.      #texas #weather #tornados",1970-01-01 00:00:00.000040659,1,Delhi,1970-01-01,['shelter'],huge tornado ground gun barrell city take shelter
1013,We've taken shelter in the basement. It's a tornado warning.  :(,1970-01-01 00:00:00.000040659,1,Chennai,1970-01-01,['shelter'],weve taken shelter basement its tornado warning
1014,"Logan: So many warnings right now. If you get under a tornado warning, seek shelter. From the thumb of Michigan to central Texas, be ready",1970-01-01 00:00:00.000040659,1,Kolkata,1970-01-01,['shelter'],logan many warnings right now if you get tornado warning seek shelter thumb michigan central texas be ready
1015,If the tornado really comes it's just gone have to take my skinny ass with it fuck shelter,1970-01-01 00:00:00.000040659,1,Bangalore,1970-01-01,['shelter'],if tornado really comes its gone have take my skinny ass it fuck shelter
1016,"""@PRlady_Kenetta: @Chuck_Diesel11 has been sitting down in the tornado shelter for 30 min &has not offered a lady a sit.... Me!!!""~~Sorry",1970-01-01 00:00:00.000040659,1,Kolkata,1970-01-01,['shelter'],has been sitting down tornado shelter min has offered lady sit mesorry
1017,If you live in eastern McLean and western Ohio Counties... SEEK SHELTER NOW!!! Likely tornado heading your way.‚Äù #kywx,1970-01-01 00:00:00.000040659,1,Hyderabad,1970-01-01,['shelter'],if you live eastern mclean western ohio counties seek shelter now likely tornado heading your way
1018,If you live in eastern McLean and western Ohio Counties... SEEK SHELTER NOW!!! Likely tornado heading your way.,1970-01-01 00:00:00.000040659,1,Hyderabad,1970-01-01,['shelter'],if you live eastern mclean western ohio counties seek shelter now likely tornado heading your way
1019,"Four storms with tornado warnings are currently cascading through Ellis, Kaufman and Van Zandt Counties. Take shelter if near.",1970-01-01 00:00:00.000040659,1,Mumbai,1970-01-01,['shelter'],four storms tornado warnings currently cascading through ellis kaufman van zandt counties take shelter if near
1021,"Going to clean up the tornado shelter in preparation for the storms. If I get it ready.....means nothing will happen, right Murphy?",1970-01-01 00:00:00.000040659,1,Bangalore,1970-01-01,['shelter'],going clean tornado shelter preparation storms if i get it readymeans nothing happen right murphy
1024,@spoofyrandomnes I'm in Tornado alley. ;)  I wouldn't be bothered if I had real shelter.  :(,1970-01-01 00:00:00.000040659,1,Delhi,1970-01-01,['shelter'],im tornado alley i wouldnt be bothered if i had real shelter
1025,Well we got down in our tornado shelter with the kids... Never fun! We are out now and looking at all the hail in the pasture.,1970-01-01 00:00:00.000040659,1,Delhi,1970-01-01,['shelter'],well we got down our tornado shelter kids never fun we out now looking hail pasture
1028,"Everyone in Ohio, Hancock, and southern Perry County need to be READY to take shelter. Tornado Warnings may be issued shortly. #tristatewx",1970-01-01 00:00:00.000040659,1,Chennai,1970-01-01,['shelter'],everyone ohio hancock southern perry county need be ready take shelter tornado warnings may be issued shortly
1029,"Arkansas County riddled with tornado warnings right now. Everybody there, please take shelter. #ARwx",1970-01-01 00:00:00.000040659,1,Bangalore,1970-01-01,['shelter'],arkansas county riddled tornado warnings right now everybody please take shelter
1030,I can't believe that @Chuck_Diesel11 has been sitting down in the tornado shelter for 30 min and has not offered a lady a sit.... Me!!!,1970-01-01 00:00:00.000040659,1,Mumbai,1970-01-01,['shelter'],i cant believe that has been sitting down tornado shelter min has offered lady sit me
1033,All of Ellis County engulfed in severe storm and a tornado is near I-45 headed toward Bristol. Take shelter.,1970-01-01 00:00:00.000040659,1,Kolkata,1970-01-01,['shelter'],ellis county engulfed severe storm tornado near i headed toward bristol take shelter
1035,"tornado warnings going up Anyone in NE TX, AR, PLEASE listen to your weather radio, TV, or radio.  BE SAFE seek shelter if in warning area.",1970-01-01 00:00:00.000040659,1,Mumbai,1970-01-01,['shelter'],tornado warnings going anyone ne tx ar please listen your weather radio tv radio be safe seek shelter if warning area
1037,Yes we are still in the tornado shelter at my job. We are hot but safe!,1970-01-01 00:00:00.000040659,0,Mumbai,1970-01-01,['shelter'],yes we still tornado shelter my job we hot but safe
1039,"Confirmed Tornado near Mabank, TX moving E@35. TOR WARN Van Zandt, Kaufman, Henderson Cnty. Canton, Murchison, Van, Edom, Brownsboro SHELTER",1970-01-01 00:00:00.000040659,0,Kolkata,1970-01-01,['shelter'],confirmed tornado near mabank tx moving e tor warn van zandt kaufman henderson cnty canton murchison van edom brownsboro shelter
1041,"Tornado has been reported near Mabank, Texas. Take shelter immediately!",1970-01-01 00:00:00.000040659,1,Mumbai,1970-01-01,['shelter'],tornado has been reported near mabank texas take shelter immediately
1042,Star City tornado over you right now. Please be careful! Take shelter. #arwx,1970-01-01 00:00:00.000040659,1,Chennai,1970-01-01,['shelter'],star city tornado you right now please be careful take shelter
1043,"the news is calling this storm system a PDS= predominantly dangerous situation, wishing I had a tornado shelter right now!",1970-01-01 00:00:00.000040659,1,Mumbai,1970-01-01,['shelter'],news calling this storm system pds predominantly dangerous situation wishing i had tornado shelter right now
1044,Star City take shelter right now. Golf ball sizes hail. Possible tornado. #arwx,1970-01-01 00:00:00.000040659,1,Kolkata,1970-01-01,['shelter'],star city take shelter right now golf ball sizes hail possible tornado
1045,And Lorelai are taking shelter from Tornado warning again in our cellar.  Really miss the semi-finished basement @ our last house.,1970-01-01 00:00:00.000040659,1,Mumbai,1970-01-01,['shelter'],lorelai taking shelter tornado warning our cellar really miss semifinished basement our last house
1046,"not looking forward to my lovely @coricarterr dying in a tornado, thats why im building her a tornado shelter out of macarroni #protecti ...",1970-01-01 00:00:00.000040659,1,Chennai,1970-01-01,['shelter'],looking forward my lovely dying tornado thats why im building her tornado shelter out macarroni
1048,RT @joe_taxi: There is a overnight shelter for tornado victims on this south stretch of McKelvey @ the Maryland Heights rec center...,1970-01-01 00:00:00.000040659,0,Kolkata,1970-01-01,['shelter'],rt overnight shelter tornado victims this south stretch mckelvey maryland heights rec center
1049,There is a overnight shelter for tornado victims on this south stretch of McKelvey @ the Maryland Heights rec center. #Taxicabfare,1970-01-01 00:00:00.000040659,0,Chennai,1970-01-01,['shelter'],overnight shelter tornado victims this south stretch mckelvey maryland heights rec center
1051,Looking out my window I see people at the little tornado shelter in the mobile home park across the street.,1970-01-01 00:00:00.000040659,1,Chennai,1970-01-01,['shelter'],looking out my window i see people little tornado shelter mobile home park across street
1052,"Okay folks, here we go, tornado WARNING for most of Hopkins Co, including Madisonville until 5 PM. Seek shelter now! #tristatewx",1970-01-01 00:00:00.000040659,1,Chennai,1970-01-01,['shelter'],okay folks we go tornado warning hopkins co including madisonville until pm seek shelter now
1053,=@amanda_nan Alert said to Seek shelter indoors. WHich i would. the industrial windows on campus Will be fine. (unless a TORNADO does come),1970-01-01 00:00:00.000040659,0,Mumbai,1970-01-01,['shelter'],alert said seek shelter indoors which i would industrial windows campus be fine unless tornado does come
1056,SU issued an official severe weather alert w/ an advisory to seek shelter. Sirens are going off & apparently there's a tornado warning. #omg,1970-01-01 00:00:00.000040659,1,Hyderabad,1970-01-01,['shelter'],su issued official severe weather alert w advisory seek shelter sirens going off apparently theres tornado warning
1057,More possible tornadoes tonight. Anyone got a tornado shelter I can sleep in? :/,1970-01-01 00:00:00.000040659,1,Chennai,1970-01-01,['shelter'],possible tornadoes tonight anyone got tornado shelter i sleep
1061,"RT @breakingweather: Spotters in #NY state confirmed #tornado SW of Rome moving NE. If you are near the area, find shelter now!",1970-01-01 00:00:00.000040659,1,Hyderabad,1970-01-01,['shelter'],rt spotters state confirmed sw rome moving ne if you near area find shelter now
1063,Talkin about tornado watches in mount pleasant... Well gotta go find some shelter. #soscaredoftornadoes.,1970-01-01 00:00:00.000040659,1,Hyderabad,1970-01-01,['shelter'],talkin tornado watches mount pleasant well gotta go find shelter
1064,"Spotters in #NY state confirmed #tornado SW of Rome moving NE. If you are near the area, find shelter now",1970-01-01 00:00:00.000040659,1,Hyderabad,1970-01-01,['shelter'],spotters state confirmed sw rome moving ne if you near area find shelter now
1067,"Spotters in New York state confirmed #tornado SW of Rome moving NE. If you are near the area, find shelter now!",1970-01-01 00:00:00.000040659,1,Kolkata,1970-01-01,['shelter'],spotters new york state confirmed sw rome moving ne if you near area find shelter now
1068,"RT @breakingweather Spotters in #NY state confirmed #tornado SW of Rome moving NE. If you are near the area, find shelter now!",1970-01-01 00:00:00.000040659,1,Bangalore,1970-01-01,['shelter'],rt spotters state confirmed sw rome moving ne if you near area find shelter now
1071,"Spotters in #NY state confirmed #tornado SW of Rome moving NE. If you are near the area, find shelter now!",1970-01-01 00:00:00.000040659,1,Delhi,1970-01-01,['shelter'],spotters state confirmed sw rome moving ne if you near area find shelter now
1074,@Stalker_Jo caca who!? what u talking about willis!!!?? Lol We r having a Tornado Watch. Come hide w/ me in the shelter! #Auxilio :-O,1970-01-01 00:00:00.000040659,1,Hyderabad,1970-01-01,['shelter'],caca who what u talking willis lol we r having tornado watch come hide w me shelter o
1075,RT Be Safe & take shelter @FOX16News Pulaski County in a Tornado Watch until 10pm #arwx,1970-01-01 00:00:00.000040659,1,Hyderabad,1970-01-01,['shelter'],rt be safe take shelter pulaski county tornado watch until pm
1078,And they announced a TORNADO WATCH in the Lib!! Talking about seek shelter in the bathroom! How many ppl u think can fit in there! 0_O?,1970-01-01 00:00:00.000040659,0,Chennai,1970-01-01,['shelter'],they announced tornado watch lib talking seek shelter bathroom how many ppl u think fit o
1085,"=@KJud Still, After the last two weeks, i want to build a TORNADO shelter lol.",1970-01-01 00:00:00.000040659,0,Kolkata,1970-01-01,['shelter'],still last two weeks i want build tornado shelter lol
1086,@JonathanRKnight yesterday at school we had to take shelter from a tornado nearby & I yelled #weregonnadie & everyone got mad at me lol,1970-01-01 00:00:00.000040659,0,Chennai,1970-01-01,['shelter'],yesterday school we had take shelter tornado nearby i yelled everyone got mad me lol
1087,"Woof! #Tornado: If you live in a mobile home, take pets, leave, find safe shelter when WATCH is issued. http://bit.ly/gpTq2N #rcdog",1970-01-01 00:00:00.000040659,1,Chennai,1970-01-01,['shelter'],woof if you live mobile home take pets leave find safe shelter when watch issued
1088,"Do you have a safe room or tornado shelter? - an interior room, hallway, or closet at the lowest level in your home.",1970-01-01 00:00:00.000040659,0,Mumbai,1970-01-01,['shelter'],do you have safe room tornado shelter interior room hallway closet lowest level your home
1089,True- that would do it! LOL RT @stealthedealmon: @wordaddict914 Save a kitten shelter from a tornado fire.,1970-01-01 00:00:00.000040659,0,Mumbai,1970-01-01,['shelter'],true that would do it lol rt save kitten shelter tornado fire
1091,"=@DDJTJ  been there, done that in Alabama for a short time. you ARE right. i remember driving to shelter during one TORNADO warning.",1970-01-01 00:00:00.000040659,0,Mumbai,1970-01-01,['shelter'],been done that alabama short time you right i remember driving shelter during one tornado warning
1099,US/Silver Spring: NWS issues Tornado Warning for parts of #KY. Seek strong shelter now if at risk: http://ow.ly/4GVFX,1970-01-01 00:00:00.000040659,1,Kolkata,1970-01-01,['shelter'],ussilver spring nws issues tornado warning parts seek strong shelter now if risk
1100,Hmm should I take shelter with miss Mitzi from the tornado #decisions @johngatlin36 your missing out,1970-01-01 00:00:00.000040659,1,Kolkata,1970-01-01,['shelter'],hmm should i take shelter miss mitzi tornado your missing out
1103,Been a day.... Had to take shelter in the bathroom due to the tornado,1970-01-01 00:00:00.000040659,1,Mumbai,1970-01-01,['shelter'],been day had take shelter bathroom due tornado
1106,RT @LivingSafely: NWS continues Tornado Warning for parts of #TX Seek strong shelter now if at risk: http://ow.ly/4p9AD,1970-01-01 00:00:00.000040659,1,Hyderabad,1970-01-01,['shelter'],rt nws continues tornado warning parts seek strong shelter now if risk
1107,RT @LivingSafely: NWS continues Tornado Warning for parts of #TX. Seek strong shelter now if at risk: http://ow.ly/4p9AD,1970-01-01 00:00:00.000040659,1,Kolkata,1970-01-01,['shelter'],rt nws continues tornado warning parts seek strong shelter now if risk
1108,US/Silver Spring: NWS issues Tornado Warning for parts of #TX. Seek strong shelter now if at risk: http://ow.ly/4GSPY,1970-01-01 00:00:00.000040659,1,Mumbai,1970-01-01,['shelter'],ussilver spring nws issues tornado warning parts seek strong shelter now if risk
1109,Is it fitting to do my Spanish storyboard over a typical Spring day at Union? The pattern of tornado sirens going off and seeking shelter..,1970-01-01 00:00:00.000040659,1,Chennai,1970-01-01,['shelter'],it fitting do my spanish storyboard typical spring day union pattern tornado sirens going off seeking shelter
1111,For sum reason I wish I was bck in elementary when we had to hide under the table or desk for tornado drills/shelter in place,1970-01-01 00:00:00.000040659,0,Delhi,1970-01-01,['shelter'],sum reason i wish i bck elementary when we had hide table desk tornado drillsshelter place
1112,"When under a tornado watch, do you seek shelter inside, or go on the porch and watch the storm? I can't remember so I'm on the porch. :)",1970-01-01 00:00:00.000040659,0,Bangalore,1970-01-01,['shelter'],when tornado watch do you seek shelter inside go porch watch storm i cant remember im porch
1113,Please hope no one got hurt in the tornado in Arkansas. A town was wipe clean. Hope everyone takes shelter.,1970-01-01 00:00:00.000040659,0,Chennai,1970-01-01,['shelter'],please hope one got hurt tornado arkansas town wipe clean hope everyone takes shelter
1116,Ok... who's volunteering to help me build a tornado shelter?????,1970-01-01 00:00:00.000040659,1,Kolkata,1970-01-01,['shelter'],ok whos volunteering help me build tornado shelter
1118,I spent the better part of rehearsal time in a tornado shelter with my cast. #fun #stormyweather,1970-01-01 00:00:00.000040659,0,Mumbai,1970-01-01,['shelter'],i spent better part rehearsal time tornado shelter my cast
1119,@nicolasmama We are ok. We had a storm shelter put in a couple weeks ago to hide from tornado's if they come.,1970-01-01 00:00:00.000040659,0,Chennai,1970-01-01,['shelter'],we ok we had storm shelter put couple weeks ago hide tornados if they come
1120,Nights like tonight really make me wish we had a tornado shelter! Praying God's hand of protection will shelter us all from these storms!,1970-01-01 00:00:00.000040659,0,Hyderabad,1970-01-01,['shelter'],nights like tonight really make me wish we had tornado shelter praying gods hand protection shelter us these storms
1122,"Extreme Home Makeover:Closet Edition. Takes place in Tornado Alley, USA.  Highlights of closet (or shelter) include fridge/generator, con't",1970-01-01 00:00:00.000040659,1,Mumbai,1970-01-01,['shelter'],extreme home makeovercloset edition takes place tornado alley usa highlights closet shelter include fridgegenerator cont
1124,"STRONG couplet on radar just E of Searcy, AR. Damage reported with it. Griffithville, AR TAKE SHELTER! #Tornado inbound! #arwx",1970-01-01 00:00:00.000040659,1,Kolkata,1970-01-01,['shelter'],strong couplet radar e searcy ar damage reported it griffithville ar take shelter inbound
1125,RT @ksatweather: NWS in Little Rock had to seek shelter due to an approaching tornado. NWS has backup offices that will take over.,1970-01-01 00:00:00.000040659,1,Hyderabad,1970-01-01,['shelter'],rt nws little rock had seek shelter due approaching tornado nws has backup offices that take
1127,‚Äú@The_Skelly: Can everyone please say a prayer for @SOLEB7891 he is heading for shelter due to a tornado coming straight at his house...‚Äù,1970-01-01 00:00:00.000040659,1,Bangalore,1970-01-01,['shelter'],everyone please say prayer he heading shelter due tornado coming straight his house
1128,"Rain wrapped tornado near Mcrae area, seek shelter now #ARWX",1970-01-01 00:00:00.000040659,1,Kolkata,1970-01-01,['shelter'],rain wrapped tornado near mcrae area seek shelter now
1130,"US/Silver Spring: NWS issues Tornado Warning for parts of #AR, #TX. Seek strong shelter now if at risk: http://ow.ly/4GPjp",1970-01-01 00:00:00.000040659,1,Mumbai,1970-01-01,['shelter'],ussilver spring nws issues tornado warning parts seek strong shelter now if risk
1131,Can everyone please say a prayer for @SOLEB7891 he is heading for shelter due to a tornado coming straight at his house...,1970-01-01 00:00:00.000040659,1,Kolkata,1970-01-01,['shelter'],everyone please say prayer he heading shelter due tornado coming straight his house
1132,"What do you do after tornado warnings, seeking shelter, and heart jumping in Little Rock?  Head to original destination TheSummitChurch:)",1970-01-01 00:00:00.000040659,0,Mumbai,1970-01-01,['shelter'],what do you do tornado warnings seeking shelter heart jumping little rock head original destination thesummitchurch
1135,"Apparently the tornado is a mile wide, 10 minites away and headed in our direction. Get shelter ppl. #tornado #arkansas",1970-01-01 00:00:00.000040659,1,Kolkata,1970-01-01,['shelter'],apparently tornado mile wide minites away headed our direction get shelter ppl
1136,I'm getting to shelter a tornado is coming right at my house plz  everyone pray for me and my family,1970-01-01 00:00:00.000040659,1,Hyderabad,1970-01-01,['shelter'],im getting shelter tornado coming right my house plz everyone pray me my family
1137,"Think I'll take shelter in my laundry room now. Not because of a tornado but because the dogs are driving me INSANE! (Or insane-er, I guess)",1970-01-01 00:00:00.000040659,1,Hyderabad,1970-01-01,['shelter'],think ill take shelter my laundry room now because tornado but because dogs driving me insane insaneer i guess
1139,Pray for my hometown and everyone in it!! Tornado just hit it so hard! Praying for anyone that lost loved ones or shelter!!,1970-01-01 00:00:00.000040659,1,Chennai,1970-01-01,['shelter'],pray my hometown everyone it tornado hit it hard praying anyone that lost loved ones shelter
1141,First day at work and...we're seeking shelter from a tornado. Add this to this day's awesome-sauce. Haha.,1970-01-01 00:00:00.000040659,0,Hyderabad,1970-01-01,['shelter'],first day work andwere seeking shelter tornado add this this days awesomesauce haha
1142,I came out of my storm shelter and it smells like BBQ in here. Is that a normal tornado thing? #arwx,1970-01-01 00:00:00.000040659,1,Chennai,1970-01-01,['shelter'],i came out my storm shelter it smells like bbq that normal tornado thing
1144,Take shelter! These storms are mean! RT @severewarn: Tornado Warning for Freestone and Navarro County in TX until 8:30pm CDT. #txwx,1970-01-01 00:00:00.000040659,1,Hyderabad,1970-01-01,['shelter'],take shelter these storms mean rt tornado warning freestone navarro county tx until pm cdt
1145,"Hunkered down. Tornado shelter, the new family gathering place.  http://instagr.am/p/DjomB/",1970-01-01 00:00:00.000040659,1,Hyderabad,1970-01-01,['shelter'],hunkered down tornado shelter new family gathering place
1146,Whoa! RT @fromthesoil: Sounds like theres a lot of excitement down in Little Rock tonight. Might be a tornado shelter kind of  #gardenchat,1970-01-01 00:00:00.000040659,0,Hyderabad,1970-01-01,['shelter'],whoa rt sounds like theres lot excitement down little rock tonight might be tornado shelter kind
1147,Sounds like there's a lot of excitement down in Little Rock tonight. Might be a tornado shelter kind of  #gardenchat,1970-01-01 00:00:00.000040659,0,Delhi,1970-01-01,['shelter'],sounds like theres lot excitement down little rock tonight might be tornado shelter kind
1148,Ok so stuck here at work in the storm shelter. Well I will be paid a little longer today! Too bad it's because of a tornado!,1970-01-01 00:00:00.000040659,1,Mumbai,1970-01-01,['shelter'],ok stuck work storm shelter well i be paid little longer today bad its because tornado
1151,RT @wxprobrian: .... NWS in Little Rock had to seek shelter due to an approaching tornado. NWS has backup offices that will take over.,1970-01-01 00:00:00.000040659,0,Kolkata,1970-01-01,['shelter'],rt nws little rock had seek shelter due approaching tornado nws has backup offices that take
1152,About 20-30 mins ago NWS in Little Rock had to seek shelter due to an approaching tornado. NWS has backup offices that will take over.,1970-01-01 00:00:00.000040659,0,Mumbai,1970-01-01,['shelter'],mins ago nws little rock had seek shelter due approaching tornado nws has backup offices that take
1155,The tornado is a mile wide. Cousins and aunt and uncle coming over to get in the shelter. My dad is right where that storm is. :c,1970-01-01 00:00:00.000040659,1,Chennai,1970-01-01,['shelter'],tornado mile wide cousins aunt uncle coming get shelter my dad right where that storm c
1160,Hot Twitter trend: posting pics of the inside of your tornado shelter! #ARWX,1970-01-01 00:00:00.000040659,1,Delhi,1970-01-01,['shelter'],hot twitter trend posting pics inside your tornado shelter
1161,Uh oh deadly tornado for maumelle... Take shelter!!,1970-01-01 00:00:00.000040659,1,Delhi,1970-01-01,['shelter'],uh oh deadly tornado maumelle take shelter
1162,NWS in Little Rock has went to their storm shelter as a large wedge tornado approaches their office.,1970-01-01 00:00:00.000040659,1,Hyderabad,1970-01-01,['shelter'],nws little rock has went their storm shelter as large wedge tornado approaches their office
1167,"NSW reporting tornado on the ground in City of North Little Rock. MWS
took shelter, Memphis pro... Read more at http://bit.ly/eWx12m",1970-01-01 00:00:00.000040659,1,Hyderabad,1970-01-01,['shelter'],nsw reporting tornado ground city north little rock mws took shelter memphis pro read
1168,Ppl close to crystal hill road better get in their tornado shelter!!!!,1970-01-01 00:00:00.000040659,0,Bangalore,1970-01-01,['shelter'],ppl close crystal hill road better get their tornado shelter
1169,Possible tornado developing near Plummerville. Seek shelter now. #arwx,1970-01-01 00:00:00.000040659,1,Kolkata,1970-01-01,['shelter'],possible tornado developing near plummerville seek shelter now
1170,"MOUNT VERNON, ARK. #TORNADO #EMERGENCY. LARGE CONFIRMED DESTRUCTIVE TORNADO INBOUND. TAKE SHELTER NOW! #arwx",1970-01-01 00:00:00.000040659,1,Kolkata,1970-01-01,['shelter'],mount vernon ark large confirmed destructive tornado inbound take shelter now
1171,#LTK NWS office reporting wall cloud/developing tornado & are out of their shelter as storm moves NE of Little Rock airport,1970-01-01 00:00:00.000040659,0,Hyderabad,1970-01-01,['shelter'],nws office reporting wall clouddeveloping tornado out their shelter as storm moves ne little rock airport
1172,KATV reports NWS Little Rock out of shelter & observing wall cloud & developing tornado attm. #arwx,1970-01-01 00:00:00.000040659,1,Kolkata,1970-01-01,['shelter'],katv reports nws little rock out shelter observing wall cloud developing tornado attm
1173,Wo!!!! RT @tornadoquest: KATV in Little Rock reporting NWS employees have taken shelter. #arwx #tornado,1970-01-01 00:00:00.000040659,1,Mumbai,1970-01-01,['shelter'],wo rt katv little rock reporting nws employees have taken shelter
1174,"The weather is awful in Arkansas. The NWS office in Little Rock is taking shelter, and NWS Memphis is taking control of warnings b/c tornado",1970-01-01 00:00:00.000040659,0,Hyderabad,1970-01-01,['shelter'],weather awful arkansas nws office little rock taking shelter nws memphis taking control warnings bc tornado
1175,Damn!glad ur ok! dodgin thm n TX too RT@seanpatrickmc Just saw my first tornado.Got shelter in a Mex restaraunt.Sounded like a train went by,1970-01-01 00:00:00.000040659,1,Kolkata,1970-01-01,['shelter'],damnglad ur ok dodgin thm n tx rt saw my first tornadogot shelter mex restarauntsounded like train went
1176,Sirens sounding in Little Rock #Arkansas as several TStorms with TVS signatures approach. NWS has taken shelter. Tornado Emergency #arkwx,1970-01-01 00:00:00.000040659,1,Delhi,1970-01-01,['shelter'],sirens sounding little rock as several tstorms tvs signatures approach nws has taken shelter tornado emergency
1178,RT @TWCBreaking: National Weather Service Little Rock taking shelter as 2 rounds of storms move through. #Tornado warning #severe,1970-01-01 00:00:00.000040659,1,Kolkata,1970-01-01,['shelter'],rt national weather service little rock taking shelter as rounds storms move through warning
1179,RT @TWCBreaking: National Weather Service in Little Rock taking shelter as 2 rounds of storms move through. Tornado warn:...,1970-01-01 00:00:00.000040659,1,Kolkata,1970-01-01,['shelter'],rt national weather service little rock taking shelter as rounds storms move through tornado warn
1180,Stay safe! Where? RT @seanpatrickmc: Just saw my first tornado.  Got shelter in a Mexican restaraunt.   Sounded like a train went by.,1970-01-01 00:00:00.000040659,1,Kolkata,1970-01-01,['shelter'],stay safe where rt saw my first tornado got shelter mexican restaraunt sounded like train went
1181,"Nashville NWS now taking over for Little Rock NWS. LZK taking shelter due to numerous #tornado warnings in & around LZK, AR #arwx",1970-01-01 00:00:00.000040659,1,Bangalore,1970-01-01,['shelter'],nashville nws now taking little rock nws lzk taking shelter due numerous warnings around lzk ar
1182,Just saw my first tornado.  Got shelter in a Mexican restaraunt.   Sounded like a train went by.,1970-01-01 00:00:00.000040659,1,Delhi,1970-01-01,['shelter'],saw my first tornado got shelter mexican restaraunt sounded like train went
1183,RT @TWCBreaking: NWS in Little Rock taking shelter as 2 rounds of storms move through. Tornado warn: http://wxch.nl/id21o4 #arwx,1970-01-01 00:00:00.000040659,1,Kolkata,1970-01-01,['shelter'],rt nws little rock taking shelter as rounds storms move through tornado warn
1184,listening to others conversations..it's a treat. people make me laugh. #tornadoshelter,1970-01-01 00:00:00.000040659,0,Bangalore,1970-01-01,['shelter'],listening others conversationsits treat people make me laugh
1185,KATV in Little Rock reporting NWS employees have taken shelter. #arwx #tornado,1970-01-01 00:00:00.000040659,0,Kolkata,1970-01-01,['shelter'],katv little rock reporting nws employees have taken shelter
1186,National Weather Service in Little Rock taking shelter as 2 rounds of storms move through. Tornado warn: http://wxch.nl/id21o4 #severe,1970-01-01 00:00:00.000040659,1,Hyderabad,1970-01-01,['shelter'],national weather service little rock taking shelter as rounds storms move through tornado warn
1188,wxmic: NWS Little Rock taking shelter now...tornado warning for Little Rock.,1970-01-01 00:00:00.000040659,0,Chennai,1970-01-01,['shelter'],wxmic nws little rock taking shelter nowtornado warning little rock
1189,In our tornado shelter in a closet under the stairs of our house with our puppies. Not fun.,1970-01-01 00:00:00.000040659,1,Delhi,1970-01-01,['shelter'],our tornado shelter closet stairs our house our puppies fun
1191,"RT @todaysthv: Strong tornado, Vilonia seek shelter now  #arwx",1970-01-01 00:00:00.000040659,1,Bangalore,1970-01-01,['shelter'],rt strong tornado vilonia seek shelter now
1192,"NWS in Little Rock, AR is taking shelter now. LITTLE ROCK, AR, TAKE COVER NOW. Possible #tornado moving through the metro. #arwx #littlerock",1970-01-01 00:00:00.000040659,1,Delhi,1970-01-01,['shelter'],nws little rock ar taking shelter now little rock ar take cover now possible moving through metro
1193,NWS Little Rock taking shelter now...tornado warning for Little Rock.,1970-01-01 00:00:00.000040659,1,Hyderabad,1970-01-01,['shelter'],nws little rock taking shelter nowtornado warning little rock
1194,WFO in Little Rock is taking shelter as Tornado is headed right for their office #arwx,1970-01-01 00:00:00.000040659,1,Chennai,1970-01-01,['shelter'],wfo little rock taking shelter as tornado headed right their office
1195,NWS Little Rock is taking shelter from the tornado warned area.  Be safe!,1970-01-01 00:00:00.000040659,1,Bangalore,1970-01-01,['shelter'],nws little rock taking shelter tornado warned area be safe
1196,NWS Little Rock taking shelter from tornado now.,1970-01-01 00:00:00.000040659,1,Chennai,1970-01-01,['shelter'],nws little rock taking shelter tornado now
1197,"***TORNADO EMERGENCY*** FOR VILONIA, AR. LARGE WEDGE TORNADO ON GROUND. NWS IN LR TAKING SHELTER",1970-01-01 00:00:00.000040659,1,Hyderabad,1970-01-01,['shelter'],tornado emergency vilonia ar large wedge tornado ground nws lr taking shelter
1198,"Strong tornado, Vilonia seek shelter now  #arwx",1970-01-01 00:00:00.000040659,1,Bangalore,1970-01-01,['shelter'],strong tornado vilonia seek shelter now
1201,Be careful boo RT @BrwnEyed_Honey AAAAAHHHHH!!!!! RT @todaysthv: West Little Rock radar is showing possible tornado. Seek shelter now. #arwx,1970-01-01 00:00:00.000040659,1,Delhi,1970-01-01,['shelter'],be careful boo rt aaaaahhhhh rt west little rock radar showing possible tornado seek shelter now
1202,U feel meRT @BrwnEyed_Honey: AAAAAHHHHH!!!!! RT @todaysthv: West Little Rock radar is showing possible tornado. Seek shelter now. #arwx,1970-01-01 00:00:00.000040659,1,Chennai,1970-01-01,['shelter'],u feel mert aaaaahhhhh rt west little rock radar showing possible tornado seek shelter now
1203,AAAAAHHHHH!!!!! RT @todaysthv: West Little Rock radar is showing possible tornado. Seek shelter now. #arwx,1970-01-01 00:00:00.000040659,1,Mumbai,1970-01-01,['shelter'],aaaaahhhhh rt west little rock radar showing possible tornado seek shelter now
1204,West Little Rock radar is showing possible tornado. Seek shelter now. #arwx,1970-01-01 00:00:00.000040659,1,Kolkata,1970-01-01,['shelter'],west little rock radar showing possible tornado seek shelter now
1206,West Little Rock get to your Tornado Shelter now!,1970-01-01 00:00:00.000040659,1,Mumbai,1970-01-01,['shelter'],west little rock get your tornado shelter now
1209,I hope everyone in central ar seek shelter during this tornado! This is #scary :(,1970-01-01 00:00:00.000040659,1,Bangalore,1970-01-01,['shelter'],i hope everyone central ar seek shelter during this tornado this
1210,"RT severestudios: Vilonia, ARK Take Shelter NOW! Debris ball on radar, indicating the tornado heading right toward Vilonia. #tornado",1970-01-01 00:00:00.000040659,1,Chennai,1970-01-01,['shelter'],rt severestudios vilonia ark take shelter now debris ball radar indicating tornado heading right toward vilonia
1212,"Vilonia, ARK Take Shelter NOW!  Debris ball on radar, indicating the tornado heading right toward Vilonia.  #tornado",1970-01-01 00:00:00.000040659,1,Mumbai,1970-01-01,['shelter'],vilonia ark take shelter now debris ball radar indicating tornado heading right toward vilonia
1213,"Debris ball evident on radar just SE of Mayflower, AR. Powerful #tornado moving towards Vilonia. SEEK SHELTER NOW! VILONIA TAKE COVER! #arwx",1970-01-01 00:00:00.000040659,1,Mumbai,1970-01-01,['shelter'],debris ball evident radar se mayflower ar powerful moving towards vilonia seek shelter now vilonia take cover
1215,Melissa Simas and I are taking shelter in the makeup room. #Arkwx confirmed tornado on ground in gentry corner,1970-01-01 00:00:00.000040659,1,Mumbai,1970-01-01,['shelter'],melissa simas i taking shelter makeup room confirmed tornado ground gentry corner
1218,Sitting in my closet taking shelter from a tornado warning. Watching Casey Abrams on youtube. At least I'll die amused.,1970-01-01 00:00:00.000040659,1,Chennai,1970-01-01,['shelter'],sitting my closet taking shelter tornado warning watching casey abrams youtube least ill die amused
1221,Am I the only one who ends up needing to umm... *go to the bathroom* when there is a tornado coming & my whole family has to shelter there?,1970-01-01 00:00:00.000040659,1,Hyderabad,1970-01-01,['shelter'],am i one who ends needing umm go bathroom when tornado coming my whole family has shelter
1222,"Very strong #tornado SRV couplet just W of Maumelle/Roland/Mayflower, AR moving NE @ 45mph. Dangerous storm, take shelter now. #arwx",1970-01-01 00:00:00.000040659,1,Delhi,1970-01-01,['shelter'],strong srv couplet w maumellerolandmayflower ar moving ne mph dangerous storm take shelter now
1224,"Hiya local (Jackson County in Southern Illinois) tweeps. We're in a tornado warning. Again, apparently. Seek shelter or whatevers.",1970-01-01 00:00:00.000040659,1,Bangalore,1970-01-01,['shelter'],hiya local jackson county southern illinois tweeps tornado warning apparently seek shelter whatevers
1228,Possible tornado near I-55 moving NE toward Duck Hill! Residents of this area should take shelter immediately if you havent already! #mswx,1970-01-01 00:00:00.000040653,1,Hyderabad,1970-01-01,['shelter'],possible tornado near i moving ne toward duck hill residents this area should take shelter immediately if you havent already
1231,RT @msstate MSU is under a tornado warning for the Starkville campus until 6:15 p.m. A tornado has been sighted. Seek shelter. Stay safe!,1970-01-01 00:00:00.000040653,1,Mumbai,1970-01-01,['shelter'],rt msu tornado warning starkville campus until pm tornado has been sighted seek shelter stay safe
1232,MSU is under a tornado warning for the Starkville campus until 6:15 p.m. A tornado has been sighted. Seek shelter. Remain in a safe place.,1970-01-01 00:00:00.000040653,1,Bangalore,1970-01-01,['shelter'],msu tornado warning starkville campus until pm tornado has been sighted seek shelter remain safe place
1233,=@david_w_ross David!I spent an hour in a TORNADO shelter last night what a waste it would be to be blown to OZ And NEVER have.... met you.,1970-01-01 00:00:00.000040653,1,Kolkata,1970-01-01,['shelter'],davidi spent hour tornado shelter last night what waste it would be be blown oz never have met you
1235,Tornado sirens going off RIGHT NOW at Mississippi State Univ. for funnel cloud near campus.  Take shelter!,1970-01-01 00:00:00.000040653,1,Delhi,1970-01-01,['shelter'],tornado sirens going off right now mississippi state univ funnel cloud near campus take shelter
1236,RT @msstate MSU is under a tornado warning for the Starkville campus. A tornado has been sighted. Seek shelter. Remain in a safe place.,1970-01-01 00:00:00.000040653,1,Chennai,1970-01-01,['shelter'],rt msu tornado warning starkville campus tornado has been sighted seek shelter remain safe place
1238,Weather Alert: tornado warning for the Starkville until 6:15 p.m. A tornado has been sighted. Seek shelter. Remain in a safe place.,1970-01-01 00:00:00.000040653,1,Bangalore,1970-01-01,['shelter'],weather alert tornado warning starkville until pm tornado has been sighted seek shelter remain safe place
1239,New post: How to Help Tornado Victims at Heritage High shelter http://bit.ly/hl4daM,1970-01-01 00:00:00.000040653,1,Hyderabad,1970-01-01,['shelter'],new post how help tornado victims heritage high shelter
1244,This fool just said she thinks the stadium would be a good tornado shelter. Really bitch? It's an open structure...#Icant,1970-01-01 00:00:00.000040653,1,Bangalore,1970-01-01,['shelter'],this fool said she thinks stadium would be good tornado shelter really bitch its open structure
1275,"take shelter. its gonna be a close one. potential for tornado, large hail, strong winds. #serious",1970-01-01 00:00:00.000040653,0,Hyderabad,1970-01-01,['shelter'],take shelter its gonna be close one potential tornado large hail strong winds
1279,The Starkville Campus is now under a tornado warning until 5:15 pm. Seek shelter if campus sirens sound. Continue to monitor local news,1970-01-01 00:00:00.000040653,1,Chennai,1970-01-01,['shelter'],starkville campus now tornado warning until pm seek shelter if campus sirens sound continue monitor local news
1283,.  If you are the only one around with a storm shelter and the tornado is on its way‚Ä¶.it is amazing how closely people can pack in together.,1970-01-01 00:00:00.000040653,1,Hyderabad,1970-01-01,['shelter'],if you one around storm shelter tornado its wayit amazing how closely people pack together
1286,Heritage High school in Wake Forest has a shelter here + accepting donations for tornado victims. . a www. so sad. there's animals here too.,1970-01-01 00:00:00.000040653,1,Mumbai,1970-01-01,['shelter'],heritage high school wake forest has shelter accepting donations tornado victims sad theres animals
1287,=@markknoller @peteherr what about Safe Shelters has he got a mobile TORNADO shelter to put into the ground? i would want that to travel with,1970-01-01 00:00:00.000040653,0,Delhi,1970-01-01,['shelter'],what safe shelters has he got mobile tornado shelter put ground i would want that travel
1288,I'm walking funny today.  3 tornado funnels over our town and the kids apparently thought my a$$ was a storm shelter and crawled up it.,1970-01-01 00:00:00.000040653,0,Chennai,1970-01-01,['shelter'],im walking funny today tornado funnels our town kids apparently thought my storm shelter crawled it
1289,made zero effort to seek any shelter other than the comfort of my bed during that tornado situation.. #oops,1970-01-01 00:00:00.000040653,1,Bangalore,1970-01-01,['shelter'],made zero effort seek shelter comfort my bed during that tornado situation
1290,Having class In a tornado shelter sucks because I have no service just Internet #byebyeservice,1970-01-01 00:00:00.000040653,1,Chennai,1970-01-01,['shelter'],having class tornado shelter sucks because i have service internet
1292,@kellilindon pretty sure I slept walk to and from the tornado shelter .. and I hear you got black mail photos of me on the floor too haha,1970-01-01 00:00:00.000040653,1,Chennai,1970-01-01,['shelter'],pretty sure i slept walk tornado shelter i hear you got black mail photos me floor haha
1293,"If you are in Tornado Alley, Do you have a safe room or shelter set-up? http://sodahead.com/poll/1701537/",1970-01-01 00:00:00.000040653,1,Delhi,1970-01-01,['shelter'],if you tornado alley do you have safe room shelter setup
1296,So UK sent out a e-mail last night at 2 something telling me to seek shelter immediately. Good thing I lived. Ever heard of tornado sirens?,1970-01-01 00:00:00.000040653,0,Delhi,1970-01-01,['shelter'],uk sent out email last night something telling me seek shelter immediately good thing i lived ever heard tornado sirens
1297,Apparently a tornado happened last night in lex? UK made sure to let me know to seek shelter... by email.,1970-01-01 00:00:00.000040653,1,Hyderabad,1970-01-01,['shelter'],apparently tornado happened last night lex uk made sure let me know seek shelter email
1298,Hot in Cleveland Season 1: Ep 10 Tornado: Tornado. A tornado forces the girls to seek shelter in Elka‚Äôs hi... http://tinyurl.com/3wobcww,1970-01-01 00:00:00.000040653,1,Delhi,1970-01-01,['shelter'],hot cleveland season ep tornado tornado tornado forces girls seek shelter elkas hi
1299,"Last night: radio tornado warnings advised us to seek shelter, took refuge in blacked out Loves. Then tree down on road. Memphis at 2 am",1970-01-01 00:00:00.000040653,1,Chennai,1970-01-01,['shelter'],last night radio tornado warnings advised us seek shelter took refuge blacked out loves tree down road memphis am
1300,"Oh snap, I slept through the storm lol woke up with weather emails talking about Tornado warnings and seeking shelter.",1970-01-01 00:00:00.000040653,1,Bangalore,1970-01-01,['shelter'],oh snap i slept through storm lol woke weather emails talking tornado warnings seeking shelter
1301,"After the tornado @ work, and dealing w/ the jerks in the shelter (who I wanted to kill) and the slowpoke carpool, I SHOULD get high today.",1970-01-01 00:00:00.000040653,0,Chennai,1970-01-01,['shelter'],tornado work dealing w jerks shelter who i wanted kill slowpoke carpool i should get high today
1302,@JustJOSHnU hahaha same here! it's like -tornado siren- *madea voice* oh heeell no. *runs like hell and hides in tornado shelter*,1970-01-01 00:00:00.000040653,1,Bangalore,1970-01-01,['shelter'],hahaha its like tornado siren madea voice oh heeell runs like hell hides tornado shelter
1303,Wow! Tornado warning so me and the kids and my very elderly grandma had to take shelter under the stairs in her old farm house at 3 am!,1970-01-01 00:00:00.000040653,1,Kolkata,1970-01-01,['shelter'],wow tornado warning me kids my elderly grandma had take shelter stairs her old farm house am
1305,@PrettyTam1 Wait... so instead of seeking shelter in a TORNADO WATCH you put on pants for safety??? O-o WTF!!!,1970-01-01 00:00:00.000040653,1,Hyderabad,1970-01-01,['shelter'],wait instead seeking shelter tornado watch you put pants safety oo wtf
1306,"say there really was a tornado , would the news casters just sit there talking about it or would they go find shelter ?",1970-01-01 00:00:00.000040653,1,Mumbai,1970-01-01,['shelter'],say really tornado would news casters sit talking it would they go find shelter
1307,@mmitchelldaviss ARE YOU IN YOUR TORNADO SHELTER?!?! BECAUSE YOU HAVE A REALLY HIGH TORNADO WARNING. :(,1970-01-01 00:00:00.000040653,1,Bangalore,1970-01-01,['shelter'],you your tornado shelter because you have really high tornado warning
1308,"Woken up by tornado sirens, high wind and hard rain - glad I keep reading material in the bathroom (my storm shelter)",1970-01-01 00:00:00.000040653,1,Chennai,1970-01-01,['shelter'],woken tornado sirens high wind hard rain glad i keep reading material bathroom my storm shelter
1309,Wow a tornado was coming...kind of a let down we didn't see it....was really sweet though. If your in Licking County be safe find shelter,1970-01-01 00:00:00.000040653,1,Chennai,1970-01-01,['shelter'],wow tornado comingkind let down we didnt see itwas really sweet though if your licking county be safe find shelter
1310,"Oh hey, tornado sirens! How trendy of me to be telling Twitter before seeking information and/or shelter. Like the old IRC fires. #likeaboss",1970-01-01 00:00:00.000040653,1,Mumbai,1970-01-01,['shelter'],oh hey tornado sirens how trendy me be telling twitter before seeking information andor shelter like old irc fires
1311,Thunderstorms ok but high winds sirens and tornado warnings I'm up and in a shelter.,1970-01-01 00:00:00.000040653,0,Bangalore,1970-01-01,['shelter'],thunderstorms ok but high winds sirens tornado warnings im shelter
1316,Can't sleep now because there is a tornado warning and calls from UK Alert saying seek shelter immediately. They better cancel class! : (,1970-01-01 00:00:00.000040653,1,Hyderabad,1970-01-01,['shelter'],cant sleep now because tornado warning calls uk alert saying seek shelter immediately they better cancel class
1317,"Issued a tornado alert for everybody to grab shelter, eek I'm I'm the second floor with no where better to go",1970-01-01 00:00:00.000040653,1,Hyderabad,1970-01-01,['shelter'],issued tornado alert everybody grab shelter eek im im second floor where better go
1318,"I hope everyone up north, including all native tribes and animals, are safe and not injured. If a tornado in your area, seek shelter ASAP!",1970-01-01 00:00:00.000040653,1,Kolkata,1970-01-01,['shelter'],i hope everyone north including native tribes animals safe injured if tornado your area seek shelter asap
1320,"=@ty_bruns OMG sounds scary, Do you have a shelter? has there ever been a TORNADO in cincin??",1970-01-01 00:00:00.000040653,1,Chennai,1970-01-01,['shelter'],omg sounds scary do you have shelter has ever been tornado cincin
1328,Tornado warning.  Seeking shelter in my bathroom with 5 other girls.  Ends in 5 minutes.  Wahhhh.,1970-01-01 00:00:00.000040653,1,Hyderabad,1970-01-01,['shelter'],tornado warning seeking shelter my bathroom girls ends minutes wahhhh
1332,"@NfamousKaye and there was a Tornado warning like ""seek shelter immediately!!"" We always get those msgs but this was the first time I",1970-01-01 00:00:00.000040653,1,Mumbai,1970-01-01,['shelter'],tornado warning like seek shelter immediately we always get those msgs but this first time i
1336,tornado warning. ugh. why am I a weather expert and therefore ready to take shelter in the elevator shaft? @jmomo90 #flyingdebris #sirens,1970-01-01 00:00:00.000040653,1,Delhi,1970-01-01,['shelter'],tornado warning ugh why am i weather expert therefore ready take shelter elevator shaft
1337,Ok we are being forced to seek shelter in the first floor hallway #Tornado,1970-01-01 00:00:00.000040653,1,Chennai,1970-01-01,['shelter'],ok we being forced seek shelter first floor hallway
1343,Experiencing my first evacuation due to tornado warning. Was expecting some sort of shelter. Got the airport basement. #letdown,1970-01-01 00:00:00.000040653,1,Bangalore,1970-01-01,['shelter'],experiencing my first evacuation due tornado warning expecting sort shelter got airport basement
1344,Tornado warning is in effect until 1:45am Wednesday. Sirens continue to sound. Get to shelter,1970-01-01 00:00:00.000040653,1,Hyderabad,1970-01-01,['shelter'],tornado warning effect until am wednesday sirens continue sound get shelter
1346,@DatDudeBp are you in your tornado shelter...sure hope so! Be safe!,1970-01-01 00:00:00.000040653,0,Delhi,1970-01-01,['shelter'],you your tornado sheltersure hope be safe
1348,"@XavierSilas In my area (Northern, KY) we are under a tornado warning. Taking shelter in a downstairs bathroom. :-(",1970-01-01 00:00:00.000040653,1,Kolkata,1970-01-01,['shelter'],my area northern ky we tornado warning taking shelter downstairs bathroom
1349,Tornado Warning extended til 1:45am. Seek shelter immediately. All Metro vehs should be off the road. Stay safe and keep praying.,1970-01-01 00:00:00.000040653,0,Chennai,1970-01-01,['shelter'],tornado warning extended til am seek shelter immediately metro vehs should be off road stay safe keep praying
1350,RT @AllisonChinchar: Tornado Warning for Stewart county added until 12:45am. Please seek shelter!)) montgomery..christian ky be aware,1970-01-01 00:00:00.000040653,0,Delhi,1970-01-01,['shelter'],rt tornado warning stewart county added until am please seek shelter montgomerychristian ky be aware
1351,"So, how many climate change deniers does it take to fill a tornado shelter?",1970-01-01 00:00:00.000040653,1,Kolkata,1970-01-01,['shelter'],how many climate change deniers does it take fill tornado shelter
1354,"It only seems natural that when we get a text to ""seek shelter immediately"" due to a tornado/thunderstorm everyone decides to go outside.",1970-01-01 00:00:00.000040653,1,Chennai,1970-01-01,['shelter'],it seems natural that when we get text seek shelter immediately due tornadothunderstorm everyone decides go outside
1355,((Ladies and gents...I may have to go to the shelter within the next half hour or so. A blanket tornado warning may be expanding my way)),1970-01-01 00:00:00.000040653,1,Mumbai,1970-01-01,"['blanket', 'shelter']",ladies gentsi may have go shelter within next half hour blanket tornado warning may be expanding my way
1357,‚Äú@AllisonChinchar: Strong rotation with that Tornado Warning up near Paris and Puryear. Please seek shelter with this storm!‚Äù ruh roh,1970-01-01 00:00:00.000040653,1,Chennai,1970-01-01,['shelter'],strong rotation that tornado warning near paris puryear please seek shelter this storm ruh roh
1358,"Decision made, heading to the tornado shelter. I better see a tornado since I'm getting up.",1970-01-01 00:00:00.000040653,0,Delhi,1970-01-01,['shelter'],decision made heading tornado shelter i better see tornado since im getting
1361,"=@FFLBruceEStBand near  you?RT @Kentuckyweather: Folks near Florence, Indep & Walton need to Seek shelter NOW. Possible TORNADO on top of you",1970-01-01 00:00:00.000040653,1,Mumbai,1970-01-01,['shelter'],near yourt folks near florence indep walton need seek shelter now possible tornado top you
1363,Haha RT @smithdc5: I will seek shelter from the tornado in my #trashcan from @BrickStOxford tonight.,1970-01-01 00:00:00.000040653,0,Hyderabad,1970-01-01,['shelter'],haha rt i seek shelter tornado my tonight
1364,@BaileyRoss901 we need to find a #tornadoshelter lmao,1970-01-01 00:00:00.000040653,1,Mumbai,1970-01-01,['shelter'],we need find lmao
1366,((I will brb. The tornado warnings are getting closer to us...so I have to get ready to head to shelter if I have to go.)),1970-01-01 00:00:00.000040653,0,Bangalore,1970-01-01,['shelter'],i brb tornado warnings getting closer usso i have get ready head shelter if i have go
1367,"RT @Kentuckyweather: Folks near Florence, Independence and Walton need to be seeking shelter NOW. Possible tornado right on top of you.",1970-01-01 00:00:00.000040653,1,Hyderabad,1970-01-01,['shelter'],rt folks near florence independence walton need be seeking shelter now possible tornado right top you
1369,"Folks near Florence, Independence and Walton need to be seeking shelter NOW. Possible tornado right on top of you.",1970-01-01 00:00:00.000040653,1,Kolkata,1970-01-01,['shelter'],folks near florence independence walton need be seeking shelter now possible tornado right top you
1370,"FWD: FR:Miami U
SUBJ:Tornado Warning
MSG:Tornado Warning issued for Butler County, Ohio. Seek shelter immediately. - HAPPY 420!",1970-01-01 00:00:00.000040653,1,Hyderabad,1970-01-01,['shelter'],fwd frmiami u subjtornado warning msgtornado warning issued butler county ohio seek shelter immediately happy
1371,Strong rotation with that Tornado Warning up near Paris and Puryear. Please seek shelter with this storm!,1970-01-01 00:00:00.000040653,1,Delhi,1970-01-01,['shelter'],strong rotation that tornado warning near paris puryear please seek shelter this storm
1374,in tornado shelter at work..tornado hitting a few miles away from here.supposed to be off work at 1 am.stuck in work,1970-01-01 00:00:00.000040653,1,Kolkata,1970-01-01,['shelter'],tornado shelter worktornado hitting miles away heresupposed be off work amstuck work
1376,If you are in a #tornado warning - please take shelter. Nothing confirmed but these storms are capable of producing a tornado.,1970-01-01 00:00:00.000040653,1,Bangalore,1970-01-01,['shelter'],if you warning please take shelter nothing confirmed but these storms capable producing tornado
1377,Needs @Hunterr_Scott to cuddle with during this tornado. Seeking shelter with @cmckenz22 in CP for the night. Sooo long prov.,1970-01-01 00:00:00.000040653,1,Chennai,1970-01-01,['shelter'],needs cuddle during this tornado seeking shelter cp night sooo long prov
1380,"On the other hand, the voiceover is amusing. ""Seek shelter *now.* Do not wait until you see or hear the tornado. It may be too late.""",1970-01-01 00:00:00.000040653,1,Bangalore,1970-01-01,['shelter'],hand voiceover amusing seek shelter now do wait until you see hear tornado it may be late
1382,Our university just sent out a tornado warning email telling us to seek shelter *crawls under bed* LOL,1970-01-01 00:00:00.000040653,1,Bangalore,1970-01-01,['shelter'],our university sent out tornado warning email telling us seek shelter crawls bed lol
1383,im in this hot ass bathroom aka tornado shelter....this shit ain't mixxie,1970-01-01 00:00:00.000040653,1,Delhi,1970-01-01,['shelter'],im this hot ass bathroom aka tornado shelterthis shit aint mixxie
1384,‚Äú@thekylecook: ‚Äú@MsT_Renae: A TORNADO WARNING HAS BEEN ISSUED FOR JEFF.CNTY PLEASE SEEK SHELTER #istillgetupdates‚Äù <= ME TOOO!!‚Äù SAME! lol,1970-01-01 00:00:00.000040653,1,Bangalore,1970-01-01,['shelter'],tornado warning has been issued jeffcnty please seek shelter me tooo lol
1385,Tornado sirens just went off. Some people seek shelter... I take Lola out for a quick bathroom break! Got to know your priorities!,1970-01-01 00:00:00.000040653,1,Hyderabad,1970-01-01,['shelter'],tornado sirens went off people seek shelter i take lola out quick bathroom break got know your priorities
1386,"A tornado warning has been issued for Jefferson County, please seek shelter in a safe location.",1970-01-01 00:00:00.000040653,1,Delhi,1970-01-01,['shelter'],tornado warning has been issued jefferson county please seek shelter safe location
1388,"RT @LivingSafely: NWS issues Tornado Warning for parts of #KY, #OH, #TN. Seek strong shelter now if at risk: http://ow.ly/4p9AD",1970-01-01 00:00:00.000040653,1,Hyderabad,1970-01-01,['shelter'],rt nws issues tornado warning parts seek strong shelter now if risk
1393,Praying for my mom and dad stuck in a tornado shelter right now!,1970-01-01 00:00:00.000040653,1,Mumbai,1970-01-01,['shelter'],praying my mom dad stuck tornado shelter right now
1395,Just got in my tornado shelter aka my bathroom with a lot of blankets my diaries grape juice and pop tarts lol the power is flickering..,1970-01-01 00:00:00.000040653,1,Kolkata,1970-01-01,"['blanket', 'shelter']",got my tornado shelter aka my bathroom lot blankets my diaries grape juice pop tarts lol power flickering
1396,#Tornado in #Memphis? Storms really do follow me. I need a portable storm shelter,1970-01-01 00:00:00.000040653,1,Kolkata,1970-01-01,['shelter'],storms really do follow me i need portable storm shelter
1398,=@abbylibrarian please be SAFE.  can you go to a TORNADO shelter somewhere??,1970-01-01 00:00:00.000040653,1,Delhi,1970-01-01,['shelter'],please be safe you go tornado shelter somewhere
1399,‚Äú@MsT_Renae: A TORNADO WARNING HAS BEEN ISSUED FOR JEFFERSON COUNTY.  PLEASE SEEK SHELTER IN A SAFE LOCATION #istillgetupdates‚Äù <= ME TOOO!!,1970-01-01 00:00:00.000040653,1,Mumbai,1970-01-01,['shelter'],tornado warning has been issued jefferson county please seek shelter safe location me tooo
1400,If there's any little bit of wind here people freak out and go to the tornado shelter. I will be asleep in bed at home thank you very much.,1970-01-01 00:00:00.000040653,0,Kolkata,1970-01-01,['shelter'],if theres little bit wind people freak out go tornado shelter i be asleep bed home thank you much
1401,"tornado cant touch u if u above da clouds ====√ó~~~ ....naw but really, seek shelter...and get off twitter",1970-01-01 00:00:00.000040653,1,Mumbai,1970-01-01,['shelter'],tornado cant touch u if u above da clouds naw but really seek shelterand get off twitter
1402,TORNADO SHELTER I'm live on Ustream! http://ustre.am/qU4B 12:14 AM EDT,1970-01-01 00:00:00.000040653,1,Bangalore,1970-01-01,['shelter'],tornado shelter im live ustream am edt
1403,"US/Silver Spring: NWS issues Tornado Warning for parts of #KY, #OH, #TN. Seek strong shelter now if at risk: http://ow.ly/4DTq7",1970-01-01 00:00:00.000040653,1,Delhi,1970-01-01,['shelter'],ussilver spring nws issues tornado warning parts seek strong shelter now if risk
1407,Really tornado sirens?! I wanted to shower before you went off. Seeking shelter on the 1st floor. #intenseshit,1970-01-01 00:00:00.000040653,0,Mumbai,1970-01-01,['shelter'],really tornado sirens i wanted shower before you went off seeking shelter st floor
1410,"Louisville metro seek shelter now!! Tornado signatures all along the warning area stretching as far east as J town, mt washington...",1970-01-01 00:00:00.000040653,0,Hyderabad,1970-01-01,['shelter'],louisville metro seek shelter now tornado signatures along warning area stretching as far east as j town mt washington
1411,Me 2! Lol RT @MsT_Renae: A TORNADO WARNING HAS BEEN ISSUED FOR JEFFERSON COUNTY.  PLEASE SEEK SHELTER IN A SAFE LOCATION #istillgetupdates,1970-01-01 00:00:00.000040653,1,Kolkata,1970-01-01,['shelter'],me lol rt tornado warning has been issued jefferson county please seek shelter safe location
1412,Hope all my friends in Louisville are safe! Just heard they issued a tornado warning! Seek shelter!,1970-01-01 00:00:00.000040653,0,Bangalore,1970-01-01,['shelter'],hope my friends louisville safe heard they issued tornado warning seek shelter
1414,A TORNADO WARNING HAS BEEN ISSUED FOR JEFFERSON COUNTY.  PLEASE SEEK SHELTER IN A SAFE LOCATION #istillgetupdates,1970-01-01 00:00:00.000040653,0,Delhi,1970-01-01,['shelter'],tornado warning has been issued jefferson county please seek shelter safe location
1419,‚Äú@stevegiglio: And there goes the f'n tornado siren! I HATE this ****!‚Äù head for shelter!,1970-01-01 00:00:00.000040653,1,Bangalore,1970-01-01,['shelter'],goes fn tornado siren i hate this head shelter
1420,RT @MaryBiever: Factories that refuse to let workers get shelter in tornado warnings get caught on Twitter. Berry bad call.,1970-01-01 00:00:00.000040653,1,Hyderabad,1970-01-01,['shelter'],rt factories that refuse let workers get shelter tornado warnings get caught twitter berry bad call
1425,Not a productive class tonight what with half of it spent in the tornado shelter.,1970-01-01 00:00:00.000040653,1,Chennai,1970-01-01,['shelter'],productive class tonight what half it spent tornado shelter
1426,My fitness area in basement makes a darn good tornado shelter... bed = sleeping bag on yoga mat. http://plixi.com/p/94089066,1970-01-01 00:00:00.000040653,1,Delhi,1970-01-01,['shelter'],my fitness area basement makes darn good tornado shelter bed sleeping bag yoga mat
1428,Tornado warning was scary!! Had to go with the class to the storm shelter in the Life Science building..,1970-01-01 00:00:00.000040653,1,Delhi,1970-01-01,['shelter'],tornado warning scary had go class storm shelter life science building
1429,Dang a Tornado tho! The tv just told me to seek shelter lol I think I'm gd on this couch! Now turn the movie back on jeez!!,1970-01-01 00:00:00.000040653,1,Mumbai,1970-01-01,['shelter'],dang tornado tho tv told me seek shelter lol i think im gd this couch now turn movie back jeez
1433,All these tornado's make me nervous as I get older. What I need is a FALLOUT SHELTER. Aw yeah!,1970-01-01 00:00:00.000040653,1,Hyderabad,1970-01-01,['shelter'],these tornados make me nervous as i get older what i need fallout shelter aw yeah
1437,"""Run for the shelter, but make sure you check in first!"" 29 People have checked into a Tornado in Indianapolis, IN. #modernlives",1970-01-01 00:00:00.000040653,0,Mumbai,1970-01-01,['shelter'],run shelter but make sure you check first people have checked tornado indianapolis
1438,Factories that refuse to let workers get shelter in tornado warnings get caught on Twitter. Berry bad call.,1970-01-01 00:00:00.000040653,1,Kolkata,1970-01-01,['shelter'],factories that refuse let workers get shelter tornado warnings get caught twitter berry bad call
1440,Kids out of the tornado shelter (my office) and back in bed.  Thanks Lord for safety (and the troopers!) http://plixi.com/p/94081619,1970-01-01 00:00:00.000040653,0,Hyderabad,1970-01-01,['shelter'],kids out tornado shelter my office back bed thanks lord safety troopers
1441,@laurenagrigg That's a pretty low-budget tornado shelter! Did they make you wear a helmet?,1970-01-01 00:00:00.000040653,1,Delhi,1970-01-01,['shelter'],thats pretty lowbudget tornado shelter did they make you wear helmet
1442,@CaseyRee it's a nice under ground shelter but that's the only way u could have got me in it... Tornado approaching Zalma in about min...,1970-01-01 00:00:00.000040653,1,Kolkata,1970-01-01,['shelter'],its nice ground shelter but thats way u could have got me it tornado approaching zalma min
1443,@RileyMcIlwain I wish I could do that..im sitting in a storm shelter we might have a tornado :/,1970-01-01 00:00:00.000040653,1,Chennai,1970-01-01,['shelter'],i wish i could do thatim sitting storm shelter we might have tornado
1444,@hereslizz We do get tornado watches or warning here but very rare for them to damage a populated area. I've never had to seek shelter.,1970-01-01 00:00:00.000040653,1,Kolkata,1970-01-01,['shelter'],we do get tornado watches warning but rare them damage populated area ive never had seek shelter
1445,Scary weather coming. Got our tornado shelter cleared out.,1970-01-01 00:00:00.000040653,1,Mumbai,1970-01-01,['shelter'],scary weather coming got our tornado shelter cleared out
1446,Listening to @justinbieber  while taking shelter for a tornado:) o yes i would die listening to him :),1970-01-01 00:00:00.000040653,0,Kolkata,1970-01-01,['shelter'],listening while taking shelter tornado o yes i would die listening him
1449,I thought I left the Tornadoes in Xenia! Ugh Hale Hall is Not a good tornado shelter,1970-01-01 00:00:00.000040653,1,Hyderabad,1970-01-01,['shelter'],i thought i left tornadoes xenia ugh hale hall good tornado shelter
1454,"ANOTHER tornado warning? Fuck you, weather, I'm not taking shelter again.",1970-01-01 00:00:00.000040653,1,Hyderabad,1970-01-01,['shelter'],another tornado warning fuck you weather im taking shelter
1455,"@kdjohn34 - thanks for the follow!! Stay with @Golfschott, we're like a tornado shelter on twitter! We will keep you safe from nonsense!",1970-01-01 00:00:00.000040653,0,Bangalore,1970-01-01,['shelter'],thanks follow stay like tornado shelter twitter we keep you safe nonsense
1460,=@AdrienneHowland @BUpoliceChief: please be prepared to Seek shelter If the storm is upgraded to a TORNADO warning. Expect heavy winds.,1970-01-01 00:00:00.000040653,0,Kolkata,1970-01-01,['shelter'],please be prepared seek shelter if storm upgraded tornado warning expect heavy winds
1462,Soo I have to seek shelter bc there's an alleged tornado headed to my city..these r not the ppl I wanna spend my last moments with #jussayin,1970-01-01 00:00:00.000040653,1,Kolkata,1970-01-01,['shelter'],soo i have seek shelter bc theres alleged tornado headed my citythese r ppl i wanna spend my last moments
1463,Please be prepared to seek shelter if the storm is upgraded to a Tornado Warning. Expect heavy winds.,1970-01-01 00:00:00.000040653,1,Kolkata,1970-01-01,['shelter'],please be prepared seek shelter if storm upgraded tornado warning expect heavy winds
1465,"I evaded a tornado earlier, sprinting through the rain to shelter with tornado sirens blaring #epic #Texas",1970-01-01 00:00:00.000040653,0,Kolkata,1970-01-01,['shelter'],i evaded tornado earlier sprinting through rain shelter tornado sirens blaring
1469,You know what's super fun? Taking shelter from a tornado in a flooded basement.,1970-01-01 00:00:00.000040653,0,Delhi,1970-01-01,['shelter'],you know whats super fun taking shelter tornado flooded basement
1470,DOWNTOWN PINE BLUFF GET TO SUM SHELTER LIKE NOW! THERE IS A TORNADO WHISPING OVER UR STREETS RIGHT NOW!,1970-01-01 00:00:00.000040653,0,Mumbai,1970-01-01,['shelter'],downtown pine bluff get sum shelter like now tornado whisping ur streets right now
1474,Sooooo its tornado warning out and we need to take shelter man fuck dat im outside chilln on the deck wit my glass jus thinkn,1970-01-01 00:00:00.000040653,1,Bangalore,1970-01-01,['shelter'],sooooo its tornado warning out we need take shelter man fuck dat im outside chilln deck wit my glass jus thinkn
1476,Sooooo its tornado warning out and take shelter man fuck dat im outside chilln on the deck wit my glass jus thinkn,1970-01-01 00:00:00.000040653,1,Delhi,1970-01-01,['shelter'],sooooo its tornado warning out take shelter man fuck dat im outside chilln deck wit my glass jus thinkn
1481,‚Äú@SF_JimCamoriano: Just drove through Cape Girardeau trying to find shelter during a tornado warning. Tree limbs down. Streets like rivers.‚Äù,1970-01-01 00:00:00.000040653,1,Chennai,1970-01-01,['shelter'],drove through cape girardeau trying find shelter during tornado warning tree limbs down streets like rivers
1485,"@FireFly729 My house has no basement and is just a tiny cottage, no good place to shelter in case of tornado‚Ä¶ (cont) http://deck.ly/~pDjUE",1970-01-01 00:00:00.000040653,1,Delhi,1970-01-01,['shelter'],my house has basement tiny cottage good place shelter case tornado cont
1492,tornado warnings all across the state tonight..  be careful out there and seek shelter when needed!  http://w9ear.org/radar/kind_br1.htm,1970-01-01 00:00:00.000040653,1,Kolkata,1970-01-01,['shelter'],tornado warnings across state tonight be careful out seek shelter when needed
1495,"More Warnings: There are more tornado warnings‚Ä¶Clay, Owen, southern Putnam and Vigo counties until 10:15 ‚Äì take shelter http://bit.ly/eGb7rX",1970-01-01 00:00:00.000040653,1,Hyderabad,1970-01-01,['shelter'],warnings tornado warningsclay owen southern putnam vigo counties until take shelter
1497,"haha tornado warning, seek shelter... good thing I'm in an underground library",1970-01-01 00:00:00.000040653,0,Hyderabad,1970-01-01,['shelter'],haha tornado warning seek shelter good thing im underground library
1499,Carbondale #illinois City Council mtg recessed due to Tornado Warning. Taking shelter in City Hall basement.,1970-01-01 00:00:00.000040653,0,Chennai,1970-01-01,['shelter'],carbondale city council mtg recessed due tornado warning taking shelter city hall basement
1501,=@Tweeter_NCIS Scary. you guys have a TORNADO shelter?,1970-01-01 00:00:00.000040653,1,Hyderabad,1970-01-01,['shelter'],scary you guys have tornado shelter
1506,Just got a text that said Tornado Warning ...seek shelter immediately.... (gets up to get swisher & move car away from all trees)  lol:),1970-01-01 00:00:00.000040653,1,Kolkata,1970-01-01,['shelter'],got text that said tornado warning seek shelter immediately gets get swisher move car away trees lol
1516,"RT @LivingSafely: NWS issues Tornado Warning for parts of #AR, #IL, #LA, #MO. Seek strong shelter now if at risk: http://ow.ly/4p9AD",1970-01-01 00:00:00.000040653,1,Kolkata,1970-01-01,['shelter'],rt nws issues tornado warning parts seek strong shelter now if risk
1524,Tornado warning. don't really have shelter but do have a handle of tequila to take the edge off #itllsoakin,1970-01-01 00:00:00.000040653,0,Chennai,1970-01-01,['shelter'],tornado warning dont really have shelter but do have handle tequila take edge off
1525,"US/Silver Spring: NWS issues Tornado Warning for parts of #AR, #IL, #LA, #MO. Seek strong shelter now if at risk: http://ow.ly/4DPdY",1970-01-01 00:00:00.000040653,1,Bangalore,1970-01-01,['shelter'],ussilver spring nws issues tornado warning parts seek strong shelter now if risk
1527,Confirmed?!? RT @jenn_if_er ‚Äú@WthrmnSlaughter: large tornado on the ground near south stl county and jefferson co border! take shelter‚Äù,1970-01-01 00:00:00.000040653,1,Delhi,1970-01-01,['shelter'],confirmed rt large tornado ground near south stl county jefferson co border take shelter
1530,Fuck the gym it ls tornado sirens going off in peck ÓÑáÓÑáÓÑáwe in the storm shelter now.. Be safe siue tweeps!,1970-01-01 00:00:00.000040653,1,Delhi,1970-01-01,['shelter'],fuck gym it ls tornado sirens going off peck we storm shelter now be safe siue tweeps
1531,RT @WthrmnSlaughter: large tornado on the ground near south stl county and jefferson co border! take shelter #fb,1970-01-01 00:00:00.000040653,1,Bangalore,1970-01-01,['shelter'],rt large tornado ground near south stl county jefferson co border take shelter
1532,Here we go again! Another possible tornado outbreak. If ur in the path of these storms take shelter & stay safe!,1970-01-01 00:00:00.000040653,0,Mumbai,1970-01-01,['shelter'],we go another possible tornado outbreak if ur path these storms take shelter stay safe
1533,RT @WthrmnSlaughter: large tornado on the ground near south stl county and jefferson co border! take shelter,1970-01-01 00:00:00.000040653,1,Bangalore,1970-01-01,['shelter'],rt large tornado ground near south stl county jefferson co border take shelter
1534,"In a related story, Bruce Chen has thrown 17 straight shutout innings. RT @MatthewHLeach that sound is the tornado siren. Take shelter.",1970-01-01 00:00:00.000040653,1,Delhi,1970-01-01,['shelter'],related story bruce chen has thrown straight shutout innings rt that sound tornado siren take shelter
1535,‚Äú@WthrmnSlaughter: large tornado on the ground near south stl county and jefferson co border! take shelter‚Äù,1970-01-01 00:00:00.000040653,1,Kolkata,1970-01-01,['shelter'],large tornado ground near south stl county jefferson co border take shelter
1537,large tornado on the ground near south stl county and jefferson co border! take shelter,1970-01-01 00:00:00.000040653,1,Bangalore,1970-01-01,['shelter'],large tornado ground near south stl county jefferson co border take shelter
1538,"RT @MatthewHLeach: Folks, if you are at the stadium, that sound is in fact the tornado siren. Take shelter if you haven't already. #stlcards",1970-01-01 00:00:00.000040653,1,Kolkata,1970-01-01,['shelter'],rt folks if you stadium that sound fact tornado siren take shelter if you havent already
1539,"=@NeilNeumeyer Or enough time to take shelter. RT @MatthewHLeach
 Folks, If you ARE at the stadium, that sound is in fact the TORNADO siren.",1970-01-01 00:00:00.000040653,1,Mumbai,1970-01-01,['shelter'],enough time take shelter rt folks if you stadium that sound fact tornado siren
1540,So UMSL just sent a text talkin bout seek shelter it's a tornado warning don't cm2 campus  duh niggas I knoif only I hd a evening class smh,1970-01-01 00:00:00.000040653,1,Delhi,1970-01-01,['shelter'],umsl sent text talkin bout seek shelter its tornado warning dont cm campus duh niggas i knoif i hd evening class smh
1541,Stay safe STL RT @chester_lampkin: Tornado Warning in effect for St. Louis County & St. Louis City! Take shelter now!!! #stl #mowx #stlouis,1970-01-01 00:00:00.000040653,0,Hyderabad,1970-01-01,['shelter'],stay safe stl rt tornado warning effect st louis county st louis city take shelter now
1543,These bitches at the game more worried about men in the girls bathroom than SHELTER FROM A TORNADO! WEAK LONELY HOES!,1970-01-01 00:00:00.000040653,1,Delhi,1970-01-01,['shelter'],these bitches game worried men girls bathroom shelter tornado weak lonely hoes
1544,damn my school jus sent me a txt sayin its been a tornado warning seek shelter and do not come to campus lol!,1970-01-01 00:00:00.000040653,1,Chennai,1970-01-01,['shelter'],damn my school jus sent me txt sayin its been tornado warning seek shelter do come campus lol
1545,"@laurenish23 RT @matthewhleach: Folks, if youre at stadium, that sound is the tornado siren. Take shelter if you haven't already. #stlcards",1970-01-01 00:00:00.000040653,0,Hyderabad,1970-01-01,['shelter'],rt folks if youre stadium that sound tornado siren take shelter if you havent already
1550,"Folks, if you are at the stadium, that sound is in fact the tornado siren. Take shelter if you haven't already. #stlcards",1970-01-01 00:00:00.000040653,0,Mumbai,1970-01-01,['shelter'],folks if you stadium that sound fact tornado siren take shelter if you havent already
1558,Chilling with lexi in the tornado shelter.... Fun stuff lol,1970-01-01 00:00:00.000040653,0,Chennai,1970-01-01,['shelter'],chilling lexi tornado shelter fun stuff lol
1560,This rain is atrocious!!! The lightning and everything! Please be careful everyone! Stay near a tornado shelter/building!,1970-01-01 00:00:00.000040653,1,Mumbai,1970-01-01,['shelter'],this rain atrocious lightning everything please be careful everyone stay near tornado shelterbuilding
1561,And we are now in the shelter.... Tornado..... Welcome to life in the Midwest.,1970-01-01 00:00:00.000040653,0,Kolkata,1970-01-01,['shelter'],we now shelter tornado welcome life midwest
1575,"I guess if there's a tornado warning, being in a room with the police and fire chiefs with a shelter downstairs isn't a bad place to be.",1970-01-01 00:00:00.000040653,1,Mumbai,1970-01-01,['shelter'],i guess if theres tornado warning being room police fire chiefs shelter downstairs isnt bad place be
1579,Thinking about moving all my MJ and personal stuff into the tornado shelter until winter. I wonder if I can hook up my pc down there.,1970-01-01 00:00:00.000040653,1,Mumbai,1970-01-01,['shelter'],thinking moving my mj personal stuff tornado shelter until winter i wonder if i hook my pc down
1580,"my mom told me if i saw a tornado to ""run and find shelter"" as if my little 5 foot 3 of me could out run a wind machine...silly",1970-01-01 00:00:00.000040661,1,Delhi,1970-01-01,['shelter'],my mom told me if i saw tornado run find shelter as if my little foot me could out run wind machinesilly
1581,"I'd like to build a tornado shelter down at the ranch, there's some wild weather down there",1970-01-01 00:00:00.000040661,1,Kolkata,1970-01-01,['shelter'],id like build tornado shelter down ranch theres wild weather down
1582,=@scottmcpartland Do you think seeking shelter in the subway Safe from a tornado?,1970-01-01 00:00:00.000040661,1,Kolkata,1970-01-01,['shelter'],do you think seeking shelter subway safe tornado
1583,"Hoy recibo esto en un mail: In the event of a tornado, you should seek shelter immediately. :S",1970-01-01 00:00:00.000040661,1,Mumbai,1970-01-01,['shelter'],hoy recibo esto en un mail event tornado you should seek shelter immediately s
1584,Nothing scares me more than an F5 #Tornado. My heart just breaks for the people in #Tuscaloosa.Time to start digging a storm shelter.,1970-01-01 00:00:00.000040661,1,Kolkata,1970-01-01,['shelter'],nothing scares me f my heart breaks people time start digging storm shelter
1586,#StLouis Chapter Red Cross - Shelter and Clean-Up Supplies Available: http://ow.ly/4IPl1 #Midwest #Tornado #Flood,1970-01-01 00:00:00.000040661,0,Chennai,1970-01-01,['shelter'],chapter red cross shelter cleanup supplies available
1588,Yesterdays tornado was on the ground for 220 Miles! Just Wow! Red Cross had 2700 in shelter last night - largest since Katrina.  #dixie,1970-01-01 00:00:00.000040661,1,Chennai,1970-01-01,['shelter'],yesterdays tornado ground miles wow red cross had shelter last night largest since katrina
1589,"In tornado aftermath, many seek spiritual shelter in prayer: Tornadoes rip through the Bible. God speaks out of ... http://bit.ly/kRv1l7",1970-01-01 00:00:00.000040661,1,Bangalore,1970-01-01,['shelter'],tornado aftermath many seek spiritual shelter prayer tornadoes rip through bible god speaks out
1591,"[UT rel.] In tornado aftermath, many seek spiritual shelter in prayer: Tornadoes rip through the Bible. God spe... http://usat.ly/kX0vof",1970-01-01 00:00:00.000040661,0,Chennai,1970-01-01,['shelter'],ut rel tornado aftermath many seek spiritual shelter prayer tornadoes rip through bible god spe
1592,"In tornado aftermath, many seek spiritual shelter in prayer http://usat.ly/mfur4U",1970-01-01 00:00:00.000040661,1,Hyderabad,1970-01-01,['shelter'],tornado aftermath many seek spiritual shelter prayer
1593,I think every new house&building built should have tornado shelter..roads should have tornado safe houses underground that open when sirens,1970-01-01 00:00:00.000040661,0,Chennai,1970-01-01,['shelter'],i think every new housebuilding built should have tornado shelterroads should have tornado safe houses underground that open when sirens
1594,"parents, when you pick up this evening, we are in our shelter in place location in each classroom due to the tornado warning. #SafetyFirst",1970-01-01 00:00:00.000040661,0,Kolkata,1970-01-01,['shelter'],parents when you pick this evening we our shelter place location classroom due tornado warning
1595,dressed my child in the wrong uniform today and then drove my car into my open tornado shelter.  When does tomorrow start>,1970-01-01 00:00:00.000040661,1,Chennai,1970-01-01,['shelter'],dressed my child wrong uniform today drove my car my open tornado shelter when does tomorrow start
1596,=@JimCantore Where is the best place to Seek shelter while driving If you see a tornado? an underpass Or a ditch?,1970-01-01 00:00:00.000040661,1,Kolkata,1970-01-01,['shelter'],where best place seek shelter while driving if you see tornado underpass ditch
1597,=@live5weather Where is the best place to Seek shelter while driving If you see a tornado? an underpass Or a ditch?,1970-01-01 00:00:00.000040661,1,Hyderabad,1970-01-01,['shelter'],where best place seek shelter while driving if you see tornado underpass ditch
1598,THANKFUL TO BE ALIVE: Women find shelter inside tanning bed when tornado rips wall off building http://pub.vitrue.com/Sxy,1970-01-01 00:00:00.000040661,0,Kolkata,1970-01-01,['shelter'],thankful be alive women find shelter inside tanning bed when tornado rips wall off building
1623,@preppypoppy I THINK that the F5 tornado tracked for 90 miles. But don't quote me on that. My family took shelter at the mall. So scary!,1970-01-01 00:00:00.000040661,1,Delhi,1970-01-01,['shelter'],i think that f tornado tracked miles but dont quote me that my family took shelter mall scary
1625,"STORMTRACK 3: TORNADO bearing down on WATHA, I-40, and BURGAW as we speak... seek shelter immediately.",1970-01-01 00:00:00.000040661,1,Bangalore,1970-01-01,['shelter'],stormtrack tornado bearing down watha i burgaw as we speak seek shelter immediately
1626,They were really helpful when we took shelter there from the April 15 tornado.,1970-01-01 00:00:00.000040661,1,Mumbai,1970-01-01,['shelter'],they really helpful when we took shelter april tornado
1628,STORMTRACK 3: Tornado looking MORE dangerous on radar right now as it approaches Burgaw/Watha/Wallace area. Please seek shelter immediately.,1970-01-01 00:00:00.000040661,1,Kolkata,1970-01-01,['shelter'],stormtrack tornado looking dangerous radar right now as it approaches burgawwathawallace area please seek shelter immediately
1630,Got an ECU Alert telling me to seek shelter because there is a Tornado Warning until 4:15. I got it at 4:10... Effective.,1970-01-01 00:00:00.000040661,0,Kolkata,1970-01-01,['shelter'],got ecu alert telling me seek shelter because tornado warning until i got it effective
1631,RT @wectnews Duplin County Sheriff's Office says Tornado is on the ground in Rose Hill. Seek shelter.  #NC #fb,1970-01-01 00:00:00.000040661,1,Kolkata,1970-01-01,['shelter'],rt duplin county sheriffs office says tornado ground rose hill seek shelter
1632,"@helizabethpowel seek shelter pronto there is a tornado warning haha, then it really wouldn't be your day! Do I get to see you nxt weekend?!",1970-01-01 00:00:00.000040661,0,Hyderabad,1970-01-01,['shelter'],seek shelter pronto tornado warning haha it really wouldnt be your day do i get see you nxt weekend
1635,"Pls be safe, folks! RT @WWAY: STORMTRACK 3: Atkinson & Burgaw under the gun now as tornado is headed that way by 4:15 --- seek shelter now!",1970-01-01 00:00:00.000040661,1,Delhi,1970-01-01,['shelter'],pls be safe folks rt stormtrack atkinson burgaw gun now as tornado headed that way seek shelter now
1637,"Mom just sent me a text that she, brother, both dogs, & Dad are taking shelter in the bathroom right now during this tornado warning.",1970-01-01 00:00:00.000040661,0,Chennai,1970-01-01,['shelter'],mom sent me text that she brother dogs dad taking shelter bathroom right now during this tornado warning
1642,"Oh, great. Seek shelter now. Tornado warning again...",1970-01-01 00:00:00.000040661,1,Hyderabad,1970-01-01,['shelter'],oh great seek shelter now tornado warning
1644,=@rleelincoln wow. Well i am glad you And your friends ARE fine.  was there any kind of TORNADO shelter that people could go to?,1970-01-01 00:00:00.000040661,0,Bangalore,1970-01-01,['shelter'],wow well i am glad you your friends fine kind tornado shelter that people could go
1646,RT @WWAY STORMTRACK 3: NEW TORNADO WARNING in effect for Columbus/Bladen/Pender Co until 4:15 pm. Seek shelter (cont) http://tl.gd/a50121,1970-01-01 00:00:00.000040661,1,Delhi,1970-01-01,['shelter'],rt stormtrack new tornado warning effect columbusbladenpender co until pm seek shelter cont
1648,"after a phone call from her mom, a girl in Tuscaloosa leaves her 2nd story apt for shelter - destroyed only moments later. #Alabama #Tornado",1970-01-01 00:00:00.000040661,1,Chennai,1970-01-01,['shelter'],phone call her mom girl tuscaloosa leaves her nd story apt shelter destroyed moments later
1651,"**Links to insurance companies, shelter information and other tornado recovery assistance** http://ow.ly/4J4Dt",1970-01-01 00:00:00.000040661,0,Chennai,1970-01-01,['shelter'],links insurance companies shelter information tornado recovery assistance
1652,"**Links to insurance companies, shelter information and other tornado recovery assistance** http://ow.ly/4J4xl",1970-01-01 00:00:00.000040661,0,Chennai,1970-01-01,['shelter'],links insurance companies shelter information tornado recovery assistance
1654,STORMTRACK 3: NEW TORNADO WARNING in effect for Columbus/Bladen/Pender Co until 4:15 pm. Seek shelter now -- this... http://fb.me/10sGkpqTu,1970-01-01 00:00:00.000040661,0,Kolkata,1970-01-01,['shelter'],stormtrack new tornado warning effect columbusbladenpender co until pm seek shelter now this
1656,@TheFireTracker2 #smem talkd 2 some friends in that area. AL/GA not prepared 4 that size #tornado event. Most homes no storm shelter/basemnt,1970-01-01 00:00:00.000040661,1,Hyderabad,1970-01-01,['shelter'],talkd friends that area alga prepared that size event homes storm shelterbasemnt
1657,Had a scary shelter and place today in school because of tornado. :(,1970-01-01 00:00:00.000040661,1,Hyderabad,1970-01-01,['shelter'],had scary shelter place today school because tornado
1659,Tornado warning for Duplin 'til 4 RT @wectnews Duplin County Sheriff's Office says Tornado is on the ground in Rose Hill. Seek shelter,1970-01-01 00:00:00.000040661,1,Mumbai,1970-01-01,['shelter'],tornado warning duplin til rt duplin county sheriffs office says tornado ground rose hill seek shelter
1661,RT @wectnews: Duplin Cty Sheriff's Office says Tornado is on the ground in Rose Hill. Seek shelter. // Hope my friends at Duplin Winery r OK,1970-01-01 00:00:00.000040661,1,Delhi,1970-01-01,['shelter'],rt duplin cty sheriffs office says tornado ground rose hill seek shelter hope my friends duplin winery r ok
1662,"@2010MissPA so interior room, hallway or central stairwell are the best places to seek shelter amidst a t-storm or tornado in a high-rise.",1970-01-01 00:00:00.000040661,0,Kolkata,1970-01-01,['shelter'],interior room hallway central stairwell best places seek shelter amidst tstorm tornado highrise
1663,Duplin County Sheriff's Office says Tornado is on the ground in Rose Hill. Seek shelter.,1970-01-01 00:00:00.000040661,1,Bangalore,1970-01-01,['shelter'],duplin county sheriffs office says tornado ground rose hill seek shelter
1665,"old school #tornado shelter near Jefferson, IA.  #weather #farm #photo http://twitpic.com/4qmoz0",1970-01-01 00:00:00.000040661,1,Kolkata,1970-01-01,['shelter'],old school shelter near jefferson ia
1670,@danab37 It was that VT Alerts guy's voice yelling A TORNADO WARNING HAS BEEN ISSUED! SEEK SHELTER IMMEDIATELY! and then more sirens,1970-01-01 00:00:00.000040661,1,Bangalore,1970-01-01,['shelter'],it that vt alerts guys voice yelling tornado warning has been issued seek shelter immediately sirens
1673,STORMTRACK 3: TORNADO WARNING in effect for Bladen and Sampson Co. This is a dangerous situation. Seek shelter now... http://fb.me/Embnofl5,1970-01-01 00:00:00.000040661,1,Delhi,1970-01-01,['shelter'],stormtrack tornado warning effect bladen sampson co this dangerous situation seek shelter now
1676,"=@GaryMWatson could they make a Samsonite-luggage-style TORNADO shelter? walk-in, sit down, fasten a seat belt & maybe survive a direct hit?",1970-01-01 00:00:00.000040661,0,Delhi,1970-01-01,['shelter'],could they make samsoniteluggagestyle tornado shelter walkin sit down fasten seat belt maybe survive direct hit
1677,Take note! @JoCo_Emergency: Tornado Shelter Mantra: Go as low as possible and as interior as possible. Be safe!,1970-01-01 00:00:00.000040661,0,Mumbai,1970-01-01,['shelter'],take note tornado shelter mantra go as low as possible as interior as possible be safe
1678,Tornado Shelter Mantra: Go as low as possible and as interior as possible.  Be safe!,1970-01-01 00:00:00.000040661,0,Hyderabad,1970-01-01,['shelter'],tornado shelter mantra go as low as possible as interior as possible be safe
1679,RT @MPrap: Working at the Red Cross Shelter in Amory. Scary view of tornado as it passed!   http://plixi.com/p/96706577,1970-01-01 00:00:00.000040661,0,Bangalore,1970-01-01,['shelter'],rt working red cross shelter amory scary view tornado as it passed
1680,Dark and Huge!!!!!!!!!!!!!!!!! I'm about to start running for shelter like the folsk in the Wizard of Oz........All these Tornado warnings,1970-01-01 00:00:00.000040661,0,Mumbai,1970-01-01,['shelter'],dark huge im start running shelter like folsk wizard ozall these tornado warnings
1681,"RT @wxbrad: Tornado spotted near Tar Heel, NC moving northeast 70 mph!, Clinton, NC time to seek shelter.   http://twitpic.com/4qlnih #ncwx",1970-01-01 00:00:00.000040661,0,Delhi,1970-01-01,['shelter'],rt tornado spotted near tar heel nc moving northeast mph clinton nc time seek shelter
1682,"Tornado spotted near Tar Heel, NC moving northeast at 70 mph!, Clinton, NC time to seek shelter.   http://twitpic.com/4qlnih #ncwx",1970-01-01 00:00:00.000040661,0,Hyderabad,1970-01-01,['shelter'],tornado spotted near tar heel nc moving northeast mph clinton nc time seek shelter
1683,RT @AnArchy_A: Tornado Watch = Conditions are right for a Funnel. Tornado Warning = Get your ass to Shelter Funnel has touched down.,1970-01-01 00:00:00.000040661,0,Kolkata,1970-01-01,['shelter'],rt tornado watch conditions right funnel tornado warning get your ass shelter funnel has touched down
1685,"So, experts are saying tornado warning in my area. Looking out side. I better run fast to shelter :/",1970-01-01 00:00:00.000040661,0,Mumbai,1970-01-01,['shelter'],experts saying tornado warning my area looking out side i better run fast shelter
1686,"=@WxChris2011Yesterday, i saw a prominent stormchaser tell people to take safety in their car during TORNADO, If No other shelter avail. O_O",1970-01-01 00:00:00.000040661,1,Mumbai,1970-01-01,['shelter'],i saw prominent stormchaser tell people take safety their car during tornado if shelter avail oo
1688,"Pray 4 my bro and sis-in-law in Tuscaloosa, near tornado yesterday. They r OK, but are @ an emer. shelter b/c no power. Major damage 2 area.",1970-01-01 00:00:00.000040661,1,Chennai,1970-01-01,['shelter'],pray my bro sisinlaw tuscaloosa near tornado yesterday they r ok but emer shelter bc power major damage area
1690,Imma be mad as hell is this tornado hits...I don't have a fuckin basement. #tcc better have shelter.,1970-01-01 00:00:00.000040661,1,Delhi,1970-01-01,['shelter'],imma be mad as hell this tornado hitsi dont have fuckin basement better have shelter
1695,Just found out my sister spent the night in a tornado shelter!!  SO SCARY but thankful that she and her hubby are okay.,1970-01-01 00:00:00.000040661,1,Hyderabad,1970-01-01,['shelter'],found out my sister spent night tornado shelter scary but thankful that she her hubby okay
1696,I can't believe he stayed this close without taking shelter! Incredible tornado video! http://ow.ly/4J51b,1970-01-01 00:00:00.000040661,1,Mumbai,1970-01-01,['shelter'],i cant believe he stayed this close without taking shelter incredible tornado video
1697,I can't believe he stayed this close without taking shelter! Incredible tornado video! http://ow.ly/4J4Y1,1970-01-01 00:00:00.000040661,1,Kolkata,1970-01-01,['shelter'],i cant believe he stayed this close without taking shelter incredible tornado video
1698,Tornado WARNING now in effect for Bladen county until 1:30pm. Seek shelter in the event the strong storms spawn... http://fb.me/U44OxOzM,1970-01-01 00:00:00.000040661,1,Delhi,1970-01-01,['shelter'],tornado warning now effect bladen county until pm seek shelter event strong storms spawn
1701,"""My son said his school moved to the tornado shelter & that if he died he wasnt mad and he loves me, but if he lives hes still mad."" #cqotd",1970-01-01 00:00:00.000040661,1,Kolkata,1970-01-01,['shelter'],my son said his school moved tornado shelter that if he died he wasnt mad he loves me but if he lives hes still mad
1702,Raw:  Tornado tosses debris into air AND person walking around.  Shelter? #Weather via @wxchannel  http://wxch.nl/mk0bDj,1970-01-01 00:00:00.000040661,1,Kolkata,1970-01-01,['shelter'],raw tornado tosses debris air person walking around shelter via
1703,"If it's an eF5 tornado, going to the bathroom or inner room will not work. Get to a basement or a cement/metal shelter in your town quick",1970-01-01 00:00:00.000040661,1,Chennai,1970-01-01,['shelter'],if its ef tornado going bathroom inner room work get basement cementmetal shelter your town quick
1705,UNCP STUDENTS SEEK SHELTER! Tornado touchdown confirmed in robeson co. Pembroke is in its path,1970-01-01 00:00:00.000040661,1,Kolkata,1970-01-01,['shelter'],uncp students seek shelter tornado touchdown confirmed robeson co pembroke its path
1707,All #info4 #shelter are v @RedCross and available at  http://rdcrss.org/mytWtY #tornado #flood #AL #TN #GA #KY #NC#TX,1970-01-01 00:00:00.000040661,0,Mumbai,1970-01-01,['shelter'],v available
1710,Sorry I have missed all the pre @SOBCON buildup...been hiding in a tornado shelter I TENN,1970-01-01 00:00:00.000040661,1,Kolkata,1970-01-01,['shelter'],sorry i have missed pre buildupbeen hiding tornado shelter i tenn
1713,sounds like the tornado winds have arrived in Brooklyn! Wind's really whipping up! I wonder if there's a tornado shelter in Time's Square!?,1970-01-01 00:00:00.000040661,1,Mumbai,1970-01-01,['shelter'],sounds like tornado winds have arrived brooklyn winds really whipping i wonder if theres tornado shelter times square
1714,You better find shelter asap RT @Trumpcalderon: If there's a tornado why we outside -___-,1970-01-01 00:00:00.000040661,1,Kolkata,1970-01-01,['shelter'],you better find shelter asap rt if theres tornado why we outside
1716,ppl keep textin me about this tornado warning! Uh I'm already taking shelter! Thanks tho,1970-01-01 00:00:00.000040661,0,Delhi,1970-01-01,['shelter'],ppl keep textin me this tornado warning uh im already taking shelter thanks tho
1719,Praying for NJ a tornado thunderstorms is heading that way! BE SAFE SEEK SHELTER,1970-01-01 00:00:00.000040661,0,Kolkata,1970-01-01,['shelter'],praying nj tornado thunderstorms heading that way be safe seek shelter
1720,i just got a txt from my police department advising to seek shelter because of a tornado warning...i live in nj...we dont get tornado..lol,1970-01-01 00:00:00.000040661,0,Chennai,1970-01-01,['shelter'],i got txt my police department advising seek shelter because tornado warningi live njwe dont get tornadolol
1722,View out my office window: A line of black ominous clouds heading this way. Lunch in the tornado shelter/basement/closed file room?,1970-01-01 00:00:00.000040661,1,Kolkata,1970-01-01,['shelter'],view out my office window line black ominous clouds heading this way lunch tornado shelterbasementclosed file room
1723,@pdouglasweather Out run a tornado by car instead of seeking shelter? Interesting concept; may be viable in some situations.,1970-01-01 00:00:00.000040661,1,Delhi,1970-01-01,['shelter'],out run tornado car instead seeking shelter interesting concept may be viable situations
1724,RT @MattNoyesNECN: Tornado WARNING SE NY. Northern Fairfield CT you b on guard and ready 2 seek shelter by 12:45 http://plixi.com/p/96740093,1970-01-01 00:00:00.000040661,1,Kolkata,1970-01-01,['shelter'],rt tornado warning se ny northern fairfield ct you b guard ready seek shelter
1725,Tornado WARNING SE NY. Northern Fairfield CT you b on guard and ready to seek shelter by 12:45,1970-01-01 00:00:00.000040661,1,Delhi,1970-01-01,['shelter'],tornado warning se ny northern fairfield ct you b guard ready seek shelter
1726,glad i received the warning on my phone to seek shelter from the possible tornado... nawwtt #soto #iliveonahill,1970-01-01 00:00:00.000040661,1,Chennai,1970-01-01,['shelter'],glad i received warning my phone seek shelter possible tornado nawwtt
1727,Tornado WARNING SE NY. Northern Fairfield CT you b on guard and ready to seek shelter by 12:45 http://plixi.com/p/96740093,1970-01-01 00:00:00.000040661,1,Chennai,1970-01-01,['shelter'],tornado warning se ny northern fairfield ct you b guard ready seek shelter
1729,@ghostgx @allcitygsparks mannn i don't play them Tornado games i will go to the fallout shelter right now & its not even storming yet.,1970-01-01 00:00:00.000040661,1,Kolkata,1970-01-01,['shelter'],mannn i dont play them tornado games i go fallout shelter right now its even storming yet
1731,Some parts of New Jersey are under a sever tornado warning...they are telling ppl to seek shelter immediately,1970-01-01 00:00:00.000040661,1,Mumbai,1970-01-01,['shelter'],parts new jersey sever tornado warningthey telling ppl seek shelter immediately
1732,Thanking god my pops ok.. he literally had to leave his ups truck  and run 4 shelter yesterday while running from a tornado,1970-01-01 00:00:00.000040661,1,Bangalore,1970-01-01,['shelter'],thanking god my pops ok he literally had leave his ups truck run shelter yesterday while running tornado
1734,Excellent blog post RT @wakemed: Tornado Watch or Warning ‚Äì When do you seek shelter? http://bit.ly/m5PBoZ,1970-01-01 00:00:00.000040661,1,Mumbai,1970-01-01,['shelter'],excellent blog post rt tornado watch warning when do you seek shelter
1735,"Hello? If you live in tornado country, buy a storm shelter for $5000 instead of that new $30,000 pick-up...Duh!",1970-01-01 00:00:00.000040661,0,Chennai,1970-01-01,['shelter'],hello if you live tornado country buy storm shelter instead that new pickupduh
1736,Tornado season has officially begun....y'all be safe and take shelter...especially all those who live in Tornado Alley,1970-01-01 00:00:00.000040661,1,Mumbai,1970-01-01,['shelter'],tornado season has officially begunyall be safe take shelterespecially those who live tornado alley
1739,"RT @LivingSafely: NWS issues Tornado Warning for parts of #MD, #NJ. Seek strong shelter now if at risk: http://ow.ly/4p9AD",1970-01-01 00:00:00.000040661,1,Hyderabad,1970-01-01,['shelter'],rt nws issues tornado warning parts seek strong shelter now if risk
1743,Be safe love you! RT @LaBouge Tornado sighted south lowndes county. See shelter immediately!,1970-01-01 00:00:00.000040661,0,Mumbai,1970-01-01,['shelter'],be safe love you rt tornado sighted south lowndes county see shelter immediately
1744,"US/Silver Spring: NWS issues Tornado Warning for parts of #MD, #NJ. Seek strong shelter now if at risk: http://ow.ly/4IZgJ",1970-01-01 00:00:00.000040661,1,Delhi,1970-01-01,['shelter'],ussilver spring nws issues tornado warning parts seek strong shelter now if risk
1745,In the basement of VA Hall its a Cold War Era sign that says Nuclear Fallout Shelter...guess it will make a good tornado shelter as well..?,1970-01-01 00:00:00.000040661,0,Mumbai,1970-01-01,['shelter'],basement va hall its cold war era sign that says nuclear fallout shelterguess it make good tornado shelter as well
1746,"At 11:19 AM radar indicated tornado near Rhode River in AA county, moving NE at 65 mph.  Severn River is in path.  Seek shelter.",1970-01-01 00:00:00.000040661,1,Hyderabad,1970-01-01,['shelter'],am radar indicated tornado near rhode river aa county moving ne mph severn river path seek shelter
1747,@whoucallnabitch about to get it now. weather says we're under a tornado warning. Why the fuck didn't I build my zombie fallout shelter.,1970-01-01 00:00:00.000040661,1,Mumbai,1970-01-01,['shelter'],get it now weather says tornado warning why fuck didnt i build my zombie fallout shelter
1748,"damn they calling for tornado winds, talking bout seek shelter dont be near windows... this is drawling",1970-01-01 00:00:00.000040661,1,Hyderabad,1970-01-01,['shelter'],damn they calling tornado winds talking bout seek shelter dont be near windows this drawling
1751,"Email from daycare says kids are in ""shelter in place lockdown"" for tornado warning. Thought of a dozen 1 y/o's in a closet makes me laugh.",1970-01-01 00:00:00.000040661,1,Mumbai,1970-01-01,['shelter'],email daycare says kids shelter place lockdown tornado warning thought dozen yos closet makes me laugh
1756,A TORNADO WARNING HAS BEEN ISSUED FOR THE BORDER OF WARREN AND HUNTERDON COUNTIES IN NNJ...PLEASE SEEK SHELTER AND BE SAFE...,1970-01-01 00:00:00.000040661,1,Delhi,1970-01-01,['shelter'],tornado warning has been issued border warren hunterdon counties nnjplease seek shelter be safe
1757,"@WinkyBoo GTFOO really?!  Both the news and radio are telling us a severe thunderstorm and seek shelter, but nothin about a tornado!",1970-01-01 00:00:00.000040661,0,Chennai,1970-01-01,['shelter'],gtfoo really news radio telling us severe thunderstorm seek shelter but nothin tornado
1760,"This will sound crass and cold, but if you live in a place called ""tornado alley"" WHY in the HELL would you not have a shelter? Oy.",1970-01-01 00:00:00.000040661,1,Mumbai,1970-01-01,['shelter'],this sound crass cold but if you live place called tornado alley why hell would you have shelter oy
1761,I just woke up and saw this text that said Tornado warning seek shelter =/,1970-01-01 00:00:00.000040661,1,Hyderabad,1970-01-01,['shelter'],i woke saw this text that said tornado warning seek shelter
1764,"Not really a fan that I got a call from Dizzle's school letting me know that they are in the ""Shelter in Place"" due to the tornado warning.",1970-01-01 00:00:00.000040661,1,Delhi,1970-01-01,['shelter'],really fan that i got call dizzles school letting me know that they shelter place due tornado warning
1770,Well good morning to you too! Tornado warning to start the work day. Great. Will have to seek shelter under our conference room table. #rva,1970-01-01 00:00:00.000040661,1,Delhi,1970-01-01,['shelter'],well good morning you tornado warning start work day great have seek shelter our conference room table
1771,I wonder if we were to get a tornado during work hours where would we take Shelter Hmmmmm I sit right in front of a window!! O_o,1970-01-01 00:00:00.000040661,1,Hyderabad,1970-01-01,['shelter'],i wonder if we get tornado during work hours where would we take shelter hmmmmm i sit right front window oo
1772,@JoeJoeShort Be careful! You're under a tornado watch until 4 pm! Be prepared and know where you'll take shelter! <3,1970-01-01 00:00:00.000040661,0,Kolkata,1970-01-01,['shelter'],be careful youre tornado watch until pm be prepared know where youll take shelter
1776,"Eastern North Carolina under tornado watch: ...  shelter immediately in the center of a structure, Bandy said. T... http://bit.ly/lIWKRA",1970-01-01 00:00:00.000040661,1,Kolkata,1970-01-01,['shelter'],eastern north carolina tornado watch shelter immediately center structure bandy said t
1777,"RT @charvoice: Amazing! RT @toddstarnes: Woman, 2 daughters survived tornado by taking shelter in tanning beds. http://bit.ly/kWNTeS¬†",1970-01-01 00:00:00.000040661,0,Hyderabad,1970-01-01,['shelter'],rt amazing rt woman daughters survived tornado taking shelter tanning beds
1778,Alabama Rec Center is serving as a shelter for displaced students from the tornado. @AlabamaUREC is welcoming clothing donations!,1970-01-01 00:00:00.000040661,0,Bangalore,1970-01-01,['shelter'],alabama rec center serving as shelter displaced students tornado welcoming clothing donations
1781,"Basically if you're in a Tornado Warning, take it seriously but don't freak out. Have a plan ahead of time. Designate a shelter.",1970-01-01 00:00:00.000040661,0,Bangalore,1970-01-01,['shelter'],basically if youre tornado warning take it seriously but dont freak out have plan ahead time designate shelter
1785,Build an above ground tornado safe room FEMA: Taking Shelter From the Storm: http://1.usa.gov/ixgudN via @addthis,1970-01-01 00:00:00.000040661,1,Kolkata,1970-01-01,['shelter'],build above ground tornado safe room fema taking shelter storm via
1787,UGH south of lancaster has a tornado warning. My area. They say it can be bad and we should take shelter. Im about to cry,1970-01-01 00:00:00.000040661,1,Kolkata,1970-01-01,['shelter'],ugh south lancaster has tornado warning my area they say it be bad we should take shelter im cry
1789,Tornado went right over the building in Dadeville in which they'd sought shelter.,1970-01-01 00:00:00.000040661,0,Bangalore,1970-01-01,['shelter'],tornado went right building dadeville which theyd sought shelter
1793,"With this tornado season, y'all, it might not be a bad idea to designate a room in your house as your shelter. Seriously.",1970-01-01 00:00:00.000040661,1,Kolkata,1970-01-01,['shelter'],this tornado season yall it might be bad idea designate room your house as your shelter seriously
1794,"""grab your brother and take cover, there are tornado warnings!"" LOL. i love her. if she could, i'd live in a bomb shelter.",1970-01-01 00:00:00.000040661,0,Delhi,1970-01-01,['shelter'],grab your brother take cover tornado warnings lol i love her if she could id live bomb shelter
1796,The wind coming into my apt windows (which are badly insulated) was so bad we literally thought the tornado was coming & almost took shelter,1970-01-01 00:00:00.000040661,0,Chennai,1970-01-01,['shelter'],wind coming my apt windows which badly insulated bad we literally thought tornado coming almost took shelter
1803,Just got a call about a tornado and it said take shelter. If class is cancelled I will be taking shelter in this bed cause I'm still tired.,1970-01-01 00:00:00.000040661,1,Chennai,1970-01-01,['shelter'],got call tornado it said take shelter if class cancelled i be taking shelter this bed cause im still tired
1804,So Tornado warning...we have to seek shelter...hope everyone is ok,1970-01-01 00:00:00.000040661,0,Mumbai,1970-01-01,['shelter'],tornado warningwe have seek shelterhope everyone ok
1806,"@RavenRequiem13 While the siren is on, they will tell u to seek shelter. Tornado spotted. Etc. It's VERY loud. Sounded like guy was in yard",1970-01-01 00:00:00.000040661,0,Kolkata,1970-01-01,['shelter'],while siren they tell u seek shelter tornado spotted etc its loud sounded like guy yard
1807,"Wow, I wanna yell: ""get outta there!"" To the kids: cars are not shelter in a #tornado -- #4/27/11 - #Tuscaloosa http://www.youtube.com/watch?v=5ohIVzIZLuQ&feature=share¬†‚Ä¶",1970-01-01 00:00:00.000040661,1,Delhi,1970-01-01,['shelter'],wow i wanna yell get outta kids cars shelter
1808,"East Lampeter, Lancaster, West Lampeter take shelter right away Tornado Warning",1970-01-01 00:00:00.000040661,1,Bangalore,1970-01-01,['shelter'],east lampeter lancaster west lampeter take shelter right away tornado warning
1809,"Lancaster, Wayne York counties PA take shelter right away Tornado Warning Plz RT",1970-01-01 00:00:00.000040661,1,Kolkata,1970-01-01,['shelter'],lancaster wayne york counties pa take shelter right away tornado warning plz rt
1810,"RT @HIRH: Lancaster: new tornado warning at 9:30. Seek shelter now, rotation on radar!",1970-01-01 00:00:00.000040661,0,Bangalore,1970-01-01,['shelter'],rt lancaster new tornado warning seek shelter now rotation radar
1811,"Lancaster: new tornado warning at 9:30. Seek shelter now, rotation on radar!",1970-01-01 00:00:00.000040661,0,Kolkata,1970-01-01,['shelter'],lancaster new tornado warning seek shelter now rotation radar
1814,Working at the Red Cross Shelter in Amory. Scary view of tornado as it passed!   http://plixi.com/p/96706577,1970-01-01 00:00:00.000040661,0,Bangalore,1970-01-01,['shelter'],working red cross shelter amory scary view tornado as it passed
1815,"The resort was hit by a freak tornado/storm last night. Instead of seeking shelter, many sought to fulfill their disaster fetishes.",1970-01-01 00:00:00.000040661,1,Chennai,1970-01-01,['shelter'],resort hit freak tornadostorm last night instead seeking shelter many sought fulfill their disaster fetishes
1817,"If you live or work in Damascus, MD take shelter in a basement. When the EBS mentions a tornado is likely in your city, take cover!",1970-01-01 00:00:00.000040661,0,Kolkata,1970-01-01,['shelter'],if you live work damascus md take shelter basement when ebs mentions tornado likely your city take cover
1818,Lord this weather is tornado weather for real in da county. I'm bout to go seek shelter.,1970-01-01 00:00:00.000040661,1,Mumbai,1970-01-01,['shelter'],lord this weather tornado weather real da county im bout go seek shelter
1820,#onlywhitepeople be ready to videotape a dang tornado instead of goin to shelter,1970-01-01 00:00:00.000040661,0,Bangalore,1970-01-01,['shelter'],be ready videotape dang tornado instead goin shelter
1827,"tornado warning ?! sick #cuse , hope whitman is good shelter @marissaperr",1970-01-01 00:00:00.000040661,0,Mumbai,1970-01-01,['shelter'],tornado warning sick hope whitman good shelter
1828,"Okay, you know what? I'm looking at these tornado videos taken via CELL PHONE from Tuscaloosa, and uh, WHY DID YOU NOT SEEK SHELTER?",1970-01-01 00:00:00.000040661,1,Chennai,1970-01-01,['shelter'],okay you know what im looking these tornado videos taken via cell phone tuscaloosa uh why did you seek shelter
1829,"RT @Jfleet23: We got a tornado warning, I walk outside and all I hear is TAKE SHELTER NOW !!! I was dumb scared haha",1970-01-01 00:00:00.000040661,1,Chennai,1970-01-01,['shelter'],rt we got tornado warning i walk outside i hear take shelter now i dumb scared haha
1831,=@SigmaDit imma go buy your mom a underground shelter cause After this TORNADO rip through. She going be a hot commodity.,1970-01-01 00:00:00.000040661,1,Mumbai,1970-01-01,['shelter'],imma go buy your mom underground shelter cause this tornado rip through she going be hot commodity
1835,‚Äú@SidneyThe4th: #BreakingNews Tornado warning issued for Tallahassee and surrounding areas. Take shelter immediately.‚Äù SERIOUS?!,1970-01-01 00:00:00.000040661,1,Bangalore,1970-01-01,['shelter'],tornado warning issued tallahassee surrounding areas take shelter immediately serious
1837,Waiting through a tornado watch. I'm very grateful that I work in a basement. I'm already in shelter just in case... Be safe everyone!,1970-01-01 00:00:00.000040661,0,Hyderabad,1970-01-01,['shelter'],waiting through tornado watch im grateful that i work basement im already shelter case be safe everyone
1841,"RT @TORNADOHUNT: Tornado! Take immediate shelter west side of Baltimore, MD.  Mt Airy to Westminster! --- we are hunkered down",1970-01-01 00:00:00.000040661,1,Delhi,1970-01-01,['shelter'],rt tornado take immediate shelter west side baltimore md mt airy westminster we hunkered down
1842,"@LvdMoreThnCrrts y'all ok??  ‚Äú@TORNADOHUNT: Tornado! Take immediate shelter west side of Baltimore, MD.  Mt Airy to Westminster!‚Äù",1970-01-01 00:00:00.000040661,1,Chennai,1970-01-01,['shelter'],yall ok tornado take immediate shelter west side baltimore md mt airy westminster
1843,Under tornado warning right now.  One of us is following the advice and taking shelter in an interior closet.  http://yfrog.com/h6vtqij,1970-01-01 00:00:00.000040661,1,Bangalore,1970-01-01,['shelter'],tornado warning right now one us following advice taking shelter interior closet
1844,Tornado watch expected to be lifted at 8 am has now been extended to 3 pm. Had to convince kids school shelter is as safe as home safe room.,1970-01-01 00:00:00.000040661,0,Bangalore,1970-01-01,['shelter'],tornado watch expected be lifted am has now been extended pm had convince kids school shelter as safe as home safe room
1847,Tornado Warning in effect until 8 am for Sullivan County. Residents should seek safe shelter in basement or interior room w/ no windows.,1970-01-01 00:00:00.000040661,0,Bangalore,1970-01-01,['shelter'],tornado warning effect until am sullivan county residents should seek safe shelter basement interior room w windows
1848,"I never been afraid of tornado weather being from Ohio...but I had a place for shelter ...I'm on the 3 rd floor now, no where to go.",1970-01-01 00:00:00.000040661,1,Delhi,1970-01-01,['shelter'],i never been afraid tornado weather being ohiobut i had place shelter im rd floor now where go
1855,Round up in the fallout shelter (bathroom) at work due to a tornado warning. So many dudes.,1970-01-01 00:00:00.000040661,0,Chennai,1970-01-01,['shelter'],round fallout shelter bathroom work due tornado warning many dudes
1856,TORNADO WARNING now in affect for North Montgomery County. Residents in this area need to seek safe shelter and ... http://bit.ly/iFo9MU,1970-01-01 00:00:00.000040661,1,Chennai,1970-01-01,['shelter'],tornado warning now affect north montgomery county residents this area need seek safe shelter
1857,"We got a tornado warning, I walk outside and all I hear is TAKE SHELTER NOW !!! I was dumb scared haha",1970-01-01 00:00:00.000040661,1,Bangalore,1970-01-01,['shelter'],we got tornado warning i walk outside i hear take shelter now i dumb scared haha
1859,Dangerous warning if u live is Harrisburgh Frederick Md. area Tornado warning. seek shelter  Tune into Weather Channel,1970-01-01 00:00:00.000040661,1,Mumbai,1970-01-01,['shelter'],dangerous warning if u live harrisburgh frederick md area tornado warning seek shelter tune weather channel
1860,"Alert MOCO: At 7:05, observers report a developing tornado near I-270 at the county line. Seek shelter if you are in North MC.",1970-01-01 00:00:00.000040661,1,Hyderabad,1970-01-01,['shelter'],alert moco observers report developing tornado near i county line seek shelter if you north mc
1861,SKYWARN observers report a developing tornado near I-270 @ the county line. Commuters&residents need to seek shelter if you are in North MC.,1970-01-01 00:00:00.000040661,1,Mumbai,1970-01-01,['shelter'],skywarn observers report developing tornado near i county line commutersresidents need seek shelter if you north mc
1862,There's a very serious tornado warning in my county. I'm pretty sure the safest place to seek shelter is my gym... Cya!,1970-01-01 00:00:00.000040661,1,Bangalore,1970-01-01,['shelter'],theres serious tornado warning my county im pretty sure safest place seek shelter my gym cya
1863,"Weather observers report developing tornado near I-270 at the Montgomery Co. line. Commuters, residents need to seek shelter if in North MC.",1970-01-01 00:00:00.000040661,1,Bangalore,1970-01-01,['shelter'],weather observers report developing tornado near i montgomery co line commuters residents need seek shelter if north mc
1864,"=@BostonBaby17 yeah little Did you know while you were sleeping, me And my family had to take shelter in our basement while a TORNADO went",1970-01-01 00:00:00.000040661,1,Kolkata,1970-01-01,['shelter'],yeah little did you know while you sleeping me my family had take shelter our basement while tornado went
1865,Stuck in a tornado shelter at work cause of all these storms!!! I think is safe to blame the British!!,1970-01-01 00:00:00.000040661,1,Kolkata,1970-01-01,['shelter'],stuck tornado shelter work cause these storms i think safe blame british
1866,"Wow, what a morning weather-wise!  This was the first time I've been compelled to seek shelter because of a tornado.  All is good though!!",1970-01-01 00:00:00.000040661,0,Hyderabad,1970-01-01,['shelter'],wow what morning weatherwise this first time ive been compelled seek shelter because tornado good though
1867,"That is a great question. RT @KaySymone_: If there's a tornado warning & we're supposed 2 ""seek shelter immediately"".  Why do we have school",1970-01-01 00:00:00.000040661,1,Chennai,1970-01-01,['shelter'],that great question rt if theres tornado warning supposed seek shelter immediately why do we have school
1869,=@MargieBiebes off the road And Seek shelter because of the TORNADO warning. but my bus driver is Still driving lol,1970-01-01 00:00:00.000040661,0,Hyderabad,1970-01-01,['shelter'],off road seek shelter because tornado warning but my bus driver still driving lol
1871,Confirmed tornado headed towards Leesburg. People in the area take caution and take shelter if you think the tornado is coming!,1970-01-01 00:00:00.000040661,1,Mumbai,1970-01-01,['shelter'],confirmed tornado headed towards leesburg people area take caution take shelter if you think tornado coming
1874,"Two chics in Georgia were caught in a tornado and they sought shelter in a tanning bed.The best part ,One girls name was Stormy! No bullshit",1970-01-01 00:00:00.000040661,1,Hyderabad,1970-01-01,['shelter'],two chics georgia caught tornado they sought shelter tanning bedthe best part one girls name stormy bullshit
1875,"RT @SvrWxChaser IMPORTANT INFO: If you need shelter after yesterday's storms, click here http://rdcrss.org/jMWnqS #alwx #mswx #gawx #tornado",1970-01-01 00:00:00.000040661,0,Kolkata,1970-01-01,['shelter'],rt important info if you need shelter yesterdays storms click
1876,"IMPORTANT INFO: If you need shelter after yesterday's storms, click here http://rdcrss.org/jMWnqS #alwx #mswx #gawx #tornado",1970-01-01 00:00:00.000040661,0,Chennai,1970-01-01,['shelter'],important info if you need shelter yesterdays storms click
1877,Take Shelter Lol RT @_mochacocaSlim: RT @HandSome__Sean: Theres Supposed To Be A Tornado !!,1970-01-01 00:00:00.000040661,0,Hyderabad,1970-01-01,['shelter'],take shelter lol rt rt theres supposed be tornado
1882,Tornado Warning for Caldwell & Alexander...a Tornado has been spotted near Ellendale. Please seek Shelter now in an interior room.,1970-01-01 00:00:00.000040661,1,Mumbai,1970-01-01,['shelter'],tornado warning caldwell alexandera tornado has been spotted near ellendale please seek shelter now interior room
1884,Man I'm really scared right now.. There is a tornado on the ground near morganton. I hope those ppl wake up and get to shelter #tornado,1970-01-01 00:00:00.000040661,1,Delhi,1970-01-01,['shelter'],man im really scared right now tornado ground near morganton i hope those ppl wake get shelter
1886,"In path of storm: Gamewell, Hudson, Granite Falls, Morganton and far North Catawba Co in path of tornado. Take shelter now!",1970-01-01 00:00:00.000040661,1,Delhi,1970-01-01,['shelter'],path storm gamewell hudson granite falls morganton far north catawba co path tornado take shelter now
1887,All #info4 #shelter are v @RedCross and available at http://rdcrss.org/mytWtY #tornado #flood #AL #TN #GA #KY #NC #TX,1970-01-01 00:00:00.000040661,0,Mumbai,1970-01-01,['shelter'],v available
1888,EXTREMELY DANGEROUS situation to the west of the DC area in Shenandoah/Page counties. TORNADO WARNING with STRONG rotation. TAKE SHELTER!,1970-01-01 00:00:00.000040661,1,Chennai,1970-01-01,['shelter'],extremely dangerous situation west dc area shenandoahpage counties tornado warning strong rotation take shelter
1890,"#Tornado spotted in Morganton County, North Carolina right now! Those around that area seek shelter immediately! #NC",1970-01-01 00:00:00.000040661,1,Delhi,1970-01-01,['shelter'],spotted morganton county north carolina right now those around that area seek shelter immediately
1891,"As I was afraid.  New tornado warning for Hancock and Warren County, GA. Sparta: take shelter now.",1970-01-01 00:00:00.000040661,1,Bangalore,1970-01-01,['shelter'],as i afraid new tornado warning hancock warren county ga sparta take shelter now
1895,"New Tornado WARNINGS out now.  Warnings for Burke, Caldwell, McDowell, Catawba, & Alexander Counties until 4am.  Seek Shelter NOW.",1970-01-01 00:00:00.000040661,1,Chennai,1970-01-01,['shelter'],new tornado warnings out now warnings burke caldwell mcdowell catawba alexander counties until am seek shelter now
1896,=@ljmilman TORNADO warning means Seek Safe shelter NOW. Do not fall asleep.,1970-01-01 00:00:00.000040661,1,Kolkata,1970-01-01,['shelter'],tornado warning means seek safe shelter now do fall asleep
1905,I guess it doesn't really matter whether or not I know about tornado warnings. I live in what's effectively a fallout shelter anyway.,1970-01-01 00:00:00.000040661,0,Kolkata,1970-01-01,['shelter'],i guess it doesnt really matter whether i know tornado warnings i live whats effectively fallout shelter anyway
1906,"We got a storm. No horrible tornado like my mother-in-law predicted a built a shelter over. Just a nice, relaxing storm.",1970-01-01 00:00:00.000040661,0,Kolkata,1970-01-01,['shelter'],we got storm horrible tornado like my motherinlaw predicted built shelter nice relaxing storm
1907,"#Tornado sighting in Mills River & Flat Rock. Heading toward Hendersonville, NC. SEEK SHELTER IMMEDIATELY",1970-01-01 00:00:00.000040661,1,Hyderabad,1970-01-01,['shelter'],sighting mills river flat rock heading toward hendersonville nc seek shelter immediately
1910,"Another tornado warning in effect for Ithaca, NY. Possible #tornado near Erin, moving northeast at 50 mph. Seek shelter now!",1970-01-01 00:00:00.000040661,1,Delhi,1970-01-01,['shelter'],another tornado warning effect ithaca ny possible near erin moving northeast mph seek shelter now
1912,my roommate made me scream when she snuck through the dark to come get us to seek shelter in the tornado warning #waytofreakmeout,1970-01-01 00:00:00.000040661,1,Bangalore,1970-01-01,['shelter'],my roommate made me scream when she snuck through dark come get us seek shelter tornado warning
1922,okay back in my bed..if that siren goes off again im taking shelter in the laundry room in that tornado position we learned in grade school,1970-01-01 00:00:00.000040661,1,Kolkata,1970-01-01,['shelter'],okay back my bedif that siren goes off im taking shelter laundry room that tornado position we learned grade school
1923,"Of all the places I could be seeking shelter from this tornado, why am I in Brumby?  I never want to be trapped here.  Never again.",1970-01-01 00:00:00.000040661,1,Bangalore,1970-01-01,['shelter'],places i could be seeking shelter this tornado why am i brumby i never want be trapped never
1924,Tornado watch here until 8am. Navarre finally went back to sleep at almost 1:30am. Want concrete and rebar storm shelter in basement STAT.,1970-01-01 00:00:00.000040661,1,Bangalore,1970-01-01,['shelter'],tornado watch until am navarre finally went back sleep almost am want concrete rebar storm shelter basement stat
1926,Tried to leave the mpr room just a lil too late. Stranded in brumby with @kellaaaaayyy @smvance1 @tess_rock @aadlerz Take Shelter! #tornado,1970-01-01 00:00:00.000040661,1,Hyderabad,1970-01-01,['shelter'],tried leave mpr room lil late stranded brumby take shelter
1931,Everyone I know ran outside for the tornado siren. But my kitten is smart enough to take shelter in my closet http://plixi.com/p/96627795,1970-01-01 00:00:00.000040661,1,Mumbai,1970-01-01,['shelter'],everyone i know ran outside tornado siren but my kitten smart enough take shelter my closet
1932,wow a tollfree number kept callin my house and when i finally pivked up it said a tornado watch in rockdale county please take shelter #wtf,1970-01-01 00:00:00.000040661,1,Hyderabad,1970-01-01,['shelter'],wow tollfree number kept callin my house when i finally pivked it said tornado watch rockdale county please take shelter
1933,"@standachance Yeah, he's safe and no injury. Tornado passed his street...He found shelter in another apt on the first floor of his building.",1970-01-01 00:00:00.000040661,0,Bangalore,1970-01-01,['shelter'],yeah hes safe injury tornado passed his streethe found shelter another apt first floor his building
1936,Tornado Warning in effect until 1:45 for Athens and Clarke County. Seek shelter in an interior room or basement. Please stay safe.,1970-01-01 00:00:00.000040661,1,Delhi,1970-01-01,['shelter'],tornado warning effect until athens clarke county seek shelter interior room basement please stay safe
1937,"RT @BOSTON_FF_L29: Folks in Tornado alley, question do all or most the homes have a tornado shelter ???",1970-01-01 00:00:00.000040661,1,Hyderabad,1970-01-01,['shelter'],rt folks tornado alley question do homes have tornado shelter
1946,Shit!! We just had to run for shelter!!! Its a tornado!!!,1970-01-01 00:00:00.000040661,1,Bangalore,1970-01-01,['shelter'],shit we had run shelter its tornado
1947,"TORNADO WARNING  for Pulaski, Wythe, Giles, Bland, Montgomery and the City of Radford until 1:30am.  Seek shelter until storm passes!!!",1970-01-01 00:00:00.000040661,1,Delhi,1970-01-01,['shelter'],tornado warning pulaski wythe giles bland montgomery city radford until am seek shelter until storm passes
1948,"RT @athensgaweather: If you are in Porterdale or Covington in Newton County, TAKE SHELTER NOW. Confirmed tornado on the ground!",1970-01-01 00:00:00.000040661,1,Hyderabad,1970-01-01,['shelter'],rt if you porterdale covington newton county take shelter now confirmed tornado ground
1950,Barnesville friends - take shelter immediately -- suspected #tornado bearing down on you,1970-01-01 00:00:00.000040661,1,Chennai,1970-01-01,['shelter'],barnesville friends take shelter immediately suspected bearing down you
1952,"Lightening just struck across da street. Serious Tornado warning. Please seek shelter. Atlanta, McDonough, Barnesville, Clayton & Henry Co.",1970-01-01 00:00:00.000040661,1,Chennai,1970-01-01,['shelter'],lightening struck across da street serious tornado warning please seek shelter atlanta mcdonough barnesville clayton henry co
1954,‚Äú@thinkgeek: YOU GUYS. Promise us if you're ever this close to a tornado you'll seek shelter: http://twitpic.com/4q93rs¬† We <3 you too much.‚Äù,1970-01-01 00:00:00.000040661,1,Mumbai,1970-01-01,['shelter'],you guys promise us if youre ever this close tornado youll seek shelter we you much
1955,"Aldora and Barnersville, GA need to be in shelter NOW! Strong couplet coming into town. Image: http://bit.ly/ljiznQ #tornado #gawx #severe",1970-01-01 00:00:00.000040661,1,Mumbai,1970-01-01,['shelter'],aldora barnersville ga need be shelter now strong couplet coming town image
1956,"Tornado warning issued for Haywood, Jackson, and Swain counties. Take shelter in an interior room and be safe. #avlwx #haywoodwx",1970-01-01 00:00:00.000040661,1,Mumbai,1970-01-01,['shelter'],tornado warning issued haywood jackson swain counties take shelter interior room be safe
1958,"not good. Mark Reynolds says another tornado at Camp Creek. At Johnson City 1am. Erwin, jboro, Unicoi, milligan. Seek shelter.",1970-01-01 00:00:00.000040661,1,Kolkata,1970-01-01,['shelter'],good mark reynolds says another tornado camp creek johnson city am erwin jboro unicoi milligan seek shelter
1964,RT @NCMattJ TORNADO WARNING: Radar indicated tornado just northeast of Highlands near Cashiers in southern Jackson Co. Take shelter now,1970-01-01 00:00:00.000040661,1,Bangalore,1970-01-01,['shelter'],rt tornado warning radar indicated tornado northeast highlands near cashiers southern jackson co take shelter now
1965,"If you are in Porterdale or Covington in Newton County, TAKE SHELTER NOW. Confirmed tornado on the ground!",1970-01-01 00:00:00.000040661,1,Hyderabad,1970-01-01,['shelter'],if you porterdale covington newton county take shelter now confirmed tornado ground
1966,=@Daniee_xoxo the TORNADO is a few miles south of Hampton right NOW. Moving North East. hope you have shelter. you okay?,1970-01-01 00:00:00.000040661,1,Delhi,1970-01-01,['shelter'],tornado miles south hampton right now moving north east hope you have shelter you okay
1967,TORNADO WARNING: Radar indicated tornado just northeast of Highlands near Cashiers in southern Jackson Co. Take shelter now.,1970-01-01 00:00:00.000040661,1,Bangalore,1970-01-01,['shelter'],tornado warning radar indicated tornado northeast highlands near cashiers southern jackson co take shelter now
1970,Got pulled over by cops just so they would tell me to seek shelter cuz of a tornado warning. Seriously?,1970-01-01 00:00:00.000040661,1,Mumbai,1970-01-01,['shelter'],got pulled cops they would tell me seek shelter cuz tornado warning seriously
1971,Tornado Warning cancelled but Tornado Watch still in effect to 2am. Shelter-in-place in a secure location. http://nixle.us/7RGSJ,1970-01-01 00:00:00.000040661,0,Bangalore,1970-01-01,['shelter'],tornado warning cancelled but tornado watch still effect am shelterinplace secure location
1972,"Very few in the DFW, TX area. ‚Äú@BOSTON_FF_L29: Folks in Tornado alley, question do all or most the homes have a tornado shelter ???‚Äù",1970-01-01 00:00:00.000040661,1,Kolkata,1970-01-01,['shelter'],dfw tx area folks tornado alley question do homes have tornado shelter
1975,"‚Äú@QueenMilliB: Shit just got real, the tornado is in McDonough. I hope my babies are up so they can seek shelter.‚Äùahhhhhhhhh!!!",1970-01-01 00:00:00.000040661,1,Bangalore,1970-01-01,['shelter'],shit got real tornado mcdonough i hope my babies they seek shelterahhhhhhhhh
1980,weatherman says Mcdonough has 6 mins to find shelter...tornado is coming...and from the sound and looks outside my window...it's coming,1970-01-01 00:00:00.000040661,1,Hyderabad,1970-01-01,['shelter'],weatherman says mcdonough has mins find sheltertornado comingand sound looks outside my windowits coming
1984,"Nasty tornado signature in Spalding County. Take shelter if you are in Sunny Side. Storm far away from us, but inching closer to our area.",1970-01-01 00:00:00.000040661,1,Mumbai,1970-01-01,['shelter'],nasty tornado signature spalding county take shelter if you sunny side storm far away us but inching closer our area
1987,All of a sudden it occurs to me I don't really have anywhere to take shelter for tornado. Do I jump in upstairs bath? Or run 200yd to ditch?,1970-01-01 00:00:00.000040661,1,Bangalore,1970-01-01,['shelter'],sudden it occurs me i dont really have anywhere take shelter tornado do i jump upstairs bath run yd ditch
1996,I know I'm slow but someone on my TL was going into a tornado shelter yesterday(?)... Who was that & did you make it out? I hope ur ok. Óêò,1970-01-01 00:00:00.000040661,0,Hyderabad,1970-01-01,['shelter'],i know im slow but someone my tl going tornado shelter yesterday who that did you make it out i hope ur ok
1998,"‚Äú@SvrWxChaser: ...MUST-SEE footage AL tornado: http://youtu.be/J9Oszy_dGJY¬† ‚Äù I'm a wx addict, but serious as cancer: I want an underground shelter.",1970-01-01 00:00:00.000040661,1,Chennai,1970-01-01,['shelter'],mustsee footage al tornado im wx addict but serious as cancer i want underground shelter
2005,"Tornado warnings even in West Va, Greenbrier and Summers Counties, fast movers...seek shelter in Lawn, trout, and Meadow Bluff!!",1970-01-01 00:00:00.000040661,1,Hyderabad,1970-01-01,['shelter'],tornado warnings even west va greenbrier summers counties fast moversseek shelter lawn trout meadow bluff
2006,They said find shelter tornado warning.... Ok guess I'm @ scores underground 2 nite o_0,1970-01-01 00:00:00.000040661,1,Chennai,1970-01-01,['shelter'],they said find shelter tornado warning ok guess im scores underground nite o
2008,Have taken shelter in a friends basement. Kinda feels surreal having to take shelter from a tornado in VA. Please everyone be safe!,1970-01-01 00:00:00.000040661,0,Kolkata,1970-01-01,['shelter'],have taken shelter friends basement kinda feels surreal having take shelter tornado va please everyone be safe
2013,"Just setup a tornado shelter in basement for the family, calling for super cells tonight.  Super cells and NC just doesn't sound right.",1970-01-01 00:00:00.000040661,1,Kolkata,1970-01-01,['shelter'],setup tornado shelter basement family calling super cells tonight super cells nc doesnt sound right
2016,"MY BATHTUB IS HUGE, OKAY. HAHAHAHAHA. -CREATES A TORNADO SHELTER IN IT-",1970-01-01 00:00:00.000040661,0,Kolkata,1970-01-01,['shelter'],my bathtub huge okay hahahahaha creates tornado shelter it
2017,"@JWylie15 @davidplatt don't worry, there is no real tornado shelter in thornhill either, every room has a window",1970-01-01 00:00:00.000040661,0,Chennai,1970-01-01,['shelter'],dont worry real tornado shelter thornhill either every room has window
2019,she led them to scene and they helped pull people out. unknown whether they were attending service or taking shelter #severe #tornado,1970-01-01 00:00:00.000040661,0,Bangalore,1970-01-01,['shelter'],she led them scene they helped pull people out unknown whether they attending service taking shelter
2021,"RT @WxManShane: Active Tornado Warnings for Greenbrier, Summers, Monroe, Mercer and Tazewell, VA Counties continue... SEEK SHELTER NOW!",1970-01-01 00:00:00.000040661,1,Bangalore,1970-01-01,['shelter'],rt active tornado warnings greenbrier summers monroe mercer tazewell va counties continue seek shelter now
2022,"Would it be wrong to turn media broadcasts into a game? ""Tornado warning?"" drink. If it's your county, drink twice, head for shelter.",1970-01-01 00:00:00.000040661,1,Mumbai,1970-01-01,['shelter'],would it be wrong turn media broadcasts game tornado warning drink if its your county drink twice head shelter
2029,"Active Tornado Warnings for Greenbrier, Summers, Monroe, Mercer and Tazewell, VA Counties continue... SEEK SHELTER NOW!",1970-01-01 00:00:00.000040661,1,Delhi,1970-01-01,['shelter'],active tornado warnings greenbrier summers monroe mercer tazewell va counties continue seek shelter now
2031,Soooo there is a tornado warning for fayette county and south fulton... Be safe people...I'm going to take shelter now,1970-01-01 00:00:00.000040661,0,Mumbai,1970-01-01,['shelter'],soooo tornado warning fayette county south fulton be safe peopleim going take shelter now
2034,Praying for those affected by the tornado. Please be careful out there! We are at the Kappa house if you need shelter!,1970-01-01 00:00:00.000040661,0,Bangalore,1970-01-01,['shelter'],praying those affected tornado please be careful out we kappa house if you need shelter
2035,"If you are under a TORNADO WARNING you should seek safe shelter now. Keep monitoring myfoxatlanta.com, FOX 5, or right here! #gawx",1970-01-01 00:00:00.000040661,1,Delhi,1970-01-01,['shelter'],if you tornado warning you should seek safe shelter now keep monitoring myfoxatlantacom fox right
2039,Warning Wayne!! RT: @TORNADOHUNT: Tornado may have just passed directly over Bristol Motor Speedway! Take shelter right now in Bristol!,1970-01-01 00:00:00.000040661,0,Delhi,1970-01-01,['shelter'],warning wayne rt tornado may have passed directly bristol motor speedway take shelter right now bristol
2042,Hey now..tornado warning seek shelter immediatly for sudley? I live right behind sudley o.o,1970-01-01 00:00:00.000040661,1,Hyderabad,1970-01-01,['shelter'],hey nowtornado warning seek shelter immediatly sudley i live right behind sudley oo
2043,"LOL. My friend Adam just checked into ""The Cheetah Tornado Shelter."" #atlweather",1970-01-01 00:00:00.000040661,0,Mumbai,1970-01-01,['shelter'],lol my friend adam checked cheetah tornado shelter
2044,"Tornado warning for Jay, eastern Delaware & western Randolph until 11:45. Take shelter in a safe place and tune into IPR for live updates.",1970-01-01 00:00:00.000040661,0,Kolkata,1970-01-01,['shelter'],tornado warning jay eastern delaware western randolph until take shelter safe place tune ipr live updates
2045,RT @TORNADOHUNT: Tornado may have just passed directly over Bristol Motor Speedway! Take shelter right now in Bristol! @jim_utter,1970-01-01 00:00:00.000040661,0,Hyderabad,1970-01-01,['shelter'],rt tornado may have passed directly bristol motor speedway take shelter right now bristol
2047,=@AKarlinsky um yea Shit got real..I hate TORNADO season..I Seek shelter right away And i drove to Georgia in it haha,1970-01-01 00:00:00.000040661,0,Bangalore,1970-01-01,['shelter'],um yea shit got reali hate tornado seasoni seek shelter right away i drove georgia it haha
2049,RT @TORNADOHUNT: Tornado may have just passed directly over Bristol Motor Speedway! Take shelter right now in Bristol! @jeff_gluck,1970-01-01 00:00:00.000040661,0,Chennai,1970-01-01,['shelter'],rt tornado may have passed directly bristol motor speedway take shelter right now bristol
2059,"If you're near Manassas, VA, sounds like you should seek shelter. Tornado watch. Watch news for info.",1970-01-01 00:00:00.000040661,1,Mumbai,1970-01-01,['shelter'],if youre near manassas va sounds like you should seek shelter tornado watch watch news info
2060,"MT @GeorgiaEMA #Walker County: #tornado touch down, 65 homes affectd, 30 destroyd. Shelter open at Walker County Agriculture Ctr. #GA #gawx",1970-01-01 00:00:00.000040661,0,Bangalore,1970-01-01,['shelter'],mt county touch down homes affectd destroyd shelter open walker county agriculture ctr
2061,RT @TORNADOHUNT: Tornado may have just passed directly over Bristol Motor Speedway! Take shelter right now in Bristol!,1970-01-01 00:00:00.000040661,0,Hyderabad,1970-01-01,['shelter'],rt tornado may have passed directly bristol motor speedway take shelter right now bristol
2065,Hey peeps driving back from #arcadefire. DRIVE SAFE. Tornado warning and thunderstorms. Please seek shelter if necessary!,1970-01-01 00:00:00.000040661,0,Bangalore,1970-01-01,['shelter'],hey peeps driving back drive safe tornado warning thunderstorms please seek shelter if necessary
2066,Family & friends here RT @TORNADOHUNT: Tornado may have passed directly over Bristol Motor Speedway! Take shelter right now in Bristol!,1970-01-01 00:00:00.000040661,0,Kolkata,1970-01-01,['shelter'],family friends rt tornado may have passed directly bristol motor speedway take shelter right now bristol
2070,"RT @TORNADOHUNT: Rapidly developing strong tornado over Clanton, AL crossing I-65. Take shelter in Rockford!",1970-01-01 00:00:00.000040661,1,Mumbai,1970-01-01,['shelter'],rt rapidly developing strong tornado clanton al crossing i take shelter rockford
2071,RT @TORNADOHUNT: #tornado may have just passed directly over Bristol Motor Speedway! Take shelter right now in Bristol! #tennessee #severe,1970-01-01 00:00:00.000040661,0,Bangalore,1970-01-01,['shelter'],rt may have passed directly bristol motor speedway take shelter right now bristol
2074,Amie is nervous about the tornado possibility. She's made us a laundry room shelter complete with snacks and toys.  http://campl.us/0FX,1970-01-01 00:00:00.000040661,0,Kolkata,1970-01-01,['shelter'],amie nervous tornado possibility shes made us laundry room shelter complete snacks toys
2076,I guess I better stay home. My neighbor just text me. She may hv 2 come down 4 shelter from a tornado. #posted #realwomen help when they can,1970-01-01 00:00:00.000040661,0,Chennai,1970-01-01,['shelter'],i guess i better stay home my neighbor text me she may hv come down shelter tornado help when they
2079,Tornado warning until 11:10pm. Moved to a more sturdy shelter...we hope. All the dogs with me now.,1970-01-01 00:00:00.000040661,0,Mumbai,1970-01-01,['shelter'],tornado warning until pm moved sturdy shelterwe hope dogs me now
2080,"Oh wow RT @TORNADOHUNT: Tornado-warned storm strengthening as it approaches Manassas, VA. Take shelter in (cont) http://tl.gd/a4f4c3",1970-01-01 00:00:00.000040661,0,Chennai,1970-01-01,['shelter'],oh wow rt tornadowarned storm strengthening as it approaches manassas va take shelter cont
2081,Charging the cells + iPad in case we end up camped out in the laundry room/tornado shelter sometime in the next 12 hrs. Effing Tornadoes.,1970-01-01 00:00:00.000040661,1,Hyderabad,1970-01-01,['shelter'],charging cells ipad case we end camped out laundry roomtornado shelter sometime next hrs effing tornadoes
2083,Crap. RT @capitalweather Possible tornado nearing Manassas. Hook echo on radar.  Seek shelter in lowest level in interior room.,1970-01-01 00:00:00.000040661,0,Kolkata,1970-01-01,['shelter'],crap rt possible tornado nearing manassas hook echo radar seek shelter lowest level interior room
2084,"Omg!! ‚òö RT @emokidsloveme RT @TORNADOHUNT: Tornado moving toward Clayton and Mountain City, GA. Goto safe shelter now!",1970-01-01 00:00:00.000040661,0,Delhi,1970-01-01,['shelter'],omg rt rt tornado moving toward clayton mountain city ga goto safe shelter now
2085,"RT @emokidsloveme RT @TORNADOHUNT: Tornado moving toward Clayton and Mountain City, GA. Go to safe shelter now!",1970-01-01 00:00:00.000040661,0,Delhi,1970-01-01,['shelter'],rt rt tornado moving toward clayton mountain city ga go safe shelter now
2086,"RT @TORNADOHUNT: Tornado moving toward Clayton and Mountain City, GA. Goto safe shelter now!",1970-01-01 00:00:00.000040661,0,Bangalore,1970-01-01,['shelter'],rt tornado moving toward clayton mountain city ga goto safe shelter now
2088,News just said if you live in manassas or prince william find shelter cause a tornado is comin,1970-01-01 00:00:00.000040661,0,Kolkata,1970-01-01,['shelter'],news said if you live manassas prince william find shelter cause tornado comin
2091,"Tornado moving toward Clayton and Mountain City, GA. Goto safe shelter now!",1970-01-01 00:00:00.000040661,0,Bangalore,1970-01-01,['shelter'],tornado moving toward clayton mountain city ga goto safe shelter now
2094,So..Tornado's are dropping everywhere in Georgia..Hope everyone takes proper shelter.. *Makes sure gainesville isnt on the warning list*,1970-01-01 00:00:00.000040661,0,Delhi,1970-01-01,['shelter'],sotornados dropping everywhere georgiahope everyone takes proper shelter makes sure gainesville isnt warning list
2095,Trying to decide whether to take shelter & call my family if the #tornado threat continues.  It's pretty scary out there. Pls be careful.,1970-01-01 00:00:00.000040661,0,Delhi,1970-01-01,['shelter'],trying decide whether take shelter call my family if threat continues its pretty scary out pls be careful
2097,"RT @TORNADOHUNT Rapidly developing strong tornado over Clanton, AL crossing I-65. Take shelter in Rockford!",1970-01-01 00:00:00.000040661,1,Bangalore,1970-01-01,['shelter'],rt rapidly developing strong tornado clanton al crossing i take shelter rockford
2098,RT @TORNADOHUNT Tornado may have just passed directly over Bristol Motor Speedway! Take shelter right now in Bristol!,1970-01-01 00:00:00.000040661,0,Hyderabad,1970-01-01,['shelter'],rt tornado may have passed directly bristol motor speedway take shelter right now bristol
2102,"@caseface9112 just read this.. ""Tornado may have just passed directly over Bristol Motor Speedway! Take shelter right now in Bristol!""",1970-01-01 00:00:00.000040661,0,Delhi,1970-01-01,['shelter'],read this tornado may have passed directly bristol motor speedway take shelter right now bristol
2113,"OK DC Folks, we are on the hook till 2AM RT @capitalweather Possible tornado nearing Manassas. Hook echo on radar. Seek shelter lowest lvl",1970-01-01 00:00:00.000040661,1,Chennai,1970-01-01,['shelter'],ok dc folks we hook till am rt possible tornado nearing manassas hook echo radar seek shelter lowest lvl
2116,Tornado may have just passed directly over Bristol Motor Speedway! Take shelter right now in Bristol!,1970-01-01 00:00:00.000040661,0,Bangalore,1970-01-01,['shelter'],tornado may have passed directly bristol motor speedway take shelter right now bristol
2123,"My sister is still afraid of thunderstorms and tornado watches...she told me I need to seek shelter in the bathtub -_- lol, she's hilarious",1970-01-01 00:00:00.000040661,1,Mumbai,1970-01-01,['shelter'],my sister still afraid thunderstorms tornado watchesshe told me i need seek shelter bathtub lol shes hilarious
2124,"Rapidly developing strong tornado over Clanton, AL crossing I-65. Take shelter in Rockford!",1970-01-01 00:00:00.000040661,1,Hyderabad,1970-01-01,['shelter'],rapidly developing strong tornado clanton al crossing i take shelter rockford
2126,"dads clearing out the 'tornado shelter' lolol we live in a townhouse.. lets face it, if a tornado hits my house.. im dead xD",1970-01-01 00:00:00.000040661,1,Bangalore,1970-01-01,['shelter'],dads clearing out tornado shelter lolol we live townhouse lets face it if tornado hits my house im dead xd
2132,@1_olddude RT @wdbj7weather: TORNADO POSSIBLE near Saltville...seek shelter now. Those tracking on radar... http://www.wdbj7.com/weather/radar/dma/¬†‚Ä¶,1970-01-01 00:00:00.000040661,1,Mumbai,1970-01-01,['shelter'],rt tornado possible near saltvilleseek shelter now those tracking radar
2134,"That's us!  Careful! RT @TORNADOHUNT Tornado-warned storm strengthening as it approaches Manassas, VA. Take shelter... http://tl.gd/a4esiu",1970-01-01 00:00:00.000040661,1,Delhi,1970-01-01,['shelter'],thats us careful rt tornadowarned storm strengthening as it approaches manassas va take shelter
2139,TORNADO POSSIBLE near Saltville...seek shelter now. Those tracking on radar... http://www.wdbj7.com/weather/radar/dma/¬†‚Ä¶,1970-01-01 00:00:00.000040661,1,Chennai,1970-01-01,['shelter'],tornado possible near saltvilleseek shelter now those tracking radar
2142,Tornado Warning for Knox County until 11:15! Take shelter folks and be careful!,1970-01-01 00:00:00.000040661,1,Kolkata,1970-01-01,['shelter'],tornado warning knox county until take shelter folks be careful
2144,"- wheater mann said , if we have a flood warninq , REACH HIGHER GROUNDS , if we have a tornado , GOO SEEK SHELTER LOWER GROUNDS , im lik ...",1970-01-01 00:00:00.000040661,1,Bangalore,1970-01-01,['shelter'],wheater mann said if we have flood warninq reach higher grounds if we have tornado goo seek shelter lower grounds im lik
2146,"Please help my good friend @infobabe w/@RedCross, now providing shelter and aid to tornado victims. To donate, text REDCROSS to 90999.",1970-01-01 00:00:00.000040661,1,Hyderabad,1970-01-01,['shelter'],please help my good friend w now providing shelter aid tornado victims donate text redcross
2147,University of Alabama Rec Center is open as a shelter #alwx #tornado,1970-01-01 00:00:00.000040661,0,Mumbai,1970-01-01,['shelter'],university alabama rec center open as shelter
2151,"RT @tornadohunt: Another tornado over Greenville, TN moving quickly toward Johnson City. Jonesborough and JC take shelter...AGAIN!",1970-01-01 00:00:00.000040661,1,Bangalore,1970-01-01,['shelter'],rt another tornado greenville tn moving quickly toward johnson city jonesborough jc take shelteragain
2152,Brace yourself Atlanta....its looking bad #tornado #shelter,1970-01-01 00:00:00.000040661,1,Delhi,1970-01-01,['shelter'],brace yourself atlantaits looking bad
2154,"RT @NASCAR_WXMAN: RT @wxbrad: Tornado spotted near Bristol, TN seek shelter now in Abington, VA! #tnwx http://twitpic.com/4qckl5 #vawx",1970-01-01 00:00:00.000040661,0,Hyderabad,1970-01-01,['shelter'],rt rt tornado spotted near bristol tn seek shelter now abington va
2155,"RT @TVAmy RT @wxbrad: Tornado spotted near Bristol, TN seek shelter now in Abington, VA! #tnwx #inside7 http://twitpic.com/4qckl5 #vawx",1970-01-01 00:00:00.000040661,0,Mumbai,1970-01-01,['shelter'],rt rt tornado spotted near bristol tn seek shelter now abington va
2157,"RT @RaceWeather: RT @WYcain: RT @wxbrad: Tornado spotted near Bristol, TN seek shelter now in Abington, VA! (cont) http://tl.gd/a4em01",1970-01-01 00:00:00.000040661,0,Mumbai,1970-01-01,['shelter'],rt rt rt tornado spotted near bristol tn seek shelter now abington va cont
2158,"RT @wxbrad: Tornado spotted near Bristol, TN seek shelter now in Abington, VA! #tnwx http://twitpic.com/4qckl5 #vawx",1970-01-01 00:00:00.000040661,0,Bangalore,1970-01-01,['shelter'],rt tornado spotted near bristol tn seek shelter now abington va
2162,"RT @WYcain: RT @wxbrad: Tornado spotted near Bristol, TN seek shelter now in Abington, VA! #tnwx  http://twitpic.com/4qckl5 #vawx",1970-01-01 00:00:00.000040661,0,Mumbai,1970-01-01,['shelter'],rt rt tornado spotted near bristol tn seek shelter now abington va
2163,@DryerBuzz ain't nothing safe from a tornado except an underground shelter. U cannot run!!! #truth,1970-01-01 00:00:00.000040661,1,Hyderabad,1970-01-01,['shelter'],aint nothing safe tornado except underground shelter u cannot run
2164,@LivingLegendO_o rain is. Not Tornado. Only thing I'm thinking about right now is shelter from the storm.,1970-01-01 00:00:00.000040661,1,Bangalore,1970-01-01,['shelter'],rain tornado thing im thinking right now shelter storm
2165,"If u n or around #Cartersville, GA. . . SEEK SHELTER!!!The Tornado that hit Alabama is Headed your WAY!!Turn News on,these tornados are huge",1970-01-01 00:00:00.000040661,1,Chennai,1970-01-01,['shelter'],if u n around ga seek shelterthe tornado that hit alabama headed your wayturn news onthese tornados huge
2168,"via Brad Panovich on twitter ""Tornado spotted near Bristol, TN seek shelter now in Abington, VA!""",1970-01-01 00:00:00.000040661,1,Mumbai,1970-01-01,['shelter'],via brad panovich twitter tornado spotted near bristol tn seek shelter now abington va
2169,"RT @HighCountryHost RT @wxbrad Tornado spotted near Bristol, TN seek shelter now in Abington, VA! #tnwx http://twitpic.com/4qckl5 #vawx",1970-01-01 00:00:00.000040661,1,Mumbai,1970-01-01,['shelter'],rt rt tornado spotted near bristol tn seek shelter now abington va
2171,"RT @wxbrad: Tornado spotted near Bristol, TN seek shelter now in Abington, VA! #tnwx  http://twitpic.com/4qckl5 #vawx",1970-01-01 00:00:00.000040661,1,Bangalore,1970-01-01,['shelter'],rt tornado spotted near bristol tn seek shelter now abington va
2172,"RT @wxbrad Tornado spotted near Bristol, TN seek shelter now in Abington, VA! #tnwx http://twitpic.com/4qckl5 #vawx",1970-01-01 00:00:00.000040661,1,Delhi,1970-01-01,['shelter'],rt tornado spotted near bristol tn seek shelter now abington va
2177,@lorian66 my fb friend is visiting Tenn. right now and is stuck in a tornado shelter !,1970-01-01 00:00:00.000040661,1,Chennai,1970-01-01,['shelter'],my fb friend visiting tenn right now stuck tornado shelter
2178,"Tornado spotted near Bristol, TN seek shelter now in Abington, VA!",1970-01-01 00:00:00.000040661,1,Hyderabad,1970-01-01,['shelter'],tornado spotted near bristol tn seek shelter now abington va
2180,Huge tornado warnings here. Being warned to prepare to head to fire station for shelter if necessary.,1970-01-01 00:00:00.000040661,1,Hyderabad,1970-01-01,['shelter'],huge tornado warnings being warned prepare head fire station shelter if necessary
2182,"RT @TVAmy: RT @wxbrad: Tornado spotted near Bristol, TN seek shelter now in Abington, VA! #tnwx http://ping.fm/tMQD4 #vawx",1970-01-01 00:00:00.000040661,1,Mumbai,1970-01-01,['shelter'],rt rt tornado spotted near bristol tn seek shelter now abington va
2183,"Wow. Be safe, GA! ‚Äú@TORNADOHUNT: Scariest tornado I've seen on radar all day. Take shelter in La Fayette and LaGrange http://twitpic.com/4qci50¬†‚Äù",1970-01-01 00:00:00.000040661,0,Hyderabad,1970-01-01,['shelter'],wow be safe ga scariest tornado ive seen radar day take shelter la fayette lagrange
2187,"RT @TVAmy: RT @wxbrad: Tornado spotted near Bristol, TN seek shelter now in Abington, VA! #tnwx http://twitpic.com/4qckl5 #vawx",1970-01-01 00:00:00.000040661,1,Delhi,1970-01-01,['shelter'],rt rt tornado spotted near bristol tn seek shelter now abington va
2188,"RT @wxdan: RT @wxbrad: Tornado spotted near Bristol, TN seek shelter now in Abington, VA! #tnwx  http://twitpic.com/4qckl5 #vawx #swvawx",1970-01-01 00:00:00.000040661,1,Hyderabad,1970-01-01,['shelter'],rt rt tornado spotted near bristol tn seek shelter now abington va
2192,MT @wxbrad #Tornado spotted near #Bristol #TN seek shelter now in #Abington #VA! #tnwx http://twitpic.com/4qckl5 #vawx,1970-01-01 00:00:00.000040661,1,Hyderabad,1970-01-01,['shelter'],mt spotted near seek shelter now
2193,"Stay safe friends! RT @wxbrad: Tornado spotted near Bristol, TN seek shelter now in Abington, VA! #tnwx  http://twitpic.com/4qckl5 #vawx",1970-01-01 00:00:00.000040661,0,Kolkata,1970-01-01,['shelter'],stay safe friends rt tornado spotted near bristol tn seek shelter now abington va
2194,"Damn!!!! RT @wxbrad: Tornado spotted near Bristol, TN seek shelter now in Abington, VA! #tnwx  http://twitpic.com/4qckl5 #vawx",1970-01-01 00:00:00.000040661,0,Hyderabad,1970-01-01,['shelter'],damn rt tornado spotted near bristol tn seek shelter now abington va
2195,"RT @wxbrad: Tornado spotted near Bristol, TN seek shelter now in Abington, VA! #tnwx http://ping.fm/tMQD4 #vawx",1970-01-01 00:00:00.000040661,1,Mumbai,1970-01-01,['shelter'],rt tornado spotted near bristol tn seek shelter now abington va
2197,so not cool.  ‚Äú@TORNADOHUNT: Scariest tornado I've seen on radar all day. Take shelter in La Fayette and LaGrange http://twitpic.com/4qci50¬†‚Äù,1970-01-01 00:00:00.000040661,0,Hyderabad,1970-01-01,['shelter'],cool scariest tornado ive seen radar day take shelter la fayette lagrange
2199,"RT @wxbrad: Tornado spotted near Bristol, TN seek shelter now in Abington, VA! #tnwx  http://twitpic.com/4qckl5 #vawx #swvawx",1970-01-01 00:00:00.000040661,1,Bangalore,1970-01-01,['shelter'],rt tornado spotted near bristol tn seek shelter now abington va
2201,"Tornado spotted near Bristol, TN seek shelter now in Abington, VA! #tnwx  http://twitpic.com/4qckl5 #vawx",1970-01-01 00:00:00.000040661,1,Hyderabad,1970-01-01,['shelter'],tornado spotted near bristol tn seek shelter now abington va
2205,Entire region under TORNADO WATCH. Meaning conditions are right for tornadic storms. When a TORNADO WARNING is issued. Seek shelter.,1970-01-01 00:00:00.000040661,1,Hyderabad,1970-01-01,['shelter'],entire region tornado watch meaning conditions right tornadic storms when tornado warning issued seek shelter
2209,@ClevelandTN New tornado warning issued until 10:30 p.m. Take cover if in Bradley County! Seek shelter NOW!!! Almost through this folks!,1970-01-01 00:00:00.000040661,1,Chennai,1970-01-01,['shelter'],new tornado warning issued until pm take cover if bradley county seek shelter now almost through this folks
2210,Oh wow. Goosebumps. RT @TORNADOHUNT Scariest tornado seen on radar all day. Take shelter in La Fayette & LaGrange http://twitpic.com/4qci50,1970-01-01 00:00:00.000040661,1,Kolkata,1970-01-01,['shelter'],oh wow goosebumps rt scariest tornado seen radar day take shelter la fayette lagrange
2215,It looks bad! RT @TORNADOHUNT: Scariest tornado I've seen on radar all day. Take shelter in La Fayette & LaGrange http://twitpic.com/4qci50,1970-01-01 00:00:00.000040661,1,Delhi,1970-01-01,['shelter'],it looks bad rt scariest tornado ive seen radar day take shelter la fayette lagrange
2219,RT @ambzy11: Anyone in Greeneville take shelter immediately. Another major storm tracked this one to produce a tornado in greene county.<O_O,1970-01-01 00:00:00.000040661,1,Hyderabad,1970-01-01,['shelter'],rt anyone greeneville take shelter immediately another major storm tracked this one produce tornado greene countyoo
2223,Acworth may no longer be under tornado warning-but I have a sweet storm shelter set up in my closet.,1970-01-01 00:00:00.000040661,1,Mumbai,1970-01-01,['shelter'],acworth may longer be tornado warningbut i have sweet storm shelter set my closet
2225,"Got our zombie shelter, I mean tornado shelter ready. #gastorms",1970-01-01 00:00:00.000040661,1,Hyderabad,1970-01-01,['shelter'],got our zombie shelter i mean tornado shelter ready
2226,fuck another tornado warning...time to seek shelter - you live in Georgia too? http://tumblr.com/xzp2aplqu4,1970-01-01 00:00:00.000040661,1,Chennai,1970-01-01,['shelter'],fuck another tornado warningtime seek shelter you live georgia
2228,"Dudley has decided that he likes the ""tornado shelter"".....he has his down comforter and he is ready! http://twitpic.com/4qchnx¬†",1970-01-01 00:00:00.000040661,0,Kolkata,1970-01-01,['shelter'],dudley has decided that he likes tornado shelterhe has his down comforter he ready
2231,"http://wp.me/pNHDP-86P - RT @WWBNews: DESTRUCTIVE TORNADO RIPPING THROUGH TUSCALOOSA, AL NOW! TAKE SHELTER NOW!!! #severe",1970-01-01 00:00:00.000040661,1,Kolkata,1970-01-01,['shelter'],rt destructive tornado ripping through tuscaloosa al now take shelter now
2232,The consistent warning for all of these storms/tornado from the weathermen is to keep telling people in mobile homes to find shelter.  :(,1970-01-01 00:00:00.000040661,1,Bangalore,1970-01-01,['shelter'],consistent warning these stormstornado weathermen keep telling people mobile homes find shelter
2233,"RT @TORNADOHUNT Another tornado over Greenville, TN moving quickly toward Johnson City. Jonesborough and JC take shelter...AGAIN!",1970-01-01 00:00:00.000040661,1,Bangalore,1970-01-01,['shelter'],rt another tornado greenville tn moving quickly toward johnson city jonesborough jc take shelteragain
2236,"Another tornado over Greenville, TN moving quickly toward Johnson City. Jonesborough and JC take shelter...AGAIN!",1970-01-01 00:00:00.000040661,1,Kolkata,1970-01-01,['shelter'],another tornado greenville tn moving quickly toward johnson city jonesborough jc take shelteragain
2237,"#bradleycountyTN @ClevelandTN new #tornado warning just issued, take cover if your in northern Bradley where we are. seek shelter now.",1970-01-01 00:00:00.000040661,1,Chennai,1970-01-01,['shelter'],new warning issued take cover if your northern bradley where we seek shelter now
2238,Possible #tornado seen near cocke county high school #newport #tnwx can we confirm this?? Be safe people! Seek shelter,1970-01-01 00:00:00.000040661,1,Chennai,1970-01-01,['shelter'],possible seen near cocke county high school we confirm this be safe people seek shelter
2241,Just got a phone call telling us to take immediate shelter. Praying for everyone! Heard a tornado touched down in kinsport..scary stuff!,1970-01-01 00:00:00.000040661,1,Bangalore,1970-01-01,['shelter'],got phone call telling us take immediate shelter praying everyone heard tornado touched down kinsportscary stuff
2243,(AU_Alert):Tornado WARNING for Auburn main campus until 9:00PM Take shelter IMMEDIATELY. Thanks AU Alert...a little late,1970-01-01 00:00:00.000040661,1,Mumbai,1970-01-01,['shelter'],aualerttornado warning auburn main campus until pm take shelter immediately thanks au alerta little late
2245,"RT @Andrea_Michele: RT @TORNADOHUNT: Another tornado headed for Cedartown, GA. please seek safe shelter now.",1970-01-01 00:00:00.000040661,1,Chennai,1970-01-01,['shelter'],rt rt another tornado headed cedartown ga please seek safe shelter now
2247,Tornado on the ground near Dadeville TAKE SHELTER #ALWX,1970-01-01 00:00:00.000040661,1,Delhi,1970-01-01,['shelter'],tornado ground near dadeville take shelter
2249,"Sorry if this is insensitive, but TV ticker tape of event closings during a storm? There's a tornado. No bingo. No softball. Seek shelter.",1970-01-01 00:00:00.000040661,1,Kolkata,1970-01-01,['shelter'],sorry if this insensitive but tv ticker tape event closings during storm theres tornado bingo softball seek shelter
2250,"Bad stuff heading from Kingsport twd Blountville/Bristol, possible #tornado TN. Take shelter, if outside wear a helmet, golfball size hail!",1970-01-01 00:00:00.000040661,1,Kolkata,1970-01-01,['shelter'],bad stuff heading kingsport twd blountvillebristol possible tn take shelter if outside wear helmet golfball size hail
2252,"cant reach her by text already 2 tornado hve hit @cynthiaeden: @monicaburns Oh, no!!  In a shelter? Hope she's ok!",1970-01-01 00:00:00.000040661,1,Kolkata,1970-01-01,['shelter'],cant reach her text already tornado hve hit oh shelter hope shes ok
2256,@AUALERT: Tornado WARNING for Auburn main campus until 9:00PM .Take shelter IMMEDIATELY. Stay tuned to local weather for more information.,1970-01-01 00:00:00.000040661,1,Chennai,1970-01-01,['shelter'],tornado warning auburn main campus until pm take shelter immediately stay tuned local weather information
2258,Tornado WARNING for Auburn main campus until 9:00PM CDT. Take shelter IMMEDIATELY. Stay tuned to local weather for more information.,1970-01-01 00:00:00.000040661,1,Bangalore,1970-01-01,['shelter'],tornado warning auburn main campus until pm cdt take shelter immediately stay tuned local weather information
2260,getting the fallout shelter ready just in case a tornado come thru,1970-01-01 00:00:00.000040661,0,Hyderabad,1970-01-01,['shelter'],getting fallout shelter ready case tornado come thru
2261,Holy Fuck! Now that we are out of the shelter and watching the news I am in shock! Yeah the pictures of the mile wide tornado going by....,1970-01-01 00:00:00.000040661,1,Bangalore,1970-01-01,['shelter'],holy fuck now that we out shelter watching news i am shock yeah pictures mile wide tornado going
2262,"A #Tornado has been spotted on 1-81 in Eastern #Tennesse. People in Blountville (really?), Walnut Hill & Bristol take shelter now! #TN",1970-01-01 00:00:00.000040661,1,Chennai,1970-01-01,['shelter'],has been spotted eastern people blountville really walnut hill bristol take shelter now
2265,RT @Corey_Erickson: Its scary here! RT @SamChampion: Tornado warnings all over (TAKE IMEDIATE SHELTER IF IN WARNING,1970-01-01 00:00:00.000040661,1,Bangalore,1970-01-01,['shelter'],rt its scary rt tornado warnings take imediate shelter if warning
2268,Crazy RT @TWCBreaking NWS-Birmingham now taking shelter as possible #tornado nears. NWS-Atlanta taking over warnings temporarily. #severe,1970-01-01 00:00:00.000040661,1,Mumbai,1970-01-01,['shelter'],crazy rt nwsbirmingham now taking shelter as possible nears nwsatlanta taking warnings temporarily
2273,The fucking tornado is gonna be a 7! This shit is forreal! Y'all better take shelter!,1970-01-01 00:00:00.000040661,1,Bangalore,1970-01-01,['shelter'],fucking tornado gonna be this shit forreal yall better take shelter
2274,CALHOUN COUNTY EMA: Tornado Warning for Northern Calhoun County until 9 PM. Shelter opened at Weaver High School... http://fb.me/tHbbQObW,1970-01-01 00:00:00.000040661,0,Hyderabad,1970-01-01,['shelter'],calhoun county ema tornado warning northern calhoun county until pm shelter opened weaver high school
2275,RT @gotstyles: RT @benzyily09: So there is a tornado...Auburn make sure you take shelter NOW/what?,1970-01-01 00:00:00.000040661,1,Mumbai,1970-01-01,['shelter'],rt rt tornadoauburn make sure you take shelter nowwhat
2278,Tornado Warning for Northern Calhoun County until 9 PM. Shelter opened at Weaver High School (517 Clairmont Dr) #alwx,1970-01-01 00:00:00.000040661,1,Bangalore,1970-01-01,['shelter'],tornado warning northern calhoun county until pm shelter opened weaver high school clairmont dr
2282,"when the weather channel tells you to run, RUN  ""@TWCBreaking: DESTRUCTIVE TORNADO RIPPING THROUGH TUSCALOOSA, AL NOW! TAKE SHELTER NOW!!! """,1970-01-01 00:00:00.000040661,0,Kolkata,1970-01-01,['shelter'],when weather channel tells you run run destructive tornado ripping through tuscaloosa al now take shelter now
2283,(AU_Alert):Tornado WARNING for Auburn main campus until 9:00PM CDT. Take shelter IMMEDIATELY. Stay tuned to (cont) http://tl.gd/a4ds30,1970-01-01 00:00:00.000040661,1,Chennai,1970-01-01,['shelter'],aualerttornado warning auburn main campus until pm cdt take shelter immediately stay tuned cont
2286,"#Tornado Another tornado headed for Cedartown, GA. please seek safe shelter now. @TORNADOHUNT",1970-01-01 00:00:00.000040661,1,Kolkata,1970-01-01,['shelter'],another tornado headed cedartown ga please seek safe shelter now
2288,"Wow. Is it gonna end??RT @TORNADOHUNT Another tornado headed for Cedartown, GA. please seek safe shelter now.",1970-01-01 00:00:00.000040661,1,Chennai,1970-01-01,['shelter'],wow it gonna endrt another tornado headed cedartown ga please seek safe shelter now
2290,"RT @emokidsloveme  
RT @TORNADOHUNT: Another tornado headed for Cedartown, GA. please seek safe shelter now.",1970-01-01 00:00:00.000040661,1,Chennai,1970-01-01,['shelter'],rt rt another tornado headed cedartown ga please seek safe shelter now
2292,RT @AUALERT: Tornado WARNING for Auburn main campus until 9:00 PM CDT. Take shelter IMMEDIATELY. Stay tuned to local weather.‚Äù @Im_DanYell,1970-01-01 00:00:00.000040661,1,Kolkata,1970-01-01,['shelter'],rt tornado warning auburn main campus until pm cdt take shelter immediately stay tuned local weather
2293,"=@TORNADOHUNT: long-track TORNADO near White, GA maybe cycling. Jasper take shelter NOW.",1970-01-01 00:00:00.000040661,0,Hyderabad,1970-01-01,['shelter'],longtrack tornado near white ga maybe cycling jasper take shelter now
2294,Prayers for friends in Auburn. RT @AUALERT: Tornado WARNING for Auburn main campus until 9:00PM CDT. Take shelter IMMEDIATELY.,1970-01-01 00:00:00.000040661,1,Kolkata,1970-01-01,['shelter'],prayers friends auburn rt tornado warning auburn main campus until pm cdt take shelter immediately
2296,"RT @TORNADOHUNT: Another tornado headed for Cedartown, GA. please seek safe shelter now.",1970-01-01 00:00:00.000040661,1,Chennai,1970-01-01,['shelter'],rt another tornado headed cedartown ga please seek safe shelter now
2297,"Another tornado headed for Cedartown, GA. please seek safe shelter now.",1970-01-01 00:00:00.000040661,1,Bangalore,1970-01-01,['shelter'],another tornado headed cedartown ga please seek safe shelter now
2300,Tornado WARNING for Auburn main campus until 9:00PM CDT. Take shelter IMMEDIATELY. Stay tuned to local weather for more info,1970-01-01 00:00:00.000040661,1,Delhi,1970-01-01,['shelter'],tornado warning auburn main campus until pm cdt take shelter immediately stay tuned local weather info
2301,Only thing I don't like about atl houses is that most of them don't have basements! U need a basement to go take shelter for a tornado!,1970-01-01 00:00:00.000040661,1,Bangalore,1970-01-01,['shelter'],thing i dont like atl houses that them dont have basements u need basement go take shelter tornado
2304,"RT @TORNADOHUNT: Long-track tornado near White, GA maybe cycling. Jasper take shelter now.",1970-01-01 00:00:00.000040661,1,Chennai,1970-01-01,['shelter'],rt longtrack tornado near white ga maybe cycling jasper take shelter now
2305,So there is a tornado...Auburn make sure you take shelter NOW,1970-01-01 00:00:00.000040661,1,Hyderabad,1970-01-01,['shelter'],tornadoauburn make sure you take shelter now
2306,"Long-track tornado near White, GA maybe cycling. Jasper take shelter now.",1970-01-01 00:00:00.000040661,1,Delhi,1970-01-01,['shelter'],longtrack tornado near white ga maybe cycling jasper take shelter now
2307,RT @Aufan0013 Guy just came on a loud PA and said Tornado about to hit take shelter now. @Koogs242,1970-01-01 00:00:00.000040661,1,Bangalore,1970-01-01,['shelter'],rt guy came loud pa said tornado hit take shelter now
2308,RT @BMatt247: Tornado WARNING for Auburn main campus until 9:00PM CDT. Take shelter IMMEDIATELY. Stay tuned to local weather for more info,1970-01-01 00:00:00.000040661,1,Bangalore,1970-01-01,['shelter'],rt tornado warning auburn main campus until pm cdt take shelter immediately stay tuned local weather info
2309,Im At the bar RT @AUALERT: Tornado WARNING for Auburn main campus until 9:00 PM CDT. Take shelter IMMEDIATELY. Stay tuned to local weather.,1970-01-01 00:00:00.000040661,1,Mumbai,1970-01-01,['shelter'],im bar rt tornado warning auburn main campus until pm cdt take shelter immediately stay tuned local weather
2311,"Oh, boy.  Another tornado warning.  We were told to seek shelter.  Please be safe, Farmvillains. (Not saying we are villainous, just a word)",1970-01-01 00:00:00.000040661,0,Bangalore,1970-01-01,['shelter'],oh boy another tornado warning we told seek shelter please be safe farmvillains saying we villainous word
2312,‚Äú@BOOM_TRaw: TORNADO WARNING ISSUED. Take shelter immediately.‚Äù<--- bru stop soundin like the radio lol,1970-01-01 00:00:00.000040661,1,Hyderabad,1970-01-01,['shelter'],tornado warning issued take shelter immediately bru stop soundin like radio lol
2316,Via AU Alert:Tornado WARNING for Auburn main campus until 9:00PM CDT. Take shelter IMMEDIATELY.,1970-01-01 00:00:00.000040661,1,Bangalore,1970-01-01,['shelter'],via au alerttornado warning auburn main campus until pm cdt take shelter immediately
2320,"Pizza, movie time, answers for next weeks test, and a trip to the tornado shelter. I'd say today was a good day not to skip class.",1970-01-01 00:00:00.000040661,0,Bangalore,1970-01-01,['shelter'],pizza movie time answers next weeks test trip tornado shelter id say today good day skip class
2323,From Auburn Tornado WARNING for Auburn main campus until 9:00 PM CDT. Take shelter IMMEDIATELY. Stay tu... http://bit.ly/lj4KKG,1970-01-01 00:00:00.000040661,1,Hyderabad,1970-01-01,['shelter'],auburn tornado warning auburn main campus until pm cdt take shelter immediately stay tu
2324,RT @AUALERT Tornado WARNING for Auburn main campus until 9:00PM CDT. Take shelter IMMEDIATELY.,1970-01-01 00:00:00.000040661,1,Bangalore,1970-01-01,['shelter'],rt tornado warning auburn main campus until pm cdt take shelter immediately
2325,"RT @tricities_com Tornado warnings for Sullivan, Washington Counties now - please be safe and take shelter",1970-01-01 00:00:00.000040661,1,Kolkata,1970-01-01,['shelter'],rt tornado warnings sullivan washington counties now please be safe take shelter
2326,Guy just came on a loud PA and said Tornado about to hit take shelter now. @Koogs242,1970-01-01 00:00:00.000040661,1,Kolkata,1970-01-01,['shelter'],guy came loud pa said tornado hit take shelter now
2328,RT @BettinaAla13: RT @AUALERT: Tornado WARNING for Auburn main campus until 9:00PM CDT. Take shelter IMMEDIATELY. ... http://tmi.me/9rNgM,1970-01-01 00:00:00.000040661,1,Chennai,1970-01-01,['shelter'],rt rt tornado warning auburn main campus until pm cdt take shelter immediately
2330,"Tornado warnings for Sullivan, Washington Counties now - please be safe and take shelter",1970-01-01 00:00:00.000040661,1,Mumbai,1970-01-01,['shelter'],tornado warnings sullivan washington counties now please be safe take shelter
2334,RT @334HoodNews Tornado WARNING for Auburn main campus until 9:00PM CDT. Take shelter IMMEDIATELY. #AU,1970-01-01 00:00:00.000040661,1,Hyderabad,1970-01-01,['shelter'],rt tornado warning auburn main campus until pm cdt take shelter immediately
2336,From Auburn RT @AUALERT: Tornado WARNING for Auburn main campus until 9:00 PM CDT. Take shelter IMMEDIATELY. Stay tuned to local weather.,1970-01-01 00:00:00.000040661,1,Delhi,1970-01-01,['shelter'],auburn rt tornado warning auburn main campus until pm cdt take shelter immediately stay tuned local weather
2338,Well now we're hanging out in the tornado shelter. Sweet.,1970-01-01 00:00:00.000040661,0,Bangalore,1970-01-01,['shelter'],well now hanging out tornado shelter sweet
2339,From Auburn University:  Tornado WARNING for Auburn main campus until 9:00PM CDT. Take shelter IMMEDIATELY. Stay... http://fb.me/PUl06s6I,1970-01-01 00:00:00.000040661,1,Chennai,1970-01-01,['shelter'],auburn university tornado warning auburn main campus until pm cdt take shelter immediately stay
2340,RT @AUALERT: Tornado WARNING for Auburn main campus until 9PM CDT. Take shelter IMMEDIATELY. Stay tuned to local weather for more info.,1970-01-01 00:00:00.000040661,1,Mumbai,1970-01-01,['shelter'],rt tornado warning auburn main campus until pm cdt take shelter immediately stay tuned local weather info
2341,From Auburn University:  Tornado WARNING for Auburn main campus until 9:00PM CDT. Take shelter IMMEDIATELY. Stay... http://fb.me/tGDOMdSB,1970-01-01 00:00:00.000040661,1,Chennai,1970-01-01,['shelter'],auburn university tornado warning auburn main campus until pm cdt take shelter immediately stay
2343,Tornado WARNING for Auburn main campus until 9:00PM CDT. Take shelter IMMEDIATELY. #AU,1970-01-01 00:00:00.000040661,1,Bangalore,1970-01-01,['shelter'],tornado warning auburn main campus until pm cdt take shelter immediately
2346,RT @AUALERT: Tornado WARNING for Auburn main campus until 9:00PM CDT. Take shelter IMMEDIATELY. Stay tuned to local weather.,1970-01-01 00:00:00.000040661,1,Chennai,1970-01-01,['shelter'],rt tornado warning auburn main campus until pm cdt take shelter immediately stay tuned local weather
2347,Oh fuck tornado sirens went off and now we're being told to seek shelter immed /o\ omg,1970-01-01 00:00:00.000040661,1,Chennai,1970-01-01,['shelter'],oh fuck tornado sirens went off now being told seek shelter immed o omg
2351,"RT @TORNADOHUNT: fast moving tornado east side of Birmingham, AL. If U live in Pell City or Lincoln u must take shelter now U have just mins",1970-01-01 00:00:00.000040661,1,Bangalore,1970-01-01,['shelter'],rt fast moving tornado east side birmingham al if u live pell city lincoln u must take shelter now u have mins
2353,"Holy cow  RT @TORNADOHUNT: Possible tornado just west of Charlottesville, VA crossing I-64. Take shelter",1970-01-01 00:00:00.000040661,1,Chennai,1970-01-01,['shelter'],holy cow rt possible tornado west charlottesville va crossing i take shelter
2357,Our apartment survived the tornado in Fultondale. Thank you Jesus for your protection & good friends that shelter @melissareeves & myself!,1970-01-01 00:00:00.000040661,0,Delhi,1970-01-01,['shelter'],our apartment survived tornado fultondale thank you jesus your protection good friends that shelter myself
2360,"RT @TORNADOHUNT: Kingston, Cartersville, and White, GA tak shelter from large tornado now! It will cross I-75 soon.",1970-01-01 00:00:00.000040661,0,Delhi,1970-01-01,['shelter'],rt kingston cartersville white ga tak shelter large tornado now it cross i soon
2362,"Scary looking #tornado on radar over Greenville, TN heading for Jonesborough and Johnson City. Moving at 60mph. Must take shelter now!",1970-01-01 00:00:00.000040661,1,Chennai,1970-01-01,['shelter'],scary looking radar greenville tn heading jonesborough johnson city moving mph must take shelter now
2366,"RT @jonacuff When did we stop saying ""tornado shelter?"" This ""go to your safe place"" sounds like lavender candles will be involved.",1970-01-01 00:00:00.000040661,0,Hyderabad,1970-01-01,['shelter'],rt when did we stop saying tornado shelter this go your safe place sounds like lavender candles be involved
2367,"Significant TVS north of Montgomery, AL approaching Eclectic. Likely strong tornado. Take immediate shelter in Eclectic!",1970-01-01 00:00:00.000040661,1,Chennai,1970-01-01,['shelter'],significant tvs north montgomery al approaching eclectic likely strong tornado take immediate shelter eclectic
2373,Tornado watch yet again. Weather's getting old. Sigh. Think I need to move into a storm shelter to save some time?,1970-01-01 00:00:00.000040661,0,Delhi,1970-01-01,['shelter'],tornado watch yet weathers getting old sigh think i need move storm shelter save time
2374,"@barrymoltz all clear from the tornado shelter now? (can u believe VA had tornado warnings, too??!)",1970-01-01 00:00:00.000040661,0,Mumbai,1970-01-01,['shelter'],clear tornado shelter now u believe va had tornado warnings
2375,"Soooo, if this tornado does come, I'd like to know where the fuck I'm supposed to take shelter. I HAVE NO DAMN BASEMENT.",1970-01-01 00:00:00.000040661,1,Hyderabad,1970-01-01,['shelter'],soooo if this tornado does come id like know where fuck im supposed take shelter i have damn basement
2379,Anyone in the tornado or need shelter the para belk center is open shelter. #prayfortuscaloosa,1970-01-01 00:00:00.000040661,0,Hyderabad,1970-01-01,['shelter'],anyone tornado need shelter para belk center open shelter
2382,Anyone in the tornado or need shelter the para belk center is open  shelter. #prayfortuscaloosa,1970-01-01 00:00:00.000040661,0,Kolkata,1970-01-01,['shelter'],anyone tornado need shelter para belk center open shelter
2385,"#tornado coming toward my county! Got lightning and thunder, car is under awning, need to clean shelter, er, restroom NOW...",1970-01-01 00:00:00.000040661,1,Bangalore,1970-01-01,['shelter'],coming toward my county got lightning thunder car awning need clean shelter er restroom now
2386,"RT @LivingSafely: NWS issues Tornado Warning for parts of #AL, #GA, #TN, #VA. Seek strong shelter now if at risk: http://ow.ly/4p9AD",1970-01-01 00:00:00.000040661,1,Mumbai,1970-01-01,['shelter'],rt nws issues tornado warning parts seek strong shelter now if risk
2389,Currently seeking shelter..... golf ball hail is no good but a Tornado is worse.,1970-01-01 00:00:00.000040661,1,Mumbai,1970-01-01,['shelter'],currently seeking shelter golf ball hail good but tornado worse
2390,"Kingston, Cartersville, and White, GA tak shelter from large tornado now! It will cross I-75 soon.",1970-01-01 00:00:00.000040661,1,Delhi,1970-01-01,['shelter'],kingston cartersville white ga tak shelter large tornado now it cross i soon
2391,Checked making the lounge into a fort off my before school ends to do list. It also doubles as a tornado shelter! #winning,1970-01-01 00:00:00.000040661,1,Delhi,1970-01-01,['shelter'],checked making lounge fort off my before school ends do list it also doubles as tornado shelter
2392,That can't be a good sign! RT @wsbtvstorm: Brad Nitz: National Weather Service in Birmingham has just gone into their  tornado shelter.,1970-01-01 00:00:00.000040661,1,Chennai,1970-01-01,['shelter'],that cant be good sign rt brad nitz national weather service birmingham has gone their tornado shelter
2393,"Good advice: when #tornado & severe thunderstorm warnings are issued, seek strong shelter immediately! #vawx #rva #northernVA #metroDC #VA",1970-01-01 00:00:00.000040661,1,Kolkata,1970-01-01,['shelter'],good advice when severe thunderstorm warnings issued seek strong shelter immediately
2396,"""@TORNADOHUNT: Tornado crossing I-95 between Fredericksburg and Richmond now. Take shelter in Bowling Green, VA"">WTH",1970-01-01 00:00:00.000040661,1,Mumbai,1970-01-01,['shelter'],tornado crossing i between fredericksburg richmond now take shelter bowling green vawth
2402,"‚Äú@toddstarnes: @alexsturgill tornado touching down right now on Blue Springs Road, Hwy 411‚Äù Please seek shelter in @ClevelandTN.",1970-01-01 00:00:00.000040661,1,Mumbai,1970-01-01,['shelter'],tornado touching down right now blue springs road hwy please seek shelter
2403,‚Äú@wsbtvstorm: Brad Nitz: National Weather Service in Birmingham has just gone into their  tornado shelter.‚Äù Um. WTF?,1970-01-01 00:00:00.000040661,1,Hyderabad,1970-01-01,['shelter'],brad nitz national weather service birmingham has gone their tornado shelter um wtf
2404,@fiveaciousTDK oh ok my sis n law called and said her and the kids were heading to a shelter cuz a tornado and they're n ATL,1970-01-01 00:00:00.000040661,1,Delhi,1970-01-01,['shelter'],oh ok my sis n law called said her kids heading shelter cuz tornado theyre n atl
2405,"RT @TORNADOHUNT: Tornado crossing I-95 between Fredericksburg and Richmond now. Take shelter in Bowling Green, VA",1970-01-01 00:00:00.000040661,0,Kolkata,1970-01-01,['shelter'],rt tornado crossing i between fredericksburg richmond now take shelter bowling green va
2408,"US/Silver Spring: NWS issues Tornado Warning for parts of #AL, #GA, #TN, #VA. Seek strong shelter now if at risk: http://ow.ly/4IyE0",1970-01-01 00:00:00.000040661,1,Hyderabad,1970-01-01,['shelter'],ussilver spring nws issues tornado warning parts seek strong shelter now if risk
2410,"RT @TORNADOHUNT: Tornado will pass south of Rome, GA. Lindale, Euharlee, & Kingston in direct path. Goto safe shelter ASAP!",1970-01-01 00:00:00.000040661,1,Delhi,1970-01-01,['shelter'],rt tornado pass south rome ga lindale euharlee kingston direct path goto safe shelter asap
2411,"RT @TORNADOHUNT: Alabaster, AL take immediate shelter. Tornado is fast approaching and will cross I-65 soon.",1970-01-01 00:00:00.000040661,1,Hyderabad,1970-01-01,['shelter'],rt alabaster al take immediate shelter tornado fast approaching cross i soon
2414,"@TORNADOHUNT: Tornado will pass south of Rome, GA. Lindale, Euharlee, & Kingston in direct path. Goto safe shelter ASAP!",1970-01-01 00:00:00.000040661,1,Mumbai,1970-01-01,['shelter'],tornado pass south rome ga lindale euharlee kingston direct path goto safe shelter asap
2421,"Tornado will pass south of Rome, GA. Lindale, Euharlee, & Kingston in direct path. Goto safe shelter ASAP!",1970-01-01 00:00:00.000040661,1,Hyderabad,1970-01-01,['shelter'],tornado pass south rome ga lindale euharlee kingston direct path goto safe shelter asap
2423,"Walker County - EMA reports tornado touch down, 65 homes affected, 30 destroyed. Shelter is open at the Walker County Agriculture Center.",1970-01-01 00:00:00.000040661,0,Kolkata,1970-01-01,['shelter'],walker county ema reports tornado touch down homes affected destroyed shelter open walker county agriculture center
2424,"RT @Estrelinha72: RT @TORNADOHUNT: Tornado crossing I-95 between Fredericksburg and Richmond now. Take shelter in Bowling Green, VA",1970-01-01 00:00:00.000040661,0,Mumbai,1970-01-01,['shelter'],rt rt tornado crossing i between fredericksburg richmond now take shelter bowling green va
2426,"Stay safe RT @utknoxville: To anyone on campus, a severe storm with tornado conditions is in the immediate area. Seek shelter immediately.",1970-01-01 00:00:00.000040661,1,Chennai,1970-01-01,['shelter'],stay safe rt anyone campus severe storm tornado conditions immediate area seek shelter immediately
2427,ALABAMA!! ABC 33/40 REPORTING NEW CULLMAN TORNADO ABOUT TO HIT YOU ~ SEEK SHELTER NOW!,1970-01-01 00:00:00.000040661,1,Hyderabad,1970-01-01,['shelter'],alabama abc reporting new cullman tornado hit you seek shelter now
2430,"RT @Nascarnoll: RT @TORNADOHUNT: Alabaster, AL take immediate shelter. Tornado is fast approaching and will cross I-65 soon.",1970-01-01 00:00:00.000040661,1,Mumbai,1970-01-01,['shelter'],rt rt alabaster al take immediate shelter tornado fast approaching cross i soon
2438,Church = tornado shelter right now bahhh! http://yfrog.com/h2rxcwej,1970-01-01 00:00:00.000040661,1,Mumbai,1970-01-01,['shelter'],church tornado shelter right now bahhh
2439,"I just want to sleep. Instead, we're setting up a tornado shelter in the hallway. Fun times.",1970-01-01 00:00:00.000040661,0,Mumbai,1970-01-01,['shelter'],i want sleep instead setting tornado shelter hallway fun times
2447,"whoa! RT- @TORNADOHUNT Tornado crossing I-95 between Fredericksburg and Richmond now. Take shelter in Bowling Green, VA",1970-01-01 00:00:00.000040661,1,Kolkata,1970-01-01,['shelter'],whoa rt tornado crossing i between fredericksburg richmond now take shelter bowling green va
2448,"RT @TORNADOHUNT Tornado crossing I-95 between Fredericksburg and Richmond now. Take shelter in Bowling Green, VA",1970-01-01 00:00:00.000040661,0,Delhi,1970-01-01,['shelter'],rt tornado crossing i between fredericksburg richmond now take shelter bowling green va
2449,"RT @TORNADOHUNT: Alabaster, #alabama take immediate shelter. #tornado is fast approaching; will cross I-65 soon. #severe #takeshelter",1970-01-01 00:00:00.000040661,1,Kolkata,1970-01-01,['shelter'],rt alabaster take immediate shelter fast approaching cross i soon
2452,"RT @TORNADOHUNT: Tornado crossing I-95 between Fredericksburg and Richmond now. Take shelter in Bowling Green, VA/ @drpenn be safe!",1970-01-01 00:00:00.000040661,0,Chennai,1970-01-01,['shelter'],rt tornado crossing i between fredericksburg richmond now take shelter bowling green va be safe
2453,"LESSON: If you want to film a tornado, just leave your camera recording on some flat surface, and go to FREAKING SHELTER! #tornado",1970-01-01 00:00:00.000040661,0,Bangalore,1970-01-01,['shelter'],lesson if you want film tornado leave your camera recording flat surface go freaking shelter
2454,"Tornado crossing I-95 between Fredericksburg and Richmond now. Take shelter in Bowling Green, VA",1970-01-01 00:00:00.000040661,0,Mumbai,1970-01-01,['shelter'],tornado crossing i between fredericksburg richmond now take shelter bowling green va
2455,"#tcot #news #prolife RT @TWCBreaking: DESTRUCTIVE TORNADO RIPPING THROUGH TUSCALOOSA, AL NOW! TAKE SHELTER NOW!!! #severe",1970-01-01 00:00:00.000040661,1,Mumbai,1970-01-01,['shelter'],rt destructive tornado ripping through tuscaloosa al now take shelter now
2456,Looks like tornado hitting Cropwell - where another client lives on lake. Glad the house is concrete construction with a FEMA shelter inside,1970-01-01 00:00:00.000040661,0,Chennai,1970-01-01,['shelter'],looks like tornado hitting cropwell where another client lives lake glad house concrete construction fema shelter inside
2457,#tornado #madison #alabama Sky just turned a scary shade of yellow here. Taking shelter. http://twitpic.com/4qbr0h¬†,1970-01-01 00:00:00.000040661,1,Bangalore,1970-01-01,['shelter'],sky turned scary shade yellow taking shelter
2460,"Damn, crazy sh*t RT @TWCBreaking: DESTRUCTIVE TORNADO RIPPING THROUGH TUSCALOOSA, AL NOW!  TAKE SHELTER NOW!!!  #severe",1970-01-01 00:00:00.000040661,1,Kolkata,1970-01-01,['shelter'],damn crazy sht rt destructive tornado ripping through tuscaloosa al now take shelter now
2461,A tornado has touched down in Cleveland. Take shelter now! Hunkering down w the roomie. So scared. Pray,1970-01-01 00:00:00.000040661,1,Mumbai,1970-01-01,['shelter'],tornado has touched down cleveland take shelter now hunkering down w roomie scared pray
2465,RT @Peaceful_intent ‚Äú@BeReadyCalhoun: Confirmed tornado on the ground in Piedmont. Take shelter now! #alwx‚Äù,1970-01-01 00:00:00.000040661,1,Hyderabad,1970-01-01,['shelter'],rt confirmed tornado ground piedmont take shelter now
2466,This tornado shit is over the top right now.  Had to seek shelter over Mikey bc my kids were going crazy.,1970-01-01 00:00:00.000040661,1,Kolkata,1970-01-01,['shelter'],this tornado shit top right now had seek shelter mikey bc my kids going crazy
2470,"@sam_s32  ---> RT @FindTheTornado: To err on  side of caution if your near Pell City, AL seek shelter , cannot confirm, but possible tornado",1970-01-01 00:00:00.000040661,1,Kolkata,1970-01-01,['shelter'],rt err side caution if your near pell city al seek shelter cannot confirm but possible tornado
2475,@BrenDee85 Same tornado cell that hit Tuscaloosa & Birmingham. Just hope she finds good shelter. Should be there around or after 9pm.,1970-01-01 00:00:00.000040661,1,Bangalore,1970-01-01,['shelter'],tornado cell that hit tuscaloosa birmingham hope she finds good shelter should be around pm
2476,"LMFAO @get_LOWren trying to get some shelter from the tornado, too bad :/ hopefully she'll be okay out there http://plixi.com/p/96566315",1970-01-01 00:00:00.000040661,1,Mumbai,1970-01-01,['shelter'],lmfao trying get shelter tornado bad hopefully shell be okay out
2477,"RT @TORNADOHUNT: Giant hail and strong tornado vortex signature over Eagleton Village, TN heading for Knoxville. take immediate shelter.",1970-01-01 00:00:00.000040661,1,Bangalore,1970-01-01,['shelter'],rt giant hail strong tornado vortex signature eagleton village tn heading knoxville take immediate shelter
2478,"To err on the side of caution if your near Pell City, AL seek shelter if you havent already, cannot confirm, but possible tornado",1970-01-01 00:00:00.000040661,0,Kolkata,1970-01-01,['shelter'],err side caution if your near pell city al seek shelter if you havent already cannot confirm but possible tornado
2481,"Alabaster, AL take immediate shelter. Tornado is fast approaching and will cross I-65 soon.",1970-01-01 00:00:00.000040661,1,Hyderabad,1970-01-01,['shelter'],alabaster al take immediate shelter tornado fast approaching cross i soon
2483,"roommates are skeptical of the tornado, i for one have taken shelter in our laundry room. #nowindows #justsmellyclothes.",1970-01-01 00:00:00.000040661,1,Mumbai,1970-01-01,['shelter'],roommates skeptical tornado i one have taken shelter our laundry room
2486,=@makeshiftjen TORNADO shelter = secret magical world.  Apparently.,1970-01-01 00:00:00.000040661,0,Hyderabad,1970-01-01,['shelter'],tornado shelter secret magical world apparently
2487,"UVa homepg:""Tornado sighted. Take shelter immediately""-casual warning that i may indeed get carried off by a violent, rotating column of air",1970-01-01 00:00:00.000040661,1,Delhi,1970-01-01,['shelter'],uva homepgtornado sighted take shelter immediatelycasual warning that i may indeed get carried off violent rotating column air
2488,‚Äú@TORNADOHUNT: 5 tornado warnings for counties southwest of Wash DC heading for the beltway. Prepare to take shelter in the metro area‚Äù SHIT,1970-01-01 00:00:00.000040661,0,Bangalore,1970-01-01,['shelter'],tornado warnings counties southwest wash dc heading beltway prepare take shelter metro area shit
2494,"RT @ismiglif @kberry08: tornado advice from Atlanta news is to ""seek shelter in a substantial structure- NOT a mobile home"". Good to know.",1970-01-01 00:00:00.000040661,0,Hyderabad,1970-01-01,['shelter'],rt tornado advice atlanta news seek shelter substantial structure mobile home good know
2509,=@cth0mps0n We had to go to the TORNADO shelter at the airport. Sucked. had to clear security a second time.,1970-01-01 00:00:00.000040661,0,Bangalore,1970-01-01,['shelter'],we had go tornado shelter airport sucked had clear security second time
2511,"Last time my great grandma pulled us into the ""tornado shelter"" (laundry room) I was 6 and nothing happened..... i just played my gameboy.",1970-01-01 00:00:00.000040661,0,Bangalore,1970-01-01,['shelter'],last time my great grandma pulled us tornado shelter laundry room i nothing happened i played my gameboy
2512,#Tornado UA rec center opened for shelter. Counselors are on hand for students,1970-01-01 00:00:00.000040661,1,Hyderabad,1970-01-01,['shelter'],ua rec center opened shelter counselors hand students
2513,"Wow RT @TWCBreaking DESTRUCTIVE TORNADO RIPPING THROUGH TUSCALOOSA, AL NOW!  TAKE SHELTER NOW!!!  #severe",1970-01-01 00:00:00.000040661,1,Bangalore,1970-01-01,['shelter'],wow rt destructive tornado ripping through tuscaloosa al now take shelter now
2514,BeReadyCalhoun: Confirmed tornado on the ground in Piedmont. Take shelter now! #alwx,1970-01-01 00:00:00.000040661,1,Mumbai,1970-01-01,['shelter'],bereadycalhoun confirmed tornado ground piedmont take shelter now
2517,"Never ends! RT @TORNADOHUNT: fast moving tornado east side of Birmingham, AL. If you live in Pell City or Lincoln u must take shelter no ...",1970-01-01 00:00:00.000040661,1,Mumbai,1970-01-01,['shelter'],never ends rt fast moving tornado east side birmingham al if you live pell city lincoln u must take shelter
2518,Confirmed tornado on the ground in Piedmont. Take shelter now! #alwx,1970-01-01 00:00:00.000040661,1,Mumbai,1970-01-01,['shelter'],confirmed tornado ground piedmont take shelter now
2519,"RT @TORNADOHUNT fast moving tornado east side of Birmingham, AL. If you live in Pell City or Lincoln u must take shelter now!!!",1970-01-01 00:00:00.000040661,1,Hyderabad,1970-01-01,['shelter'],rt fast moving tornado east side birmingham al if you live pell city lincoln u must take shelter now
2521,I've heard the recommendation (again) of using a bicycle helmet while taking shelter during a tornado or high wind event.  Good idea!,1970-01-01 00:00:00.000040661,0,Mumbai,1970-01-01,['shelter'],ive heard recommendation using bicycle helmet while taking shelter during tornado high wind event good idea
2524,"fast moving tornado east side of Birmingham, AL. If you live in Pell City or Lincoln u must take shelter now. U have just minutes!",1970-01-01 00:00:00.000040661,1,Hyderabad,1970-01-01,['shelter'],fast moving tornado east side birmingham al if you live pell city lincoln u must take shelter now u have minutes
2530,"RT @TORNADOHUNT: Radar being obscured by mountains. Possible tornado near Pigeon Forge and Gatlinburg, TN. Seek shelter immediately!",1970-01-01 00:00:00.000040661,1,Delhi,1970-01-01,['shelter'],rt radar being obscured mountains possible tornado near pigeon forge gatlinburg tn seek shelter immediately
2534,Take Shelter!!! They don't have the technology right now to see the smaller evidence of a tornado forming!!,1970-01-01 00:00:00.000040661,1,Chennai,1970-01-01,['shelter'],take shelter they dont have technology right now see smaller evidence tornado forming
2536,@BradNitzWSB I heard it's best to get out of car & shelter in ditch during tornado?  Why?,1970-01-01 00:00:00.000040661,1,Delhi,1970-01-01,['shelter'],i heard its best get out car shelter ditch during tornado why
2539,"Per @kberry08: tornado advice from Atlanta news is to ""seek shelter in a substantial structure- NOT a mobile home"". Good to know.",1970-01-01 00:00:00.000040661,1,Hyderabad,1970-01-01,['shelter'],per tornado advice atlanta news seek shelter substantial structure mobile home good know
2544,I love how the tornado warnings in GA remind people to seek shelter in a structure that's not a mobile home.,1970-01-01 00:00:00.000040661,1,Mumbai,1970-01-01,['shelter'],i love how tornado warnings ga remind people seek shelter structure thats mobile home
2553,Yall think I'm playing. The closet will be my tornado shelter. My daddy better find somewhere to go. Aint no room for the both of us.,1970-01-01 00:00:00.000040661,1,Chennai,1970-01-01,['shelter'],yall think im playing closet be my tornado shelter my daddy better find somewhere go aint room us
2554,Shit if a tornado suppose to b coming why I don't hear anyone at #MyAsu talking about an underground shelter...Smh We all dead,1970-01-01 00:00:00.000040661,1,Bangalore,1970-01-01,['shelter'],shit if tornado suppose b coming why i dont hear anyone talking underground sheltersmh we dead
2558,@iwbadg scary stuff!! Do you have a tornado shelter? Be safe!,1970-01-01 00:00:00.000040661,0,Bangalore,1970-01-01,['shelter'],scary stuff do you have tornado shelter be safe
2564,Dangerous tornado on the ground near Glencoe & Websters Chapel Rd.  TAKE SHELTER #alwx,1970-01-01 00:00:00.000040661,1,Delhi,1970-01-01,['shelter'],dangerous tornado ground near glencoe websters chapel rd take shelter
2566,"Thank god for West !:)
We are all tornado ready with our snacks, shelter, and relief!
#AAMU",1970-01-01 00:00:00.000040661,0,Bangalore,1970-01-01,['shelter'],thank god west we tornado ready our snacks shelter relief
2568,"Giant hail and strong tornado vortex signature over Eagleton Village, TN heading for Knoxville. take immediate shelter.",1970-01-01 00:00:00.000040661,1,Chennai,1970-01-01,['shelter'],giant hail strong tornado vortex signature eagleton village tn heading knoxville take immediate shelter
2571,RT @mhaithaca: NWS has issued a tornado warning effective until 9:26pm. Seek shelter away from windows. http://tinyurl.com/5r547ec,1970-01-01 00:00:00.000040661,1,Delhi,1970-01-01,['shelter'],rt nws has issued tornado warning effective until pm seek shelter away windows
2572,Half mile wide tornado confirmed on the ground tracking towards Webster's Chapel Methodist Church.  Take Shelter!!!,1970-01-01 00:00:00.000040661,1,Bangalore,1970-01-01,['shelter'],half mile wide tornado confirmed ground tracking towards websters chapel methodist church take shelter
2573,"RT @TORNADOHUNT 
Radar being obscured by mountains. Possible tornado near Pigeon Forge and Gatlinburg, TN. Seek shelter immediately!",1970-01-01 00:00:00.000040661,1,Hyderabad,1970-01-01,['shelter'],rt radar being obscured mountains possible tornado near pigeon forge gatlinburg tn seek shelter immediately
2577,Tornado WARNING in effect for Tompkins County including Ithaca until 9pm.  Monitor TV/radio NOW and be ready to take shelter IMMEDIATELY!!!,1970-01-01 00:00:00.000040661,1,Kolkata,1970-01-01,['shelter'],tornado warning effect tompkins county including ithaca until pm monitor tvradio now be ready take shelter immediately
2579,"Tornado watch. We're discussing where we'll seek shelter. He picked the safe ""room"".  I picked the wine cellar.  What?",1970-01-01 00:00:00.000040661,1,Hyderabad,1970-01-01,['shelter'],tornado watch discussing where well seek shelter he picked safe room i picked wine cellar what
2580,"NWS has issued a tornado warning effective until 9:26pm, replacing tornado watch. Seek shelter away from windows. http://tinyurl.com/5r547ec",1970-01-01 00:00:00.000040661,1,Chennai,1970-01-01,['shelter'],nws has issued tornado warning effective until pm replacing tornado watch seek shelter away windows
2581,im freaking. everyone is saying to go in shelter cause their might be a tornado :O,1970-01-01 00:00:00.000040661,0,Bangalore,1970-01-01,['shelter'],im freaking everyone saying go shelter cause their might be tornado o
2584,"Radar being obscured by mountains. Possible tornado near Pigeon Forge and Gatlinburg, TN. Seek shelter immediately!",1970-01-01 00:00:00.000040661,1,Bangalore,1970-01-01,['shelter'],radar being obscured mountains possible tornado near pigeon forge gatlinburg tn seek shelter immediately
2587,"Wow! that was really scary, we had to take shelter because of a tornado warning for about 30 minutes, everyone's okay at least",1970-01-01 00:00:00.000040661,0,Kolkata,1970-01-01,['shelter'],wow that really scary we had take shelter because tornado warning minutes everyones okay least
2589,Tornado just went over our house in Ohatchee/Southside area. In storm shelter; kids crying and upset. #alwx,1970-01-01 00:00:00.000040661,1,Hyderabad,1970-01-01,['shelter'],tornado went our house ohatcheesouthside area storm shelter kids crying upset
2590,And they Tweet! :) RT @barrymoltz: Do you know what most People do in the tornado shelter...they text!,1970-01-01 00:00:00.000040661,0,Mumbai,1970-01-01,['shelter'],they tweet rt do you know what people do tornado shelterthey text
2594,"RT @TORNADOHUNT: Tornado about to pass over I-95 just north of Richmond, VA close to Ashland. Take shelter in Bowling Green, VA!",1970-01-01 00:00:00.000040661,1,Mumbai,1970-01-01,['shelter'],rt tornado pass i north richmond va close ashland take shelter bowling green va
2599,"It's days like this that make you happy you located a handy tornado shelter. You did that already, right?",1970-01-01 00:00:00.000040661,0,Kolkata,1970-01-01,['shelter'],its days like this that make you happy you located handy tornado shelter you did that already right
2603,"Birmingham, Alabama Tornado Warning- Live Video 
Birmingham Opens Storm Shelter as Tornado hits Tuscaloosa As a massive tornado tears throu",1970-01-01 00:00:00.000040661,1,Bangalore,1970-01-01,['shelter'],birmingham alabama tornado warning live video birmingham opens storm shelter as tornado hits tuscaloosa as massive tornado tears throu
2604,"RT @TORNADOHUNT: Tornado heading for Cumberland, KY. Take shelter! If u live in a mobile home go to a safer sh‚Ä¶ (cont) http://deck.ly/~aoouG",1970-01-01 00:00:00.000040661,1,Chennai,1970-01-01,['shelter'],rt tornado heading cumberland ky take shelter if u live mobile home go safer sh cont
2605,"RT @RVAREGal ‚Äú@TORNADOHUNT: Tornado about to pass over I-95 just north of Richmond, VA close to Ashland. Take shelter in Bowling Green, VA!‚Äù",1970-01-01 00:00:00.000040660,1,Delhi,1970-01-01,['shelter'],rt tornado pass i north richmond va close ashland take shelter bowling green va
2606,=@AtSlayernick @bgossett12  hey yall can come to my TORNADO shelter. i have a full armagedon kit plus you can play with the radio.,1970-01-01 00:00:00.000040660,1,Mumbai,1970-01-01,['shelter'],hey yall come my tornado shelter i have full armagedon kit plus you play radio
2608,I'm hanging out at my parent house. They have the ultimate tornado shelter: A cave. Hopefully I'll have a home to return to. Many do not.,1970-01-01 00:00:00.000040660,1,Chennai,1970-01-01,['shelter'],im hanging out my parent house they have ultimate tornado shelter cave hopefully ill have home return many do
2610,"Tornado warning. If you are in Ohatchee or other parts of northwest  Calhoun County, seek shelter NOW. #fb http://bit.ly/klJP99",1970-01-01 00:00:00.000040660,1,Kolkata,1970-01-01,['shelter'],tornado warning if you ohatchee parts northwest calhoun county seek shelter now
2611,"@jennspiller Tornado about to pass over I-95 just north of Richmond, VA close to Ashland. Take shelter in Bowling Green, VA!",1970-01-01 00:00:00.000040660,1,Mumbai,1970-01-01,['shelter'],tornado pass i north richmond va close ashland take shelter bowling green va
2612,"Tornado about to pass over I-95 just N. of #Richmond, #VA. Close to #Ashland. Great, I have friend there. Also Bowling Green. Seek Shelter.",1970-01-01 00:00:00.000040660,1,Chennai,1970-01-01,['shelter'],tornado pass i n close great i have friend also bowling green seek shelter
2615,"Tornado heading for Cumberland, KY. Take shelter! If u live in a mobile home go to a safer shelter now! @inskok",1970-01-01 00:00:00.000040660,1,Chennai,1970-01-01,['shelter'],tornado heading cumberland ky take shelter if u live mobile home go safer shelter now
2616,"Tornado about to pass over I-95 just north of Richmond, VA close to Ashland. Take shelter in Bowling Green, VA!",1970-01-01 00:00:00.000040660,1,Hyderabad,1970-01-01,['shelter'],tornado pass i north richmond va close ashland take shelter bowling green va
2617,Tornado Warning for Northwestern Calhoun County until 745. Very dangerous storm. Take shelter NOW!,1970-01-01 00:00:00.000040660,1,Kolkata,1970-01-01,['shelter'],tornado warning northwestern calhoun county until dangerous storm take shelter now
2618,Waiting in a tornado shelter for a storm that already passed lol,1970-01-01 00:00:00.000040660,0,Delhi,1970-01-01,['shelter'],waiting tornado shelter storm that already passed lol
2619,"RT @TORNADOHUNT: Tornado heading for Cumberland, KY. Take shelter! If u live in a mobile home go to a safer shelter now! #Tornado",1970-01-01 00:00:00.000040660,1,Hyderabad,1970-01-01,['shelter'],rt tornado heading cumberland ky take shelter if u live mobile home go safer shelter now
2620,It would be cool if it was a tornado while were in school and everybody had to go to the bomb shelter lol too live,1970-01-01 00:00:00.000040660,1,Chennai,1970-01-01,['shelter'],it would be cool if it tornado while school everybody had go bomb shelter lol live
2621,"RT @tornadohunt: Strong tornado approaching southside of Birmingham. Take shelter now in West Blocton, Wilton, Montevallo, & Alabaster....",1970-01-01 00:00:00.000040660,0,Kolkata,1970-01-01,['shelter'],rt strong tornado approaching southside birmingham take shelter now west blocton wilton montevallo alabaster
2622,Tornado Warning for Northwestern Calhoun County until 745. Very dangerous storm. Take shelter NOW! #alwx http://nixle.us/7RGLN,1970-01-01 00:00:00.000040660,1,Kolkata,1970-01-01,['shelter'],tornado warning northwestern calhoun county until dangerous storm take shelter now
2623,"Tornado heading for Cumberland, KY. Take shelter! If u live in a mobile home go to a safer shelter now! u have time but not much, hurry!",1970-01-01 00:00:00.000040660,1,Mumbai,1970-01-01,['shelter'],tornado heading cumberland ky take shelter if u live mobile home go safer shelter now u have time but much hurry
2624,=@cali2smoov u & wifey need to take shelter asap...Tornado coming fast @MattJeezy30,1970-01-01 00:00:00.000040660,1,Bangalore,1970-01-01,['shelter'],u wifey need take shelter asaptornado coming fast
2645,"oh God! What a tweet! ‚Äú@TWCBreaking: DESTRUCTIVE TORNADO RIPPING THROUGH TUSCALOOSA, AL NOW!  TAKE SHELTER NOW!!!  #severe‚Äù",1970-01-01 00:00:00.000040660,1,Chennai,1970-01-01,['shelter'],oh god what tweet destructive tornado ripping through tuscaloosa al now take shelter now
2646,"If a tornado is threatening the safest place to be is in an underground shelter, basement or safe room. http://ow.ly/4IwJu",1970-01-01 00:00:00.000040660,1,Bangalore,1970-01-01,['shelter'],if tornado threatening safest place be underground shelter basement safe room
2647,"RT @TORNADOHUNT: Strong tornado approaching southside of Birmingham. Take shelter now in West Blocton, Wilton, (cont) http://tl.gd/a4ceh7",1970-01-01 00:00:00.000040660,1,Mumbai,1970-01-01,['shelter'],rt strong tornado approaching southside birmingham take shelter now west blocton wilton cont
2648,Tired of tornado watches - to king shelter with @SamyBrown for some studying,1970-01-01 00:00:00.000040660,0,Kolkata,1970-01-01,['shelter'],tired tornado watches king shelter studying
2650,"Tornado northside of Hunstville, AL. Take shelter in Moores Mill, Meridianville, and New Market",1970-01-01 00:00:00.000040660,1,Hyderabad,1970-01-01,['shelter'],tornado northside hunstville al take shelter moores mill meridianville new market
2652,@drabtshirt RT @TORNADOHUNT Strong tornado vortex signature Wash DC Metro near Bowie! Take shelter!,1970-01-01 00:00:00.000040660,1,Chennai,1970-01-01,['shelter'],rt strong tornado vortex signature wash dc metro near bowie take shelter
2653,"Strong tornado approaching southside of Birmingham. Take shelter now in West Blocton, Wilton, Montevallo, & Alabaster. Debris ball on radar!",1970-01-01 00:00:00.000040660,1,Mumbai,1970-01-01,['shelter'],strong tornado approaching southside birmingham take shelter now west blocton wilton montevallo alabaster debris ball radar
2654,RT @ersle: RT @TORNADOHUNT: Strong tornado vortex signature Wash DC Metro near Bowie! Take shelter!,1970-01-01 00:00:00.000040660,1,Delhi,1970-01-01,['shelter'],rt rt strong tornado vortex signature wash dc metro near bowie take shelter
2655,"Reports that a possible tornado touched down just east of Fayetteville, TN, folks east of here take shelter now, could still be on ground!",1970-01-01 00:00:00.000040660,1,Bangalore,1970-01-01,['shelter'],reports that possible tornado touched down east fayetteville tn folks east take shelter now could still be ground
2658,":O RT: @TWCBreaking TWC Breaking by @anaclarapicolo DESTRUCTIVE TORNADO RIPPING THROUGH TUSCALOOSA, AL NOW! TAKE SHELTER NOW!!! #severe",1970-01-01 00:00:00.000040660,1,Delhi,1970-01-01,['shelter'],o rt twc breaking destructive tornado ripping through tuscaloosa al now take shelter now
2659,RT @ersle: RT @TORNADOHUNT: Strong tornado vortex signature Wash DC Metro near Bowie! Take shelter! - mwahaha white house?,1970-01-01 00:00:00.000040660,0,Mumbai,1970-01-01,['shelter'],rt rt strong tornado vortex signature wash dc metro near bowie take shelter mwahaha white house
2660,So my brothers just called and they're in some shelter cuz a huge tornado is passing by where they are . WAHHH,1970-01-01 00:00:00.000040660,0,Kolkata,1970-01-01,['shelter'],my brothers called theyre shelter cuz huge tornado passing where they wahhh
2662,The tv just said there was a tornado and to take shelter! O.O,1970-01-01 00:00:00.000040660,0,Chennai,1970-01-01,['shelter'],tv said tornado take shelter oo
2664,"Menacing tornado footage fromTuscaloosa twitvid.com/4W6PU Toad's Wild Ride with FANGS. Listen 4 sirens, seek shelter, be safe as you can.",1970-01-01 00:00:00.000040660,0,Delhi,1970-01-01,['shelter'],menacing tornado footage fromtuscaloosa twitvidcomwpu toads wild ride fangs listen sirens seek shelter be safe as you
2667,RT @TORNADOHUNT: Strong tornado vortex signature Wash DC Metro near Bowie! Take shelter!,1970-01-01 00:00:00.000040660,1,Mumbai,1970-01-01,['shelter'],rt strong tornado vortex signature wash dc metro near bowie take shelter
2669,"RT @TORNADOHUNT 
Strong tornado vortex signature Wash DC Metro near Bowie! Take shelter!",1970-01-01 00:00:00.000040660,1,Hyderabad,1970-01-01,['shelter'],rt strong tornado vortex signature wash dc metro near bowie take shelter
2671,Tornado Watch extended to 3 AM. Conditions are right for a tornado. Remain alert & prepared to take shelter throughout the night.,1970-01-01 00:00:00.000040660,1,Hyderabad,1970-01-01,['shelter'],tornado watch extended am conditions right tornado remain alert prepared take shelter throughout night
2673,tornado warning take shelter shit im going sit on my front porch and relax,1970-01-01 00:00:00.000040660,1,Mumbai,1970-01-01,['shelter'],tornado warning take shelter shit im going sit my front porch relax
2674,Still very strong rotation around Manchester.....seek shelter right now! Tornado Warning still in effect for Grundy & Warren til 6:45,1970-01-01 00:00:00.000040660,1,Mumbai,1970-01-01,['shelter'],still strong rotation around manchesterseek shelter right now tornado warning still effect grundy warren til
2677,Strong tornado vortex signature Wash DC Metro near Bowie! Take shelter!,1970-01-01 00:00:00.000040660,1,Hyderabad,1970-01-01,['shelter'],strong tornado vortex signature wash dc metro near bowie take shelter
2680,Niece is OK!!! she & a room mate took shelter in the closet..could feel the building shaking..tornado hit not far from them.. Thank You God.,1970-01-01 00:00:00.000040660,0,Delhi,1970-01-01,['shelter'],niece ok she room mate took shelter closetcould feel building shakingtornado hit far them thank you god
2683,"12,200 views of the Tuscaloosa tornado in the past hour:  http://www.twitvid.com/4W6PU¬†  Take shelter everyone!",1970-01-01 00:00:00.000040660,1,Kolkata,1970-01-01,['shelter'],views tuscaloosa tornado past hour take shelter everyone
2686,"Tuscaloosa, Alabama hit hard by large tornado... just now a large tornado in Birmingham, Alabama... Now Brent, AL needs to take shelter!",1970-01-01 00:00:00.000040660,1,Delhi,1970-01-01,['shelter'],tuscaloosa alabama hit hard large tornado now large tornado birmingham alabama now brent al needs take shelter
2691,"RT @izzysroses: RT @TORNADOHUNT: Tornado near Fayetteville, TN! Take shelter now! Strong TVS",1970-01-01 00:00:00.000040660,1,Kolkata,1970-01-01,['shelter'],rt rt tornado near fayetteville tn take shelter now strong tvs
2698,stay safe downthere in memphis and knoxville just saw the tornado map...be smart take shelter when you hear about warnings in your area!,1970-01-01 00:00:00.000040660,0,Mumbai,1970-01-01,['shelter'],stay safe downthere memphis knoxville saw tornado mapbe smart take shelter when you hear warnings your area
2699,"RT @TORNADOHUNT: Tornado near Fayetteville, TN! Take shelter now! Strong TVS #tnwx",1970-01-01 00:00:00.000040660,1,Hyderabad,1970-01-01,['shelter'],rt tornado near fayetteville tn take shelter now strong tvs
2700,"Tornado near Fayetteville, TN! Take shelter now! Strong TVS",1970-01-01 00:00:00.000040660,1,Bangalore,1970-01-01,['shelter'],tornado near fayetteville tn take shelter now strong tvs
2701,"RT @BreakingNews: Residents in downtown Birmingham, Alabama asked to take shelter as violent tornado approaches - @AngieHuggins take cover!",1970-01-01 00:00:00.000040660,1,Bangalore,1970-01-01,['shelter'],rt residents downtown birmingham alabama asked take shelter as violent tornado approaches take cover
2702,"/RT TWCBreaking DESTRUCTIVE TORNADO RIPPING THROUGH TUSCALOOSA, AL NOW! TAKE SHELTER NOW!!! #severe",1970-01-01 00:00:00.000040660,1,Delhi,1970-01-01,['shelter'],rt twcbreaking destructive tornado ripping through tuscaloosa al now take shelter now
2706,"Take Nick Saban! RT @BreakingNews: RT @TWCBreaking: DESTRUCTIVE TORNADO RIPPING THROUGH TUSCALOOSA, AL NOW!  TAKE SHELTER NOW!!!  #severe",1970-01-01 00:00:00.000040660,1,Delhi,1970-01-01,['shelter'],take nick saban rt rt destructive tornado ripping through tuscaloosa al now take shelter now
2708,Ready for @PartyAtIndigo. #tornadoshelter,1970-01-01 00:00:00.000040660,1,Hyderabad,1970-01-01,['shelter'],ready
2711,"RT @weatherchannel: Large tornado just southwest of Tuscaloosa, AL. If you live in Tuscaloosa, you already should be in your storm shelter.",1970-01-01 00:00:00.000040660,1,Kolkata,1970-01-01,['shelter'],rt large tornado southwest tuscaloosa al if you live tuscaloosa you already should be your storm shelter
2713,"Ok atlanta... if you don't have a basement, what's your plan b for tornado shelter?? Srsly!",1970-01-01 00:00:00.000040660,1,Chennai,1970-01-01,['shelter'],ok atlanta if you dont have basement whats your plan b tornado shelter srsly
2716,‚Äú@AngieNealTeach: MCHS students are currently in their tornado shelter areas.‚Äù So proud of our kids they were well behaved during this time.,1970-01-01 00:00:00.000040660,0,Bangalore,1970-01-01,['shelter'],mchs students currently their tornado shelter areas proud our kids they well behaved during this time
2719,really touched that coworker Carlee said a tornado was 10 miles away from school to tell me to get to shelter and to say she loves me!!,1970-01-01 00:00:00.000040660,0,Mumbai,1970-01-01,['shelter'],really touched that coworker carlee said tornado miles away school tell me get shelter say she loves me
2727,"RT @TWCBreaking: Large #tornado emergency for Birmingham, #alabama. You should already be in a storm shelter! #severe #weather",1970-01-01 00:00:00.000040660,1,Hyderabad,1970-01-01,['shelter'],rt large emergency birmingham you should already be storm shelter
2734,"Hope everyones ok, capslock made me giggle""@TWCBreaking: DESTRUCTIVE TORNADO RIPPING THROUGH TUSCALOOSA, AL NOW! TAKE SHELTER NOW!""",1970-01-01 00:00:00.000040660,1,Chennai,1970-01-01,['shelter'],hope everyones ok capslock made me giggle destructive tornado ripping through tuscaloosa al now take shelter now
2737,I confirmed tornado has been confirmed n PG county. Please take shelter now!,1970-01-01 00:00:00.000040660,1,Chennai,1970-01-01,['shelter'],i confirmed tornado has been confirmed n pg county please take shelter now
2739,Everyone in the PGC warning area be safe and take shelter where needed..the tornado suppose to be something serious,1970-01-01 00:00:00.000040660,1,Bangalore,1970-01-01,['shelter'],everyone pgc warning area be safe take shelter where neededthe tornado suppose be something serious
2741,"Here is an unbelievable radar image from #Birmingham #Alabama, #TORNADO ON THE GROUND. SEEK SHELTER NOW! http://twitpic.com/4qancf",1970-01-01 00:00:00.000040660,1,Mumbai,1970-01-01,['shelter'],unbelievable radar image ground seek shelter now
2742,EVERYONE IN BIRMINGHAM TAKE SHELTER NOW!!! We're watching a city-wide tornado on the new now. WOW!!,1970-01-01 00:00:00.000040660,0,Bangalore,1970-01-01,['shelter'],everyone birmingham take shelter now watching citywide tornado new now wow
2743,LARGE WEDGE TORNAO IN BIRMINGHAM!  THIS IS A TORNADO EMERGENCY !  TAKE SHELTER!  #ALWX,1970-01-01 00:00:00.000040660,1,Kolkata,1970-01-01,['shelter'],large wedge tornao birmingham this tornado emergency take shelter
2744,"RT @TWCBreaking: Large tornado live on The Weather Channel. Tornado emergency for Birmingham, AL. You should already be in a storm shelter!",1970-01-01 00:00:00.000040660,0,Chennai,1970-01-01,['shelter'],rt large tornado live weather channel tornado emergency birmingham al you should already be storm shelter
2745,This storm is heading straight for Pineville in Bell County. Please seek safe shelter now as a tornado is likely!,1970-01-01 00:00:00.000040660,1,Delhi,1970-01-01,['shelter'],this storm heading straight pineville bell county please seek safe shelter now as tornado likely
2746,"@JonathonWW Large tornado live on The Weather Channel right now.Tornado emergency for Birmingham,AL. U should already b in a storm shelter!",1970-01-01 00:00:00.000040660,1,Bangalore,1970-01-01,['shelter'],large tornado live weather channel right nowtornado emergency birminghamal u should already b storm shelter
2748,Chick-fil-A is giving away snacks to tornado shelter occupants. Gestures like that are a major win for businesses.,1970-01-01 00:00:00.000040660,0,Mumbai,1970-01-01,['shelter'],chickfila giving away snacks tornado shelter occupants gestures like that major win businesses
2751,Live tornado near Birmingham AL on The Weather Channel. Shelter immediately in all western suburbs and downtown.,1970-01-01 00:00:00.000040660,0,Hyderabad,1970-01-01,['shelter'],live tornado near birmingham al weather channel shelter immediately western suburbs downtown
2752,"Huge tornado heading directly toward downtown and northern metro Birmingham, AL - seek shelter immediately
#severeweather #tornado",1970-01-01 00:00:00.000040660,1,Kolkata,1970-01-01,['shelter'],huge tornado heading directly toward downtown northern metro birmingham al seek shelter immediately
2754,I bet I'm the only person playing drums in a bomb shelter in a tornado right now,1970-01-01 00:00:00.000040660,1,Chennai,1970-01-01,['shelter'],i bet im person playing drums bomb shelter tornado right now
2756,"Large tornado live on The Weather Channel right now. Tornado emergency for Birmingham, AL. You should already be in a storm shelter! #severe",1970-01-01 00:00:00.000040660,1,Chennai,1970-01-01,['shelter'],large tornado live weather channel right now tornado emergency birmingham al you should already be storm shelter
2757,be safe! RT @KannnD: Neighbors saw rotation go over my house. I lost power and cell reception is non existent in my tornado shelter,1970-01-01 00:00:00.000040660,1,Chennai,1970-01-01,['shelter'],be safe rt neighbors saw rotation go my house i lost power cell reception non existent my tornado shelter
2759,"RT @MrJohnD ‚Äú@BreakingNews: Residents in downtown Birmingham, Alabama asked to take shelter as violent tornado approaches - ABC 33/40",1970-01-01 00:00:00.000040660,1,Delhi,1970-01-01,['shelter'],rt residents downtown birmingham alabama asked take shelter as violent tornado approaches abc
2760,"@graceoc pls pray for AL fam/friends//RT @BreakingNews Residents dwntwn Bham,AL asked take shelter as violent tornado approaches -ABC 33/40",1970-01-01 00:00:00.000040660,1,Bangalore,1970-01-01,['shelter'],pls pray al famfriendsrt residents dwntwn bhamal asked take shelter as violent tornado approaches abc
2762,takin shelter from the tornado! #winning,1970-01-01 00:00:00.000040660,1,Delhi,1970-01-01,['shelter'],takin shelter tornado
2764,Its bad when you have to clean in case your neighbors take shelter with you from the tornado.,1970-01-01 00:00:00.000040660,1,Chennai,1970-01-01,['shelter'],its bad when you have clean case your neighbors take shelter you tornado
2765,If you are in or near downtown Birmingham TAKE SHELTER. Large wedge Tornado coming your way. #alwx,1970-01-01 00:00:00.000040660,1,Kolkata,1970-01-01,['shelter'],if you near downtown birmingham take shelter large wedge tornado coming your way
2766,@Marlee_Kattler @kksanderson you know where there's a good tornado shelter? .....Indigo!,1970-01-01 00:00:00.000040660,1,Chennai,1970-01-01,['shelter'],you know where theres good tornado shelter indigo
2767,Tornado visible on I-20 and I-59.  Large (possibly 1 mile wide) tornado.  Take shelter immediately.,1970-01-01 00:00:00.000040660,1,Mumbai,1970-01-01,['shelter'],tornado visible i i large possibly mile wide tornado take shelter immediately
2768,RT @milbclubbie: I am now managing a tornado shelter of a dozen or more people and 2 dogs. --Be safe pal! Hope everything turns out to be ok,1970-01-01 00:00:00.000040660,1,Hyderabad,1970-01-01,['shelter'],rt i am now managing tornado shelter dozen people dogs be safe pal hope everything turns out be ok
2769,"RT @BreakingNews: RT @TWCBreaking: DESTRUCTIVE TORNADO RIPPING THROUGH TUSCALOOSA, AL NOW!  TAKE SHELTER NOW!!!  #severe",1970-01-01 00:00:00.000040660,1,Kolkata,1970-01-01,['shelter'],rt rt destructive tornado ripping through tuscaloosa al now take shelter now
2770,Love there's 4 ppl RT @thinkgeek: YOU GUYS. Promise us if you're ever this close to a tornado you'll seek shelter: http://twitpic.com/4q93rs,1970-01-01 00:00:00.000040660,1,Mumbai,1970-01-01,['shelter'],love theres ppl rt you guys promise us if youre ever this close tornado youll seek shelter
2772,"RT @BreakingNews: Residents in downtown Birmingham, Alabama asked to take shelter as violent tornado approaches - ... http://tmi.me/9rzau",1970-01-01 00:00:00.000040660,1,Hyderabad,1970-01-01,['shelter'],rt residents downtown birmingham alabama asked take shelter as violent tornado approaches
2773,"FWD: TORNADOHUNT: Hueytown, Concord & Pleasant Grove AL & all of West Birmingham AL take shelter! Immediate tornado danger! DO NOT shelt ...",1970-01-01 00:00:00.000040660,1,Delhi,1970-01-01,['shelter'],fwd tornadohunt hueytown concord pleasant grove al west birmingham al take shelter immediate tornado danger do shelt
2774,"‚Äú@BreakingNews: Residents in downtown Birmingham, Alabama asked to take shelter as violent tornado approaches - ABC  http://bit.ly/kZjqXE¬†‚Äù",1970-01-01 00:00:00.000040660,0,Hyderabad,1970-01-01,['shelter'],residents downtown birmingham alabama asked take shelter as violent tornado approaches abc
2776,Downtown Birmingham has a Tornado on the ground!! Live on ABC 33/40 Take shelter folks!! Praying!!,1970-01-01 00:00:00.000040660,0,Hyderabad,1970-01-01,['shelter'],downtown birmingham has tornado ground live abc take shelter folks praying
2778,Watching 'Inception' with @Jas_Zee in the CC2 tornado shelter. Lol.,1970-01-01 00:00:00.000040660,0,Chennai,1970-01-01,['shelter'],watching inception cc tornado shelter lol
2779,Oh hey there Tornado warning. Hope everyone gets some shelter and is safe.,1970-01-01 00:00:00.000040660,0,Kolkata,1970-01-01,['shelter'],oh hey tornado warning hope everyone gets shelter safe
2780,"‚Äú@TORNADOHUNT: Etowah, TN you are in imminent tornado danger! Take shelter now!‚Äù Thinking of my friends there! Stay safe!",1970-01-01 00:00:00.000040660,0,Hyderabad,1970-01-01,['shelter'],etowah tn you imminent tornado danger take shelter now thinking my friends stay safe
2781,"Wow, watching the weather channel, #Birmingham is about to get slammed with severe weather.  Take shelter! #tornado",1970-01-01 00:00:00.000040660,0,Hyderabad,1970-01-01,['shelter'],wow watching weather channel get slammed severe weather take shelter
2783,"First the weather forces me to get in a storm shelter at 3 in the morning, then we jaw two tornado periods during school, then ...",1970-01-01 00:00:00.000040660,0,Hyderabad,1970-01-01,['shelter'],first weather forces me get storm shelter morning we jaw two tornado periods during school
2784,"Great, the cat just farted in our tornado shelter. #ireallyhatetornadoes",1970-01-01 00:00:00.000040660,0,Delhi,1970-01-01,['shelter'],great cat farted our tornado shelter
2785,"RT @WHMABIG95: #TORNADO EMERGENCY!!! Hueytown, Pleasant Grove, Fairfield, Sylvan Springs in Birmingham metro. SEEK SHELTER NOW! #alwx",1970-01-01 00:00:00.000040660,1,Chennai,1970-01-01,['shelter'],rt emergency hueytown pleasant grove fairfield sylvan springs birmingham metro seek shelter now
2787,"RT @PaulaTrump: Residents in downtown Birmingham, Alabama asked to take shelter as violent tornado approaches! <~dayum",1970-01-01 00:00:00.000040660,0,Delhi,1970-01-01,['shelter'],rt residents downtown birmingham alabama asked take shelter as violent tornado approaches dayum
2789,"TORNADO EMERGENCY!!! Hueytown, Pleasant Grove, Fairfield, Sylvan Springs in Birmingham metro. SEEK SHELTER NOW! #alwx",1970-01-01 00:00:00.000040660,1,Kolkata,1970-01-01,['shelter'],tornado emergency hueytown pleasant grove fairfield sylvan springs birmingham metro seek shelter now
2790,"BreakingNews: Residents in downtown Birmingham, Alabama asked to take shelter as violent tornado approaches - ABC 33/40... #fb",1970-01-01 00:00:00.000040660,1,Mumbai,1970-01-01,['shelter'],breakingnews residents downtown birmingham alabama asked take shelter as violent tornado approaches abc
2793,I am now managing a tornado shelter of a dozen or more people and 2 dogs.,1970-01-01 00:00:00.000040660,0,Hyderabad,1970-01-01,['shelter'],i am now managing tornado shelter dozen people dogs
2799,"‚Äú@TWCBreaking: DESTRUCTIVE TORNADO RIPPING THROUGH TUSCALOOSA, AL NOW!  TAKE SHELTER NOW!!!  #severe‚Äù",1970-01-01 00:00:00.000040660,1,Bangalore,1970-01-01,['shelter'],destructive tornado ripping through tuscaloosa al now take shelter now
2802,"Large, violent tornado now only 15-20 min from Birmingham...praying people take shelter or get out of the way!!!",1970-01-01 00:00:00.000040660,0,Mumbai,1970-01-01,['shelter'],large violent tornado now min birminghampraying people take shelter get out way
2803,Residents in downtown Birmingham asked to take shelter as violent tornado approaches - ABC 33/40 http://bit.ly/lb4OR6,1970-01-01 00:00:00.000040660,0,Bangalore,1970-01-01,['shelter'],residents downtown birmingham asked take shelter as violent tornado approaches abc
2804,This just in... Residents in downtown Birmingham asked to take shelter as violent tornado approaches - ABC 33/40  . Updates to follow.,1970-01-01 00:00:00.000040660,0,Kolkata,1970-01-01,['shelter'],this residents downtown birmingham asked take shelter as violent tornado approaches abc updates follow
2805,Residents in downtown Birmingham asked to take shelter as violent tornado approaches - ABC 33/40 http://bit.ly/5Upfxk,1970-01-01 00:00:00.000040660,0,Mumbai,1970-01-01,['shelter'],residents downtown birmingham asked take shelter as violent tornado approaches abc
2807,"Hueytown, Concord & Pleasant Grove AL & all of West Birmingham AL take shelter! Immediate tornado danger! DO NOT shelter in a mobile home.",1970-01-01 00:00:00.000040660,1,Mumbai,1970-01-01,['shelter'],hueytown concord pleasant grove al west birmingham al take shelter immediate tornado danger do shelter mobile home
2808,"RT @BreakingNews: Residents in downtown Birmingham, Alabama asked to take shelter as violent tornado approaches http://bit.ly/kZjqXE",1970-01-01 00:00:00.000040660,1,Bangalore,1970-01-01,['shelter'],rt residents downtown birmingham alabama asked take shelter as violent tornado approaches
2809,THR: Residents in downtown Birmingham asked to take shelter as violent tornado approaches - ABC 33/40 http://dlvr.it/PwYJp (BN) #tcot,1970-01-01 00:00:00.000040660,1,Mumbai,1970-01-01,['shelter'],thr residents downtown birmingham asked take shelter as violent tornado approaches abc bn
2812,=@MartieLynn bad like some people say more TORNADO please take shelter,1970-01-01 00:00:00.000040660,1,Delhi,1970-01-01,['shelter'],bad like people say tornado please take shelter
2813,"RT @BreakingNews:Residents in downtown Birmingham,Alabama asked to take shelter as violent tornado approaches ABC 33/40 http://bit.ly/kZjqXE",1970-01-01 00:00:00.000040660,1,Kolkata,1970-01-01,['shelter'],rt residents downtown birminghamalabama asked take shelter as violent tornado approaches abc
2816,"BreakingNews: Residents in downtown Birmingham, Alabama asked to take shelter as violent tornado approaches - ABC... http://dlvr.it/PwXhx",1970-01-01 00:00:00.000040660,1,Kolkata,1970-01-01,['shelter'],breakingnews residents downtown birmingham alabama asked take shelter as violent tornado approaches abc
2817,"@lvahdani RT @BreakingNews: Residents in downtown Birmingham, AL asked to take shelter as violent tornado approaches http://bit.ly/kZjqXE",1970-01-01 00:00:00.000040660,1,Mumbai,1970-01-01,['shelter'],rt residents downtown birmingham al asked take shelter as violent tornado approaches
2818,"Oh noes! RT @BreakingNews: Residents in downtown Birmingham, Alabama asked to take shelter as violent tornado (cont) http://tl.gd/a4bqlb",1970-01-01 00:00:00.000040660,1,Delhi,1970-01-01,['shelter'],oh noes rt residents downtown birmingham alabama asked take shelter as violent tornado cont
2821,"‚Äú@BreakingNews: Residents in downtown Birmingham, Alabama asked to take shelter as violent tornado approaches"" Stay safe, will be praying!",1970-01-01 00:00:00.000040660,1,Hyderabad,1970-01-01,['shelter'],residents downtown birmingham alabama asked take shelter as violent tornado approaches stay safe be praying
2822,Having to go into shelter at the library for a tornado...I wanna be able to live so I can still see @justinbieber<3 iloveyouu,1970-01-01 00:00:00.000040660,0,Mumbai,1970-01-01,['shelter'],having go shelter library tornadoi wanna be able live i still see iloveyouu
2823,"Prayers RT@BreakingNews: Residents in downtown Birmingham, Alabama asked to take shelter as violent tornado approaches - ABC 33/40 http: ...",1970-01-01 00:00:00.000040660,1,Chennai,1970-01-01,['shelter'],prayers rt residents downtown birmingham alabama asked take shelter as violent tornado approaches abc
2824,Serious Question does the City of Tuskegee even have a Tornado Shelter #RealTalk ?,1970-01-01 00:00:00.000040660,1,Hyderabad,1970-01-01,['shelter'],serious question does city tuskegee even have tornado shelter
2825,"Wake Forest University air raid siren just went off with this msg ""Tornado Warning. Seek Shelter Immediately!"" Creepy 2 hear that n the hood",1970-01-01 00:00:00.000040660,1,Hyderabad,1970-01-01,['shelter'],wake forest university air raid siren went off this msg tornado warning seek shelter immediately creepy hear that n hood
2826,Anyone in Birmingham? Take shelter NOW - huge tornado almost on you.,1970-01-01 00:00:00.000040660,0,Bangalore,1970-01-01,['shelter'],anyone birmingham take shelter now huge tornado almost you
2827,Major Tornado headed to Birmingham AL. If you are in area seek shelter.,1970-01-01 00:00:00.000040660,0,Chennai,1970-01-01,['shelter'],major tornado headed birmingham al if you area seek shelter
2828,"Residents in downtown Birmingham, #Alabama asked to take shelter as violent #tornado approaches - ABC 33/40 http://bit.ly/kZjqXE",1970-01-01 00:00:00.000040660,1,Mumbai,1970-01-01,['shelter'],residents downtown birmingham asked take shelter as violent approaches abc
2829,"RT @HiddenGem: RT @BreakingNews: RT @TWCBreaking: DESTRUCTIVE TORNADO RIPPING THROUGH TUSCALOOSA, AL NOW!  TAKE SHELTER NOW!!!  #severe",1970-01-01 00:00:00.000040660,1,Bangalore,1970-01-01,['shelter'],rt rt rt destructive tornado ripping through tuscaloosa al now take shelter now
2830,"‚Äú@BreakingNews: Residents in downtown Birmingham, Alabama asked to take shelter as violent tornado approaches - ABC 33/40",1970-01-01 00:00:00.000040660,1,Hyderabad,1970-01-01,['shelter'],residents downtown birmingham alabama asked take shelter as violent tornado approaches abc
2831,@brookebarber This is why I'm glad my room is the perfect tornado shelter,1970-01-01 00:00:00.000040660,0,Mumbai,1970-01-01,['shelter'],this why im glad my room perfect tornado shelter
2832,"Holy bleep! RT @BreakingNews: Birmingham, Alabama asked to take shelter as violent tornado approaches - ABC 33/40 http://bit.ly/kZjqXE",1970-01-01 00:00:00.000040660,1,Chennai,1970-01-01,['shelter'],holy bleep rt birmingham alabama asked take shelter as violent tornado approaches abc
2833,Be safe Q!!!! RT @qcarter1914: The tornado is headed to my area. About to take shelter ASAP.,1970-01-01 00:00:00.000040660,0,Chennai,1970-01-01,['shelter'],be safe q rt tornado headed my area take shelter asap
2834,"RT @TWCBreaking: DESTRUCTIVE TORNADO RIPPING THROUGH TUSCALOOSA, AL NOW! TAKE SHELTER NOW!!! #severe",1970-01-01 00:00:00.000040660,1,Chennai,1970-01-01,['shelter'],rt destructive tornado ripping through tuscaloosa al now take shelter now
2836,"Imm scaredd as shit , the lil thingy saidd we got tornado Watch , stay away frm windows , go to lower floor for shelter ' tf",1970-01-01 00:00:00.000040660,1,Hyderabad,1970-01-01,['shelter'],imm scaredd as shit lil thingy saidd we got tornado watch stay away frm windows go lower floor shelter tf
2837,"RT @BreakingNews: Residents in downtown Birmingham, AL asked to take shelter as violent tornado approaches - ABC 33/40 http://bit.ly/kZjqXE",1970-01-01 00:00:00.000040660,1,Delhi,1970-01-01,['shelter'],rt residents downtown birmingham al asked take shelter as violent tornado approaches abc
2839,"Residents in downtown Birmingham, Alabama asked to take shelter as violent tornado approaches.
http://bit.ly/kZjqXE¬†",1970-01-01 00:00:00.000040660,1,Mumbai,1970-01-01,['shelter'],residents downtown birmingham alabama asked take shelter as violent tornado approaches
2842,"Oh wow! Scary RT @BreakingNews: RT @TWCBreaking: DESTRUCTIVE TORNADO RIPPING THROUGH TUSCALOOSA, AL NOW!  TAKE SHELTER NOW!!!  #severe",1970-01-01 00:00:00.000040660,1,Hyderabad,1970-01-01,['shelter'],oh wow scary rt rt destructive tornado ripping through tuscaloosa al now take shelter now
2843,"RT @romancemama: RT @TORNADOHUNT: Moored Mill, Huntland, New Market, Hytop, AL seek shelter now! Immediate tornado danger!",1970-01-01 00:00:00.000040660,1,Hyderabad,1970-01-01,['shelter'],rt rt moored mill huntland new market hytop al seek shelter now immediate tornado danger
2844,Residents in downtown Birmingham asked to take shelter as violent tornado approaches - ABC 33/40: Residents... http://j.mp/iZLXwf #NaijaMobs,1970-01-01 00:00:00.000040660,1,Mumbai,1970-01-01,['shelter'],residents downtown birmingham asked take shelter as violent tornado approaches abc residents
2847,"Oh God. RT @TWCBreaking: DESTRUCTIVE TORNADO RIPPING THROUGH TUSCALOOSA, AL NOW!  TAKE SHELTER NOW!!!  #severe",1970-01-01 00:00:00.000040660,1,Mumbai,1970-01-01,['shelter'],oh god rt destructive tornado ripping through tuscaloosa al now take shelter now
2848,"RT @breakingnews: Residents in downtown Birmingham, Alabama asked to take shelter, violent tornado approaches ABC33/40 http://bit.ly/kZjqXE",1970-01-01 00:00:00.000040660,1,Bangalore,1970-01-01,['shelter'],rt residents downtown birmingham alabama asked take shelter violent tornado approaches abc
2850,"Praying r/t @BreakingNews Residents in downtown Birmingham, Alabama asked to take shelter as violent tornado approaches http://bit.ly/kZjqXE",1970-01-01 00:00:00.000040660,1,Mumbai,1970-01-01,['shelter'],praying rt residents downtown birmingham alabama asked take shelter as violent tornado approaches
2851,"Live streaming of the tornado outbreak http://doug.vg/V0U Residents of Birmingham, Alabama asked to seek shelter immediately.",1970-01-01 00:00:00.000040660,1,Delhi,1970-01-01,['shelter'],live streaming tornado outbreak residents birmingham alabama asked seek shelter immediately
2852,"LMAOL RT @BreakingNews: Residents in downtown Birmingham, Alabama asked to take shelter as violent tornado ... http://tmi.me/9ryae",1970-01-01 00:00:00.000040660,1,Mumbai,1970-01-01,['shelter'],lmaol rt residents downtown birmingham alabama asked take shelter as violent tornado
2855,"RT @BreakingNews Residents in downtown Birmingham, Alabama asked to take shelter as violent tornado approaches - ABC http://bit.ly/kZjqXE",1970-01-01 00:00:00.000040660,1,Chennai,1970-01-01,['shelter'],rt residents downtown birmingham alabama asked take shelter as violent tornado approaches abc
2860,"BreakingNews: Residents in downtown Birmingham, Alabama asked to take shelter as violent tornado approaches - ABC 33/40 http://bit.ly/kZjqXE",1970-01-01 00:00:00.000040660,1,Mumbai,1970-01-01,['shelter'],breakingnews residents downtown birmingham alabama asked take shelter as violent tornado approaches abc
2863,"All residents of Birmingham, Al take shelter immediately, a large and dangerous tornado is moving towards downtown!! #tornado #Warning #fb",1970-01-01 00:00:00.000040660,1,Delhi,1970-01-01,['shelter'],residents birmingham al take shelter immediately large dangerous tornado moving towards downtown
2864,"Residents in downtown Birmingham, Alabama asked to take shelter as violent tornado approaches - ABC 33/40 http://bit.ly/kZjqXE",1970-01-01 00:00:00.000040660,1,Kolkata,1970-01-01,['shelter'],residents downtown birmingham alabama asked take shelter as violent tornado approaches abc
2867,"Please be careful out there. There are TONS of Tornado warnings all over. If you're in a tornado area, please take shelter!",1970-01-01 00:00:00.000040660,0,Chennai,1970-01-01,['shelter'],please be careful out tons tornado warnings if youre tornado area please take shelter
2868,"""@TWCBreaking: DESTRUCTIVE TORNADO RIPPING THROUGH TUSCALOOSA, AL NOW! TAKE SHELTER NOW!!!  #severe"" sucks to be an alabama fan right now!",1970-01-01 00:00:00.000040660,1,Chennai,1970-01-01,['shelter'],destructive tornado ripping through tuscaloosa al now take shelter now sucks be alabama fan right now
2869,"Bessemer, Hueytown, McCalla. Hide! Dangerous tornado heading your way. Everyone take shelter!",1970-01-01 00:00:00.000040660,0,Kolkata,1970-01-01,['shelter'],bessemer hueytown mccalla hide dangerous tornado heading your way everyone take shelter
2870,"Radar indicated tornado near Colfax, 6 miles north of High Point, NC #ncwx - take shelter Summerfield and Lake Townsend",1970-01-01 00:00:00.000040660,0,Kolkata,1970-01-01,['shelter'],radar indicated tornado near colfax miles north high point nc take shelter summerfield lake townsend
2871,Tornado has been confirmed by NWS n Quantico VA. Please take shelter if ur n this area!!!!!,1970-01-01 00:00:00.000040660,0,Hyderabad,1970-01-01,['shelter'],tornado has been confirmed nws n quantico va please take shelter if ur n this area
2872,i repeat a tornado has been confirmed around indian head..bryans road and accokeek. seek shelter immediately,1970-01-01 00:00:00.000040660,1,Chennai,1970-01-01,['shelter'],i repeat tornado has been confirmed around indian headbryans road accokeek seek shelter immediately
2873,"Yikes. RT @TORNADOHUNT: Moored Mill, Huntland, New Market, Hytop, AL seek shelter now! Immediate tornado danger!",1970-01-01 00:00:00.000040660,1,Chennai,1970-01-01,['shelter'],yikes rt moored mill huntland new market hytop al seek shelter now immediate tornado danger
2875,We're w/u Johnny. 2nd circulation headed our way RT @johnnygrimes2 Tornado shelter ready! Prayin 4 protection‚Ä¶ (cont) http://deck.ly/~khWKn,1970-01-01 00:00:00.000040660,1,Chennai,1970-01-01,['shelter'],wu johnny nd circulation headed our way rt tornado shelter ready prayin protection cont
2877,"Moored Mill, Huntland, New Market, Hytop, AL seek shelter now! Immediate tornado danger!",1970-01-01 00:00:00.000040660,1,Kolkata,1970-01-01,['shelter'],moored mill huntland new market hytop al seek shelter now immediate tornado danger
2880,RT @tornadohunt: Haleyville AL run to safe shelter now! Immediate tornado danger!,1970-01-01 00:00:00.000040660,1,Mumbai,1970-01-01,['shelter'],rt haleyville al run safe shelter now immediate tornado danger
2881,"RT @EliteSB: RT @TWCBreaking: DESTRUCTIVE TORNADO RIPPING THROUGH TUSCALOOSA, AL NOW!  TAKE SHELTER NOW!!!  #severe",1970-01-01 00:00:00.000040660,1,Kolkata,1970-01-01,['shelter'],rt rt destructive tornado ripping through tuscaloosa al now take shelter now
2883,"BreakingNews: RT @TWCBreaking: DESTRUCTIVE TORNADO RIPPING THROUGH TUSCALOOSA, AL NOW! TAKE SHELTER NOW!!! #severe http://dlvr.it/PwThJ",1970-01-01 00:00:00.000040660,1,Bangalore,1970-01-01,['shelter'],breakingnews rt destructive tornado ripping through tuscaloosa al now take shelter now
2884,RT @js_hicks: @D_Lovehall Emergency means that there is a tornado in your area and get to shelter ASAFP << LMAO at ASAFP,1970-01-01 00:00:00.000040660,1,Bangalore,1970-01-01,['shelter'],rt emergency means that tornado your area get shelter asafp lmao asafp
2886,"RT @weatherchannel Large tornado just southwest of Tuscaloosa, AL. If you live in Tuscaloosa, you already should be in your storm shelter.",1970-01-01 00:00:00.000040660,0,Hyderabad,1970-01-01,['shelter'],rt large tornado southwest tuscaloosa al if you live tuscaloosa you already should be your storm shelter
2887,"DESTRUCTIVE TORNADO RIPPING THROUGH TUSCALOOSA, AL NOW! TAKE SHELTER NOW!!! #severe http://goo.gl/fb/PWq9v",1970-01-01 00:00:00.000040660,1,Mumbai,1970-01-01,['shelter'],destructive tornado ripping through tuscaloosa al now take shelter now
2889,"RT @JessicaRHarmon RT @TWCBreaking: DESTRUCTIVE TORNADO RIPPING THROUGH TUSCALOOSA, AL NOW! TAKE SHELTER NOW!!! #severe",1970-01-01 00:00:00.000040660,1,Chennai,1970-01-01,['shelter'],rt rt destructive tornado ripping through tuscaloosa al now take shelter now
2890,RT @TORNADOHUNT: Lake View and North Johns AL seek shelter now! Large tornado heading toward Birmingham! All southwest suburbs in danger.,1970-01-01 00:00:00.000040660,1,Mumbai,1970-01-01,['shelter'],rt lake view north johns al seek shelter now large tornado heading toward birmingham southwest suburbs danger
2891,"@BobHernandez: RT @TWCBreaking: DESTRUCTIVE TORNADO RIPPING THROUGH TUSCALOOSA, AL NOW!  TAKE SHELTER NOW!!!  #severe",1970-01-01 00:00:00.000040660,1,Chennai,1970-01-01,['shelter'],rt destructive tornado ripping through tuscaloosa al now take shelter now
2893,‚Äú@CristiAlyse: At work in the tornado shelter...‚Äù Be safe Ms. Alyse in this weather!!!,1970-01-01 00:00:00.000040660,1,Bangalore,1970-01-01,['shelter'],work tornado shelter be safe ms alyse this weather
2894,Haleyville AL run to safe shelter now! Immediate tornado danger!,1970-01-01 00:00:00.000040660,1,Bangalore,1970-01-01,['shelter'],haleyville al run safe shelter now immediate tornado danger
2895,Getting ready to have to go in the tornado shelter with James,1970-01-01 00:00:00.000040660,0,Hyderabad,1970-01-01,['shelter'],getting ready have go tornado shelter james
2896,You are hardcore bro RT @mattcharney: Roll tide. Too soon?  RT : Huge Huge Huge tornado in Tuscaloosa!!! Get shelter now! Hitting town now,1970-01-01 00:00:00.000040660,1,Chennai,1970-01-01,['shelter'],you hardcore bro rt roll tide soon rt huge huge huge tornado tuscaloosa get shelter now hitting town now
2898,"RT @PurePainRecords: RT @TWCBreaking: DESTRUCTIVE TORNADO RIPPING THROUGH TUSCALOOSA, AL NOW!  TAKE SHELTER NOW!!!  #severe (Prayers 2 fam!)",1970-01-01 00:00:00.000040660,1,Delhi,1970-01-01,['shelter'],rt rt destructive tornado ripping through tuscaloosa al now take shelter now prayers fam
2900,RT @barrymoltz: Do you know what most People do in the tornado shelter...they text! / When I was young they gossiped. Same thing?,1970-01-01 00:00:00.000040660,0,Chennai,1970-01-01,['shelter'],rt do you know what people do tornado shelterthey text when i young they gossiped thing
2901,But seriously though I hope that everyone takes shelter and be safe.. Remember that a tornado is very serious and is nothing to play with..,1970-01-01 00:00:00.000040660,0,Kolkata,1970-01-01,['shelter'],but seriously though i hope that everyone takes shelter be safe remember that tornado serious nothing play
2904,"@gafroofing hope the plant is ok RT @TWCBreaking: DESTRUCTIVE TORNADO RIPPING THROUGH TUSCALOOSA, AL NOW!  TAKE SHELTER NOW!!!  #severe",1970-01-01 00:00:00.000040660,1,Delhi,1970-01-01,['shelter'],hope plant ok rt destructive tornado ripping through tuscaloosa al now take shelter now
2906,Roll tide.  Too soon?  RT : Huge Huge Huge tornado in Tuscaloosa!!! Get to shelter now! Hitting town now!,1970-01-01 00:00:00.000040660,1,Delhi,1970-01-01,['shelter'],roll tide soon rt huge huge huge tornado tuscaloosa get shelter now hitting town now
2907,"‚Äú@TWCBreaking: DESTRUCTIVE TORNADO RIPPING THROUGH TUSCALOOSA, AL NOW!  TAKE SHELTER NOW!!!  #severe‚Äù Kinda late if you're reading this.",1970-01-01 00:00:00.000040660,1,Kolkata,1970-01-01,['shelter'],destructive tornado ripping through tuscaloosa al now take shelter now kinda late if youre reading this
2910,"@annabhenderson  ‚Äú@TWCBreaking: DESTRUCTIVE TORNADO RIPPING THROUGH TUSCALOOSA, AL NOW!  TAKE SHELTER NOW!!!  #severe‚Äù",1970-01-01 00:00:00.000040660,1,Hyderabad,1970-01-01,['shelter'],destructive tornado ripping through tuscaloosa al now take shelter now
2911,A NEW TORNADO COMING INTO THE CITY OF TUSCALOOSA.  PLEASE STAY IN YOUR TORNADO SAFETY  SHELTER.,1970-01-01 00:00:00.000040660,0,Hyderabad,1970-01-01,['shelter'],new tornado coming city tuscaloosa please stay your tornado safety shelter
2912,Do you know what most People do in the tornado shelter...they text!,1970-01-01 00:00:00.000040660,0,Hyderabad,1970-01-01,['shelter'],do you know what people do tornado shelterthey text
2913,Lake View and North Johns AL seek shelter now! Large tornado heading toward Birmingham! All southwest suburbs in danger.,1970-01-01 00:00:00.000040660,1,Mumbai,1970-01-01,['shelter'],lake view north johns al seek shelter now large tornado heading toward birmingham southwest suburbs danger
2914,"BreakingNews: RT @TWCBreaking: DESTRUCTIVE TORNADO RIPPING THROUGH TUSCALOOSA, AL NOW!  TAKE SHELTER NOW!!!  #severe",1970-01-01 00:00:00.000040660,1,Hyderabad,1970-01-01,['shelter'],breakingnews rt destructive tornado ripping through tuscaloosa al now take shelter now
2916,Another tornado headed to Northport and Tuscaloosa. This is another serious potential tornado.  Take shelter.  A new tornado.,1970-01-01 00:00:00.000040660,0,Bangalore,1970-01-01,['shelter'],another tornado headed northport tuscaloosa this another serious potential tornado take shelter new tornado
2918,"Holy cow! The power of social media! RT @TWCBreaking: DESTRUCTIVE TORNADO RIPPING THROUGH TUSCALOOSA, AL NOW! TAKE SHELTER NOW!!!  #severe",1970-01-01 00:00:00.000040660,1,Mumbai,1970-01-01,['shelter'],holy cow power social media rt destructive tornado ripping through tuscaloosa al now take shelter now
2919,"DESTRUCTIVE TORNADO RIPPING THROUGH TUSCALOOSA, AL NOW! TAKE SHELTER NOW!!! #severe: DESTRUCTIVE TORNADO... http://j.mp/iUgiFd #NaijaMobs",1970-01-01 00:00:00.000040660,1,Delhi,1970-01-01,['shelter'],destructive tornado ripping through tuscaloosa al now take shelter now destructive tornado
2920,"Oh no. RT @BreakingNews: RT @TWCBreaking: DESTRUCTIVE TORNADO RIPPING THROUGH TUSCALOOSA, AL NOW!  TAKE SHELTER NOW!!!  #severe",1970-01-01 00:00:00.000040660,1,Mumbai,1970-01-01,['shelter'],oh rt rt destructive tornado ripping through tuscaloosa al now take shelter now
2921,"Scariest Tweet Ever!! @BreakingNews DESTRUCTIVE TORNADO RIPPING THROUGH TUSCALOOSA, AL NOW! TAKE SHELTER NOW!!! #severe",1970-01-01 00:00:00.000040660,1,Mumbai,1970-01-01,['shelter'],scariest tweet ever destructive tornado ripping through tuscaloosa al now take shelter now
2922,"RT @DWsLaLa: RT @BreakingNews: RT @TWCBreaking: DESTRUCTIVE TORNADO RIPPING THROUGH TUSCALOOSA, AL NOW!  TAKE SHELTER NOW!!!  #severe",1970-01-01 00:00:00.000040660,1,Delhi,1970-01-01,['shelter'],rt rt rt destructive tornado ripping through tuscaloosa al now take shelter now
2926,Really appreciates that I can get a internet signal in my Tornado Shelter,1970-01-01 00:00:00.000040660,0,Mumbai,1970-01-01,['shelter'],really appreciates that i get internet signal my tornado shelter
2927,"Now that's bad storms! RT @TWCBreaking National Weather Service office in Huntsville, AL taking shelter due to confirmed tornado #severe",1970-01-01 00:00:00.000040660,1,Chennai,1970-01-01,['shelter'],now thats bad storms rt national weather service office huntsville al taking shelter due confirmed tornado
2928,"‚Äú@TWCBreaking: DESTRUCTIVE TORNADO RIPPING THROUGH TUSCALOOSA, AL NOW!  TAKE SHELTER NOW!!!  #severe‚Äù @janetcm you okay???",1970-01-01 00:00:00.000040660,1,Mumbai,1970-01-01,['shelter'],destructive tornado ripping through tuscaloosa al now take shelter now you okay
2930,"Ahhhh!!! A tornado might have actually hit my apartment, nooooo!!! I'm fortunately safe in my office which is located in a fallout shelter.",1970-01-01 00:00:00.000040660,0,Kolkata,1970-01-01,['shelter'],ahhhh tornado might have actually hit my apartment nooooo im fortunately safe my office which located fallout shelter
2931,"OMG... RT @BreakingNews: RT @TWCBreaking: DESTRUCTIVE TORNADO RIPPING THROUGH TUSCALOOSA, AL NOW!  TAKE SHELTER NOW!!!  #severe",1970-01-01 00:00:00.000040660,1,Hyderabad,1970-01-01,['shelter'],omg rt rt destructive tornado ripping through tuscaloosa al now take shelter now
2934,"BambingBling: RT @TWCBreaking: DESTRUCTIVE TORNADO RIPPING THROUGH TUSCALOOSA, AL NOW!  TAKE SHELTER NOW!!!  #severe",1970-01-01 00:00:00.000040660,1,Bangalore,1970-01-01,['shelter'],bambingbling rt destructive tornado ripping through tuscaloosa al now take shelter now
2937,Really appreciates this Internet signal in our Tornado Shelter. Lol,1970-01-01 00:00:00.000040660,0,Delhi,1970-01-01,['shelter'],really appreciates this internet signal our tornado shelter lol
2938,"RT @GaToMikk: @addthis DESTRUCTIVE TORNADO RIPPING THROUGH TUSCALOOSA, AL NOW! TAKE SHELTER NOW!!! #severe #NWO #weather ~ #News",1970-01-01 00:00:00.000040660,0,Mumbai,1970-01-01,['shelter'],rt destructive tornado ripping through tuscaloosa al now take shelter now
2940,"BreakingNews: RT @TWCBreaking: DESTRUCTIVE TORNADO RIPPING THROUGH TUSCALOOSA, AL NOW! TAKE SHELTER NOW!!! #severe #fb",1970-01-01 00:00:00.000040660,1,Chennai,1970-01-01,['shelter'],breakingnews rt destructive tornado ripping through tuscaloosa al now take shelter now
2942,"Praying‚Ä¶ RT @BreakingNews: RT @TWCBreaking: DESTRUCTIVE TORNADO RIPPING THROUGH TUSCALOOSA, AL NOW!  TAKE SHELTER NOW!!!  #severe",1970-01-01 00:00:00.000040660,1,Chennai,1970-01-01,['shelter'],praying rt rt destructive tornado ripping through tuscaloosa al now take shelter now
2943,"u know its intense when a news org goes CAPS LOCK RT @TWCBreaking DESTRUCTIVE TORNADO RIPPING THROUGH TUSCALOOSA, AL NOW! TAKE SHELTER NOW!!",1970-01-01 00:00:00.000040660,1,Bangalore,1970-01-01,['shelter'],u know its intense when news org goes caps lock rt destructive tornado ripping through tuscaloosa al now take shelter now
2944,"RT @TWCBreaking DESTRUCTIVE TORNADO RIPPING THROUGH TUSCALOOSA, AL NOW! TAKE SHELTER NOW!!! #severe",1970-01-01 00:00:00.000040660,1,Hyderabad,1970-01-01,['shelter'],rt destructive tornado ripping through tuscaloosa al now take shelter now
2945,=@barrymoltz How funny that they have trapped you in the shelter..did they make you go down there?  i am not a fan of TORNADO Shelters,1970-01-01 00:00:00.000040660,1,Bangalore,1970-01-01,['shelter'],how funny that they have trapped you shelterdid they make you go down i am fan tornado shelters
2947,"RT @TWCBreaking DESTRUCTIVE TORNADO RIPPING THROUGH TUSCALOOSA, AL NOW! TAKE SHELTER NOW!!! #severe <wtf!!!!",1970-01-01 00:00:00.000040660,1,Bangalore,1970-01-01,['shelter'],rt destructive tornado ripping through tuscaloosa al now take shelter now wtf
2949,"For my US flwrs only RT @TWCBreaking: DESTRUCTIVE TORNADO RIPPING THROUGH TUSCALOOSA, AL NOW!  TAKE SHELTER NOW!!!  #severe",1970-01-01 00:00:00.000040660,1,Hyderabad,1970-01-01,['shelter'],my us flwrs rt destructive tornado ripping through tuscaloosa al now take shelter now
2950,"Wow RT @KimEllis: RT @TWCBreaking: DESTRUCTIVE TORNADO RIPPING THROUGH TUSCALOOSA, AL NOW!  TAKE SHELTER NOW!!!  #severe",1970-01-01 00:00:00.000040660,1,Kolkata,1970-01-01,['shelter'],wow rt rt destructive tornado ripping through tuscaloosa al now take shelter now
2951,Seek shelter and then keep us posted! Prayers! RT @michaelnolan according to @spann I'm directly in a tornado path,1970-01-01 00:00:00.000040660,1,Bangalore,1970-01-01,['shelter'],seek shelter keep us posted prayers rt according im directly tornado path
2952,"‚Äú@TWCBreaking: TORNADO RIPPING THROUGH TUSCALOOSA, AL NOW!  TAKE SHELTER NOW!!!  #severe‚Äù

FYI you're probably dead if you're reading this.",1970-01-01 00:00:00.000040660,1,Mumbai,1970-01-01,['shelter'],tornado ripping through tuscaloosa al now take shelter now fyi youre probably dead if youre reading this
2954,"dont think any1 in AL is tweeeting right now RT @TWCBreaking
  
DESTRUCTIVE TORNADO RIPPING THROUGH TUSCALOOSA, AL NOW! TAKE SHELTER NOW!!",1970-01-01 00:00:00.000040660,0,Hyderabad,1970-01-01,['shelter'],dont think al tweeeting right now rt destructive tornado ripping through tuscaloosa al now take shelter now
2955,"#TFM RT @TWCBreaking: DESTRUCTIVE TORNADO RIPPING THROUGH TUSCALOOSA, AL NOW!  TAKE SHELTER NOW!!!... http://bit.ly/laCEn2 #BreakingNews",1970-01-01 00:00:00.000040660,1,Delhi,1970-01-01,['shelter'],rt destructive tornado ripping through tuscaloosa al now take shelter now
2956,The good news about being trapped in the tornado shelter in the hotel basement is that they serve beer! Go @marriott,1970-01-01 00:00:00.000040660,0,Hyderabad,1970-01-01,['shelter'],good news being trapped tornado shelter hotel basement that they serve beer go
2957,"O_O RT @forsomemasses: RT @TWCBreaking: DESTRUCTIVE TORNADO RIPPING THROUGH TUSCALOOSA, AL NOW!  TAKE SHELTER NOW!!!  #severe",1970-01-01 00:00:00.000040660,1,Bangalore,1970-01-01,['shelter'],oo rt rt destructive tornado ripping through tuscaloosa al now take shelter now
2958,"RT @TWCBreaking: DESTRUCTIVE TORNADO RIPPING THROUGH TUSCALOOSA, AL NOW!  TAKE SHELTER NOW!!!",1970-01-01 00:00:00.000040660,1,Bangalore,1970-01-01,['shelter'],rt destructive tornado ripping through tuscaloosa al now take shelter now
2959,"Ay carajo! :O RT @BreakingNews: RT @TWCBreaking: DESTRUCTIVE TORNADO RIPPING THROUGH TUSCALOOSA, AL NOW!  TAKE SHELTER NOW!!!  #severe",1970-01-01 00:00:00.000040660,1,Bangalore,1970-01-01,['shelter'],ay carajo o rt rt destructive tornado ripping through tuscaloosa al now take shelter now
2960,"Praying for AL! RT @TWCBreaking: DESTRUCTIVE TORNADO RIPPING THROUGH TUSCALOOSA, AL NOW!  TAKE SHELTER NOW!!!  #severe",1970-01-01 00:00:00.000040660,1,Bangalore,1970-01-01,['shelter'],praying al rt destructive tornado ripping through tuscaloosa al now take shelter now
2962,"I just talked to lady from here! RT @TWCBreaking: DESTRUCTIVE TORNADO RIPPING THROUGH TUSCALOOSA, AL NOW!  TAKE SHELTER NOW!!!  #severe",1970-01-01 00:00:00.000040660,1,Kolkata,1970-01-01,['shelter'],i talked lady rt destructive tornado ripping through tuscaloosa al now take shelter now
2963,"=-O RT @BreakingNews: RT @TWCBreaking: DESTRUCTIVE TORNADO RIPPING THROUGH TUSCALOOSA, AL NOW!  TAKE SHELTER NOW!!!  #severe",1970-01-01 00:00:00.000040660,1,Chennai,1970-01-01,['shelter'],o rt rt destructive tornado ripping through tuscaloosa al now take shelter now
2964,"""@TWCBreaking: DESTRUCTIVE TORNADO RIPPING THROUGH TUSCALOOSA, AL NOW! TAKE SHELTER NOW!!!  #severe"" #tornado #alabama",1970-01-01 00:00:00.000040660,1,Kolkata,1970-01-01,['shelter'],destructive tornado ripping through tuscaloosa al now take shelter now
2965,"That's me!! :((( RT @TWCBreaking: DESTRUCTIVE TORNADO RIPPING THROUGH TUSCALOOSA, AL NOW!  TAKE SHELTER NOW!!!  #severe",1970-01-01 00:00:00.000040660,1,Kolkata,1970-01-01,['shelter'],thats me rt destructive tornado ripping through tuscaloosa al now take shelter now
2966,"""@TWCBreaking: DESTRUCTIVE TORNADO RIPPING THROUGH TUSCALOOSA, AL NOW! TAKE SHELTER NOW!!! #severe"" ...ROLL TIDE!! *praying*",1970-01-01 00:00:00.000040660,1,Bangalore,1970-01-01,['shelter'],destructive tornado ripping through tuscaloosa al now take shelter now roll tide praying
2968,"DESTRUCTIVE TORNADO RIPPING THROUGH TUSCALOOSA, AL NOW! TAKE SHELTER NOW!!! http://goo.gl/fb/7DfqS",1970-01-01 00:00:00.000040660,1,Delhi,1970-01-01,['shelter'],destructive tornado ripping through tuscaloosa al now take shelter now
2970,"RT @TWCBreaking DESTRUCTIVE TORNADO RIPPING THROUGH TUSCALOOSA, AL NOW!  TAKE SHELTER NOW!!!  #severe",1970-01-01 00:00:00.000040660,1,Delhi,1970-01-01,['shelter'],rt destructive tornado ripping through tuscaloosa al now take shelter now
2971,RT @meganwymt: Tornado warning still effective for Eastern Whitley County (Gatliff). Seek shelter and abandon mobile homes,1970-01-01 00:00:00.000040660,1,Mumbai,1970-01-01,['shelter'],rt tornado warning still effective eastern whitley county gatliff seek shelter abandon mobile homes
2972,F5 destroying Tuscaloosa. #soulsick RT @LAmeetsDC: OH MY GOD! TUSCALOOSA TAKE SHELTER: VIDEO OF TORNADO: http://bit.ly/m30hjq,1970-01-01 00:00:00.000040660,1,Chennai,1970-01-01,['shelter'],f destroying tuscaloosa rt oh my god tuscaloosa take shelter video tornado
2973,"This just in... DESTRUCTIVE TORNADO RIPPING THROUGH TUSCALOOSA, AL NOW! TAKE SHELTER NOW!!! #severe  . Updates to follow.",1970-01-01 00:00:00.000040660,1,Bangalore,1970-01-01,['shelter'],this destructive tornado ripping through tuscaloosa al now take shelter now updates follow
2974,"DESTRUCTIVE TORNADO RIPPING THROUGH TUSCALOOSA, AL NOW! TAKE SHELTER NOW!!! #severe http://bit.ly/jw3PA2",1970-01-01 00:00:00.000040660,1,Hyderabad,1970-01-01,['shelter'],destructive tornado ripping through tuscaloosa al now take shelter now
2983,"RT @TWCBreaking: DESTRUCTIVE TORNADO RIPPING THROUGH TUSCALOOSA, AL NOW!  TAKE SHELTER NOW!!!  // Pray for this & other affected areas!",1970-01-01 00:00:00.000040660,1,Mumbai,1970-01-01,['shelter'],rt destructive tornado ripping through tuscaloosa al now take shelter now pray this affected areas
2985,"THR: DESTRUCTIVE TORNADO RIPPING THROUGH TUSCALOOSA, AL NOW! TAKE SHELTER NOW!!! #severe http://dlvr.it/PwRS5 (BN) #tcot",1970-01-01 00:00:00.000040660,1,Bangalore,1970-01-01,['shelter'],thr destructive tornado ripping through tuscaloosa al now take shelter now bn
2988,"RT@BreakingNews:DESTRUCTIVE TORNADO RIPPING THROUGH TUSCALOOSA, AL NOW! TAKE SHELTER NOW!¬´idk where u live but go sit somewhere @The_MP_Show",1970-01-01 00:00:00.000040660,1,Chennai,1970-01-01,['shelter'],rtdestructive tornado ripping through tuscaloosa al now take shelter nowidk where u live but go sit somewhere
2989,"RT @BreakingNews: RT @TWCBreaking: DESTRUCTIVE TORNADO RIPPING THROUGH TUSCALOOSA, AL NOW!  TAKE SHELTER NOW!!!  #severe ",1970-01-01 00:00:00.000040660,1,Hyderabad,1970-01-01,['shelter'],rt rt destructive tornado ripping through tuscaloosa al now take shelter now
2991,Tornado warning for my area right now. Headed to shelter.,1970-01-01 00:00:00.000040660,0,Mumbai,1970-01-01,['shelter'],tornado warning my area right now headed shelter
2994,"Eegads! RT @TWCBreaking DESTRUCTIVE TORNADO RIPPING THROUGH TUSCALOOSA, AL NOW! TAKE SHELTER NOW!!! #severe",1970-01-01 00:00:00.000040660,1,Chennai,1970-01-01,['shelter'],eegads rt destructive tornado ripping through tuscaloosa al now take shelter now
2997,"Huge Tornado!  I can see this! RT @TWCBreaking: DESTRUCTIVE TORNADO RIPPING THROUGH TUSCALOOSA, AL NOW!  TAKE SHELTER NOW!!!  #severe",1970-01-01 00:00:00.000040660,1,Chennai,1970-01-01,['shelter'],huge tornado i see this rt destructive tornado ripping through tuscaloosa al now take shelter now
2999,"D: RT @TWCBreaking: DESTRUCTIVE TORNADO RIPPING THROUGH TUSCALOOSA, AL NOW!  TAKE SHELTER NOW!!!  #severe",1970-01-01 00:00:00.000040660,1,Delhi,1970-01-01,['shelter'],d rt destructive tornado ripping through tuscaloosa al now take shelter now
3007,"RT @TWCBreaking: National Weather Service office in Huntsville, AL taking shelter due to confirmed tornado",1970-01-01 00:00:00.000040660,0,Mumbai,1970-01-01,['shelter'],rt national weather service office huntsville al taking shelter due confirmed tornado
3009,"=@StephanieAbrams Wow, thats a big tornado.  i hope everyone is in a solid shelter.",1970-01-01 00:00:00.000040660,0,Bangalore,1970-01-01,['shelter'],wow thats big tornado i hope everyone solid shelter
3011,"RT @TWCBreaking: DESTRUCTIVE TORNADO RIPPING THROUGH TUSCALOOSA, AL NOW!  TAKE SHELTER NOW!!!  #severe @WPSDLocal6",1970-01-01 00:00:00.000040660,1,Bangalore,1970-01-01,['shelter'],rt destructive tornado ripping through tuscaloosa al now take shelter now
3012,RT @thinkgeek: YOU GUYS. Promise us if you're ever this close to a tornado you'll seek shelter: (cont) http://tl.gd/a4bif8,1970-01-01 00:00:00.000040660,0,Mumbai,1970-01-01,['shelter'],rt you guys promise us if youre ever this close tornado youll seek shelter cont
3015,You know it's bad when the newspeople on air leave to take shelter. #WAFF48 #Tornado #alwx,1970-01-01 00:00:00.000040660,1,Delhi,1970-01-01,['shelter'],you know its bad when newspeople air leave take shelter
3018,"OH NO!!! :'( RT @TWCBreaking: DESTRUCTIVE TORNADO RIPPING THROUGH TUSCALOOSA, AL NOW!  TAKE SHELTER NOW!!!  #severe",1970-01-01 00:00:00.000040660,1,Delhi,1970-01-01,['shelter'],oh rt destructive tornado ripping through tuscaloosa al now take shelter now
3019,"DESTRUCTIVE TORNADO RIPPING THROUGH TUSCALOOSA, AL NOW! TAKE SHELTER NOW!!! #severe #usa",1970-01-01 00:00:00.000040660,1,Chennai,1970-01-01,['shelter'],destructive tornado ripping through tuscaloosa al now take shelter now
3020,"Another def. of Roll Tide I suppose. RT @TWCBreaking: DESTRUCTIVE TORNADO RIPPING THROUGH TUSCALOOSA, AL NOW!  TAKE SHELTER NOW!!!  #severe",1970-01-01 00:00:00.000040660,1,Chennai,1970-01-01,['shelter'],another def roll tide i suppose rt destructive tornado ripping through tuscaloosa al now take shelter now
3021,"RT: BreakingNews: RT @TWCBreaking: DESTRUCTIVE TORNADO RIPPING THROUGH TUSCALOOSA, AL NOW!  TAKE SHELTER NOW!!!  #severe",1970-01-01 00:00:00.000040660,1,Bangalore,1970-01-01,['shelter'],rt breakingnews rt destructive tornado ripping through tuscaloosa al now take shelter now
3022,Did I just hear a TV meteorologist advise people taking shelter from a tornado to use a 'bicycle helmet'??  Pretty good idea!  ;),1970-01-01 00:00:00.000040660,0,Kolkata,1970-01-01,['shelter'],did i hear tv meteorologist advise people taking shelter tornado use bicycle helmet pretty good idea
3023,"Imagine getting THIS tweet? ! ? RT @TWCBreaking: DESTRUCTIVE TORNADO RIPPING THROUGH TUSCALOOSA, AL NOW!  TAKE SHELTER NOW!!!  #severe",1970-01-01 00:00:00.000040660,1,Kolkata,1970-01-01,['shelter'],imagine getting this tweet rt destructive tornado ripping through tuscaloosa al now take shelter now
3024,"Video here: http://bit.ly/Vrzr4 RT @TWCBreaking: DESTRUCTIVE TORNADO RIPPING THROUGH TUSCALOOSA, AL NOW!  TAKE SHELTER NOW!!!  #severe",1970-01-01 00:00:00.000040660,1,Bangalore,1970-01-01,['shelter'],video rt destructive tornado ripping through tuscaloosa al now take shelter now
3027,It's true. RT @LaurenVezzosi @PartyAtIndigo has been declared the official tornado shelter of State College,1970-01-01 00:00:00.000040660,0,Kolkata,1970-01-01,['shelter'],its true rt has been declared official tornado shelter state college
3028,"RT @TWCBreaking: DESTRUCTIVE TORNADO RIPPING THROUGH TUSCALOOSA, AL NOW!  TAKE SHELTER NOW!!!  #severe ~DrOsirus",1970-01-01 00:00:00.000040660,1,Kolkata,1970-01-01,['shelter'],rt destructive tornado ripping through tuscaloosa al now take shelter now drosirus
3033,"DESTRUCTIVE TORNADO RIPPING THROUGH TUSCALOOSA, AL NOW!  TAKE SHELTER NOW!!!  #severe (via @TWCBreaking)",1970-01-01 00:00:00.000040660,1,Bangalore,1970-01-01,['shelter'],destructive tornado ripping through tuscaloosa al now take shelter now via
3035,"""@TWCBreaking: DESTRUCTIVE TORNADO RIPPING THROUGH TUSCALOOSA, AL NOW! TAKE SHELTER NOW!!! #severe""  #hopefully students at bama are safe",1970-01-01 00:00:00.000040660,1,Bangalore,1970-01-01,['shelter'],destructive tornado ripping through tuscaloosa al now take shelter now students bama safe
3036,"RT @TWCBreaking: National Weather Service office in Huntsville, AL taking shelter due to confirmed tornado #severe",1970-01-01 00:00:00.000040660,0,Bangalore,1970-01-01,['shelter'],rt national weather service office huntsville al taking shelter due confirmed tornado
3037,"National Weather Service office in Huntsville, AL taking shelter due to confirmed tornado",1970-01-01 00:00:00.000040660,0,Chennai,1970-01-01,['shelter'],national weather service office huntsville al taking shelter due confirmed tornado
3038,"DESTRUCTIVE TORNADO RIPPING THROUGH TUSCALOOSA, AL NOW! TAKE SHELTER NOW!!!",1970-01-01 00:00:00.000040660,1,Delhi,1970-01-01,['shelter'],destructive tornado ripping through tuscaloosa al now take shelter now
3040,"WBMA -TV showing footage of large tornado in the city of Tuscaloosa, AL.  TAKE SHELTER NOW IF YOURE IN THE CITY!!",1970-01-01 00:00:00.000040660,0,Bangalore,1970-01-01,['shelter'],wbma tv showing footage large tornado city tuscaloosa al take shelter now if youre city
3042,"RT @disasternewsco: DESTRUCTIVE TORNADO RIPPING THROUGH TUSCALOOSA, AL NOW! TAKE SHELTER NOW!!! #severe",1970-01-01 00:00:00.000040660,1,Kolkata,1970-01-01,['shelter'],rt destructive tornado ripping through tuscaloosa al now take shelter now
3045,"RT @disasternewsco: National Weather Service office in Huntsville, AL taking shelter due to confirmed tornado #severe",1970-01-01 00:00:00.000040660,0,Mumbai,1970-01-01,['shelter'],rt national weather service office huntsville al taking shelter due confirmed tornado
3047,"Pics unbelievable! Be careful! RT @TWCBreaking: DESTRUCTIVE TORNADO RIPPING THROUGH TUSCALOOSA, AL NOW!  TAKE SHELTER NOW!!!  #severe",1970-01-01 00:00:00.000040660,1,Hyderabad,1970-01-01,['shelter'],pics unbelievable be careful rt destructive tornado ripping through tuscaloosa al now take shelter now
3048,"It's BAD RT @TWCBreaking: DESTRUCTIVE TORNADO RIPPING THROUGH TUSCALOOSA, AL NOW!  TAKE SHELTER NOW!!!  #severe",1970-01-01 00:00:00.000040660,1,Hyderabad,1970-01-01,['shelter'],its bad rt destructive tornado ripping through tuscaloosa al now take shelter now
3049,"DESTRUCTIVE TORNADO RIPPING THROUGH TUSCALOOSA, AL NOW! TAKE SHELTER NOW!!! #severe",1970-01-01 00:00:00.000040660,1,Delhi,1970-01-01,['shelter'],destructive tornado ripping through tuscaloosa al now take shelter now
3052,"Praying for my sissy @uatiffo | RT @TWCBreaking: DESTRUCTIVE TORNADO RIPPING THROUGH TUSCALOOSA, AL NOW!  TAKE SHELTER NOW!!!  #severe",1970-01-01 00:00:00.000040660,1,Mumbai,1970-01-01,['shelter'],praying my sissy rt destructive tornado ripping through tuscaloosa al now take shelter now
3054,"National Weather Service office in Huntsville, AL taking shelter due to confirmed tornado #severe",1970-01-01 00:00:00.000040660,1,Hyderabad,1970-01-01,['shelter'],national weather service office huntsville al taking shelter due confirmed tornado
3058,"I'll say. Speechless. RT @TWCBreaking: DESTRUCTIVE TORNADO RIPPING THROUGH TUSCALOOSA, AL NOW!  TAKE SHELTER NOW!!!  #severe",1970-01-01 00:00:00.000040660,1,Bangalore,1970-01-01,['shelter'],ill say speechless rt destructive tornado ripping through tuscaloosa al now take shelter now
3061,"DESTRUCTIVE TORNADO RIPPING THROUGH TUSCALOOSA, AL NOW!  TAKE SHELTER NOW!!!  #severe",1970-01-01 00:00:00.000040660,1,Delhi,1970-01-01,['shelter'],destructive tornado ripping through tuscaloosa al now take shelter now
3063,@donttrythis having a swarm of tornados in Huntsville Alabama right now. Please send Jamie's tornado shelter!,1970-01-01 00:00:00.000040660,1,Delhi,1970-01-01,['shelter'],having swarm tornados huntsville alabama right now please send jamies tornado shelter
3065,RT @CaramelCraving: RT @CBS42: TUSCALOOSA PLEASE TAKE SHELTER ...LARGE TORNADO COMING RIGHT FOR YOU NOW>>> aw damn,1970-01-01 00:00:00.000040660,1,Bangalore,1970-01-01,['shelter'],rt rt tuscaloosa please take shelter large tornado coming right you now aw damn
3066,"Weather report USA, large tornado just southwest of Tuscaloosa, AL. If you live in Tuscaloosa, you already should be in your storm shelter",1970-01-01 00:00:00.000040660,1,Hyderabad,1970-01-01,['shelter'],weather report usa large tornado southwest tuscaloosa al if you live tuscaloosa you already should be your storm shelter
3067,‚Äú@CBS42: TUSCALOOSA PLEASE TAKE SHELTER ...LARGE TORNADO COMING RIGHT FOR YOU NOW‚Äù #tweetingfrommysafeplace,1970-01-01 00:00:00.000040660,1,Chennai,1970-01-01,['shelter'],tuscaloosa please take shelter large tornado coming right you now
3068,"Large wedge tornado headed for campus.  The academic building I'm in was built to be a bomb shelter. Phew. Take cover people, this is real.",1970-01-01 00:00:00.000040660,0,Bangalore,1970-01-01,['shelter'],large wedge tornado headed campus academic building im built be bomb shelter phew take cover people this real
3070,"Everyone in North VA needs to get shelter RIGHT NOW, tornado comin.",1970-01-01 00:00:00.000040660,0,Delhi,1970-01-01,['shelter'],everyone north va needs get shelter right now tornado comin
3072,If you are in Tuscaloosa a huge tornado on camera headed right for downtown please SEEK shelter NOW http://ow.ly/4ItKM,1970-01-01 00:00:00.000040660,0,Mumbai,1970-01-01,['shelter'],if you tuscaloosa huge tornado camera headed right downtown please seek shelter now
3076,"Large tornado just southwest of Tuscaloosa, AL. If you live in Tuscaloosa, you already should be in your storm shelter. Updates @TWCBreaking",1970-01-01 00:00:00.000040660,0,Bangalore,1970-01-01,['shelter'],large tornado southwest tuscaloosa al if you live tuscaloosa you already should be your storm shelter updates
3079,"Seek shelter now in Hanceville, Good Hope, Cullman, Smoke Rise AL. Immediate tornado danger!",1970-01-01 00:00:00.000040660,1,Kolkata,1970-01-01,['shelter'],seek shelter now hanceville good hope cullman smoke rise al immediate tornado danger
3080,RT @100WAPI: RT @CBS42: TUSCALOOSA PLEASE TAKE SHELTER ...LARGE TORNADO COMING RIGHT FOR YOU NOW,1970-01-01 00:00:00.000040660,1,Hyderabad,1970-01-01,['shelter'],rt rt tuscaloosa please take shelter large tornado coming right you now
3081,"If you know anyone near Tuscaloosa, AL, call them now & tell to seek shelter. Large tornado moving in. #fb",1970-01-01 00:00:00.000040660,1,Delhi,1970-01-01,['shelter'],if you know anyone near tuscaloosa al call them now tell seek shelter large tornado moving
3083,Huge Huge Huge tornado in Tuscaloosa!!! Get to shelter now! Hitting town now!,1970-01-01 00:00:00.000040660,1,Kolkata,1970-01-01,['shelter'],huge huge huge tornado tuscaloosa get shelter now hitting town now
3086,=@JennieMcGhie i am currently in a TORNADO shelter at the Toyota plant in N. Huntsville. many tornadoes around the whole area.,1970-01-01 00:00:00.000040660,1,Mumbai,1970-01-01,['shelter'],i am currently tornado shelter toyota plant n huntsville many tornadoes around whole area
3087,Tornado Watch issued for Pendleton Co until 1 AM. This means conditions are right for a tornado. Be alert & prepared to go to safe shelter,1970-01-01 00:00:00.000040660,1,Hyderabad,1970-01-01,['shelter'],tornado watch issued pendleton co until am this means conditions right tornado be alert prepared go safe shelter
3088,RT @CBS42: TUSCALOOSA PLEASE TAKE SHELTER ...LARGE TORNADO COMING RIGHT FOR YOU NOW,1970-01-01 00:00:00.000040660,1,Delhi,1970-01-01,['shelter'],rt tuscaloosa please take shelter large tornado coming right you now
3089,"RT ""@Heartless_Marie: That tornado? Damnnnnnnnnnn.....aw hell nawwwww!!!!!!""< Girl go SEEK SHELTER (old black lady voice)",1970-01-01 00:00:00.000040660,0,Kolkata,1970-01-01,['shelter'],rt that tornado damnnnnnnnnnnaw hell na girl go seek shelter old black lady voice
3090,TUSCALOOSA PLEASE TAKE SHELTER ...LARGE TORNADO COMING RIGHT FOR YOU NOW,1970-01-01 00:00:00.000040660,1,Bangalore,1970-01-01,['shelter'],tuscaloosa please take shelter large tornado coming right you now
3094,i aint got no tornado shelter what up wit that lol,1970-01-01 00:00:00.000040660,1,Kolkata,1970-01-01,['shelter'],i aint got tornado shelter what wit that lol
3096,"http://www.ustream.tv/channel/ABC-33-40-Main via @bingcrosbyb @tester220 @JimCantore #tuscaloosa #tornado live streaming take SHELTER, pls!",1970-01-01 00:00:00.000040660,1,Kolkata,1970-01-01,['shelter'],via live streaming take shelter pls
3097,"Possible #tornado on the ground near #Moorseville, #Mississippi. Seek shelter immediately! #MSWX Follow 4 updates.",1970-01-01 00:00:00.000040660,1,Delhi,1970-01-01,['shelter'],possible ground near seek shelter immediately follow updates
3098,‚Äú@reedtimmerTVN: Update:  tornado NNW of Gainesville has quickly become a wedge.  Tuscaloosa seek shelter now @JimCantore @iWitnessWeather,1970-01-01 00:00:00.000040660,1,Chennai,1970-01-01,['shelter'],update tornado nnw gainesville has quickly become wedge tuscaloosa seek shelter now
3099,"Tornado/ Extreme storm in Walker and Catoosa County, GA now. Please take shelter and stay safe.",1970-01-01 00:00:00.000040660,0,Delhi,1970-01-01,['shelter'],tornado extreme storm walker catoosa county ga now please take shelter stay safe
3100,But u tweeting? #geturasstosafeground RT @DJSDot: tornado is DOWN at 565 and i-65 !!!!! SEEK SHELTER NOW,1970-01-01 00:00:00.000040660,1,Kolkata,1970-01-01,['shelter'],but u tweeting rt tornado down i seek shelter now
3105,That's insane!!! RT @thinkgeek: YOU GUYS. Promise us if you're ever this close to a tornado you'll seek shelter: http://twitpic.com/4q93rs,1970-01-01 00:00:00.000040660,1,Kolkata,1970-01-01,['shelter'],thats insane rt you guys promise us if youre ever this close tornado youll seek shelter
3107,Campus under tornado warning. Seek shelter immediately and stay until all clear msg. Check www.emergency.msstate.edu for updates,1970-01-01 00:00:00.000040660,0,Kolkata,1970-01-01,['shelter'],campus tornado warning seek shelter immediately stay until clear msg check updates
3108,take cover. find shelter. STFU. this is stupid. there aint no damn tornado. if there is BRING IT ON. i love watching storms.,1970-01-01 00:00:00.000040660,0,Kolkata,1970-01-01,['shelter'],take cover find shelter stfu this stupid aint damn tornado if bring it i love watching storms
3109,@Junkf0_OdShawty news just told me to take shelter...got 10 mins before the tornado reach Madison near 565,1970-01-01 00:00:00.000040660,0,Delhi,1970-01-01,['shelter'],news told me take sheltergot mins before tornado reach madison near
3115,Back in shelter for tornado warning. Not cool,1970-01-01 00:00:00.000040660,1,Mumbai,1970-01-01,['shelter'],back shelter tornado warning cool
3118,tornado is DOWN at 565 and i-65 !!!!! SEEK SHELTER NOW,1970-01-01 00:00:00.000040660,1,Kolkata,1970-01-01,['shelter'],tornado down i seek shelter now
3119,Ugh!!!! I wish I was at home where I have a tornado shelter in my crib :(,1970-01-01 00:00:00.000040660,1,Bangalore,1970-01-01,['shelter'],ugh i wish i home where i have tornado shelter my crib
3120,"RT @sukitink RT @TORNADOHUNT Immediate tornado danger in Hazel Green AL and Huntland, TN. Seek shelter now!",1970-01-01 00:00:00.000040660,1,Delhi,1970-01-01,['shelter'],rt rt immediate tornado danger hazel green al huntland tn seek shelter now
3122,So I wonder how long we gonna be stuck in the shelter in the mall since another tornado on the way,1970-01-01 00:00:00.000040660,0,Hyderabad,1970-01-01,['shelter'],i wonder how long we gonna be stuck shelter mall since another tornado way
3124,"RT @TORNADOHUNT: If u live in Oakman, Parrish, Cordova, Jasper, or Sipsey Alabama goto your tornado shelter now! ... http://tmi.me/9rvqU",1970-01-01 00:00:00.000040660,1,Chennai,1970-01-01,['shelter'],rt if u live oakman parrish cordova jasper sipsey alabama goto your tornado shelter now
3126,=@so_fa_kingkool @Jus_MsNCB lol damn his ass NEEDS to go see a TORNADO shelter immediately,1970-01-01 00:00:00.000040660,1,Hyderabad,1970-01-01,['shelter'],lol damn his ass needs go see tornado shelter immediately
3127,"""@waff48: Homes being destroyed in Western Madison county by a large tornado. Seek shelter immediately if you are in the path of this storm""",1970-01-01 00:00:00.000040660,1,Chennai,1970-01-01,['shelter'],homes being destroyed western madison county large tornado seek shelter immediately if you path this storm
3128,"Immediate tornado danger in Hazel Green AL and Huntland, TN. Seek shelter now!",1970-01-01 00:00:00.000040660,1,Kolkata,1970-01-01,['shelter'],immediate tornado danger hazel green al huntland tn seek shelter now
3129,RT @waff48: Homes being destroyed in Western Madison county by a large tornado. Seek shelter immediately if yo‚Ä¶ (cont) http://deck.ly/~S722e,1970-01-01 00:00:00.000040660,1,Hyderabad,1970-01-01,['shelter'],rt homes being destroyed western madison county large tornado seek shelter immediately if yo cont
3130,Very scared and shaking....i hate this weather..been in tornado shelter all day,1970-01-01 00:00:00.000040660,1,Chennai,1970-01-01,['shelter'],scared shakingi hate this weatherbeen tornado shelter day
3132,"RT @tornadohunt:If u live n Oakman, Parrish, Cordova, Jasper, Sipsey AL take tornado shelter now!Immediate danger! http://twitpic.com/4q9sb6",1970-01-01 00:00:00.000040660,1,Chennai,1970-01-01,['shelter'],rt if u live n oakman parrish cordova jasper sipsey al take tornado shelter nowimmediate danger
3133,RT @waff48 Homes being destroyed in Western Madison county by a large tornado. Seek shelter immediately if you are in the path of this storm,1970-01-01 00:00:00.000040660,1,Mumbai,1970-01-01,['shelter'],rt homes being destroyed western madison county large tornado seek shelter immediately if you path this storm
3134,‚Äú@thinkgeek: YOU GUYS. Promise us if you're ever this close to a tornado you'll seek shelter: http://twitpic.com/4q93rs-¬† sick POV of a twister!,1970-01-01 00:00:00.000040660,1,Bangalore,1970-01-01,['shelter'],you guys promise us if youre ever this close tornado youll seek shelter sick pov twister
3137,Homes being destroyed in Western Madison county by a large tornado. Seek shelter immediately if you are in the path of this storm,1970-01-01 00:00:00.000040660,1,Kolkata,1970-01-01,['shelter'],homes being destroyed western madison county large tornado seek shelter immediately if you path this storm
3138,Sitting in the dark waiting for Scotty to get home. Tornado headed the way they were traveling so they stopped for shelter.,1970-01-01 00:00:00.000040660,1,Hyderabad,1970-01-01,['shelter'],sitting dark waiting scotty get home tornado headed way they traveling they stopped shelter
3139,Remain in your shelter.  Massive tornado in Monrovia and Harvest close to campus.  Remain until the all clear.  Dangerous situation.,1970-01-01 00:00:00.000040660,1,Delhi,1970-01-01,['shelter'],remain your shelter massive tornado monrovia harvest close campus remain until clear dangerous situation
3141,"If u live in Oakman, Parrish, Cordova, Jasper, or Sipsey Alabama goto your tornado shelter now! Immediate danger! http://twitpic.com/4q9sb6",1970-01-01 00:00:00.000040660,1,Mumbai,1970-01-01,['shelter'],if u live oakman parrish cordova jasper sipsey alabama goto your tornado shelter now immediate danger
3143,For the umpteenth time this month we're taking shelter in the safe places of the axo house. #tornado http://yfrog.com/h3o64nffj,1970-01-01 00:00:00.000040660,1,Hyderabad,1970-01-01,['shelter'],umpteenth time this month taking shelter safe places axo house
3145,"""@thinkgeek: Promise us if ur ever this close to a tornado youll seek shelter http://bit.ly/mocpGB We <3 u too much""-@LaurenGrissom #missNC",1970-01-01 00:00:00.000040660,0,Bangalore,1970-01-01,['shelter'],promise us if ur ever this close tornado youll seek shelter we u much
3146,In the shelter at work...tornado warning here....ugh this is when I miss vegas most!,1970-01-01 00:00:00.000040660,0,Delhi,1970-01-01,['shelter'],shelter worktornado warning hereugh this when i miss vegas
3149,"Be safe! @cmtcody: In CMT tornado shelter! Rough storms moving thru Nashville- Tornado Warning #fb
http://yfrog.com/h6igcnj¬†",1970-01-01 00:00:00.000040660,0,Delhi,1970-01-01,['shelter'],be safe cmt tornado shelter rough storms moving thru nashville tornado warning
3151,Ayo if u wud have seen the destruction I seen over the weekend this tornado warning wud be a very serious issue 2 u seek shelter my friends,1970-01-01 00:00:00.000040660,1,Hyderabad,1970-01-01,['shelter'],ayo if u wud have seen destruction i seen weekend this tornado warning wud be serious issue u seek shelter my friends
3152,Stupid tornado alley cover shelter at the mall!!!!! Ugh!!!!!!!!!!!,1970-01-01 00:00:00.000040660,1,Hyderabad,1970-01-01,['shelter'],stupid tornado alley cover shelter mall ugh
3154,Got to do that earlier!! Be safe!! RT @cmtcody: In CMT tornado shelter! Rough storms moving thru Nashville- Tornado Warning #fb...,1970-01-01 00:00:00.000040660,0,Delhi,1970-01-01,['shelter'],got do that earlier be safe rt cmt tornado shelter rough storms moving thru nashville tornado warning
3159,"In CMT tornado shelter! Rough storms moving thru Nashville- Tornado Warning #fb
http://yfrog.com/h6igcnj¬†",1970-01-01 00:00:00.000040660,1,Kolkata,1970-01-01,['shelter'],cmt tornado shelter rough storms moving thru nashville tornado warning
3166,Good thing this church is a tornado shelter....,1970-01-01 00:00:00.000040660,0,Bangalore,1970-01-01,['shelter'],good thing this church tornado shelter
3169,"Man oh man, I've never seen a tornado outbreak like whats going on down south. Here's hoping everying is taking shelter in the path...",1970-01-01 00:00:00.000040660,0,Kolkata,1970-01-01,['shelter'],man oh man ive never seen tornado outbreak like whats going down south heres hoping everying taking shelter path
3172,RT @thinkgeek YOU GUYS. Promise us if you're ever this close to a tornado you'll seek shelter: http://twitpic.com/4q93rs We  you too much.,1970-01-01 00:00:00.000040660,1,Bangalore,1970-01-01,['shelter'],rt you guys promise us if youre ever this close tornado youll seek shelter we you much
3173,"Davidson County is under a TORNADO WARNING!!!
Be safe everyone... take shelter!!!",1970-01-01 00:00:00.000040660,1,Delhi,1970-01-01,['shelter'],davidson county tornado warning be safe everyone take shelter
3174,"In the bathroom at the Osage Center! If tornado comes, I am already at the Red Cross Shelter! I was interviewing an Allenville flood victim",1970-01-01 00:00:00.000040660,0,Hyderabad,1970-01-01,['shelter'],bathroom osage center if tornado comes i am already red cross shelter i interviewing allenville flood victim
3177,Holy shit RT @thinkgeek YOU GUYS. Promise us if you're ever this close to a tornado you'll seek shelter: http://twitpic.com/4q93rs,1970-01-01 00:00:00.000040660,1,Bangalore,1970-01-01,['shelter'],holy shit rt you guys promise us if youre ever this close tornado youll seek shelter
3179,I am at the @SEMORedCross shelter at the Osage Center. Staying put!  RT @semoweather: Tornado sirens in #CapeGirardeau Great!,1970-01-01 00:00:00.000040660,0,Chennai,1970-01-01,['shelter'],i am shelter osage center staying put rt tornado sirens great
3180,another tornado? that black screen just came on 3 times & said in order to save my life i need to take shelter.... neva heard that 1 b4 o_O,1970-01-01 00:00:00.000040660,1,Mumbai,1970-01-01,['shelter'],another tornado that black screen came times said order save my life i need take shelter neva heard that b oo
3181,"CRAZY ""@thinkgeek: YOU GUYS. Promise us if you're ever this close to a tornado you'll seek shelter: http://twitpic.com/4q93rs¬† We <3 you too much.""",1970-01-01 00:00:00.000040660,1,Hyderabad,1970-01-01,['shelter'],crazy you guys promise us if youre ever this close tornado youll seek shelter we you much
3182,Tornado warnings being issued for southeast MO and southern IL - dangerous storms approaching - take shelter in warned counties,1970-01-01 00:00:00.000040660,1,Hyderabad,1970-01-01,['shelter'],tornado warnings being issued southeast mo southern il dangerous storms approaching take shelter warned counties
3183,"A tornado is 25 minutes from Harvest. For all of my family and loved ones there, please take shelter now.",1970-01-01 00:00:00.000040660,1,Chennai,1970-01-01,['shelter'],tornado minutes harvest my family loved ones please take shelter now
3184,A tornado warning has been issued for Madison County. Seek shelter immediately!      https://ww... Read more at http://bit.ly/jfxPFH,1970-01-01 00:00:00.000040660,1,Kolkata,1970-01-01,['shelter'],tornado warning has been issued madison county seek shelter immediately read
3186,"Holy crap that is close. ""@thinkgeek: YOU GUYS. Promise us if you're ever this close to a tornado you'll seek shelter: http://twitpic.com/4q93rs¬†",1970-01-01 00:00:00.000040660,1,Kolkata,1970-01-01,['shelter'],holy crap that close you guys promise us if youre ever this close tornado youll seek shelter
3187,Nothing brings us closer then a tornado storm shelter :P @pontotockid @garussell11 @annehollis @nathanhutch93 @Hlip2 @Hcmoorman,1970-01-01 00:00:00.000040660,1,Chennai,1970-01-01,['shelter'],nothing brings us closer tornado storm shelter p
3191,RT @thinkgeek: YOU GUYS. Promise us if you're ever this close to a tornado you'll seek shelter: http://twitpic.com/4q93rs We <3 you too...,1970-01-01 00:00:00.000040660,1,Mumbai,1970-01-01,['shelter'],rt you guys promise us if youre ever this close tornado youll seek shelter we you
3192,"‚Äú@Junebug35: Just went into Tornado Warning in Tuscaloosa.  Be careful, seek shelter. ddds and friends head to our basement""",1970-01-01 00:00:00.000040660,0,Chennai,1970-01-01,['shelter'],went tornado warning tuscaloosa be careful seek shelter ddds friends head our basement
3193,UA is under Tornado warning until 445pm.  All UREC facilities are closed.  Seek shelter.,1970-01-01 00:00:00.000040660,1,Bangalore,1970-01-01,['shelter'],ua tornado warning until pm urec facilities closed seek shelter
3194,TORNADO WARNING for Morgan County. Trinity/Decatur take shelter. Also a Tornado headed to southeast part of the County also. Good Lord!,1970-01-01 00:00:00.000040660,0,Bangalore,1970-01-01,['shelter'],tornado warning morgan county trinitydecatur take shelter also tornado headed southeast part county also good lord
3195,"@thinkgeek Can I at least get advice from my Magic 20-Sided Die I got from you, before seeking shelter? Charisma might beat a tornado spell.",1970-01-01 00:00:00.000040660,0,Delhi,1970-01-01,['shelter'],i least get advice my magic sided die i got you before seeking shelter charisma might beat tornado spell
3197,Daughter is in a tornado shelter. Stay safe t-town... @CatCantrell #dumbstorms #iloveyoukiddo,1970-01-01 00:00:00.000040660,0,Chennai,1970-01-01,['shelter'],daughter tornado shelter stay safe ttown
3200,RT @thinkgeek: YOU GUYS. Promise us if you're ever this close to a tornado you'll seek shelter: http://twitpic.com/4q93rs We <3 you too much,1970-01-01 00:00:00.000040660,1,Kolkata,1970-01-01,['shelter'],rt you guys promise us if youre ever this close tornado youll seek shelter we you much
3203,RT @thinkgeek: U GUYS. Promise us if U're evr ths close 2 a tornado U'll seek shelter: http://twitpic.com/4q93rs We <3 U 2 much.,1970-01-01 00:00:00.000040660,1,Mumbai,1970-01-01,['shelter'],rt u guys promise us if ure evr ths close tornado ull seek shelter we u much
3206,YOU GUYS. Promise us if you're ever this close to a tornado you'll seek shelter: http://twitpic.com/4q93rs We <3 you too much.,1970-01-01 00:00:00.000040660,1,Delhi,1970-01-01,['shelter'],you guys promise us if youre ever this close tornado youll seek shelter we you much
3207,"Large Tornado on the ground near Hatley,MS Seek shelter now!",1970-01-01 00:00:00.000040660,1,Bangalore,1970-01-01,['shelter'],large tornado ground near hatleyms seek shelter now
3208,"Decatur and Trinity take Shelter, Tornado will get very close.",1970-01-01 00:00:00.000040660,1,Kolkata,1970-01-01,['shelter'],decatur trinity take shelter tornado get close
3209,Our tornado shelter tonight will be the War Eagle Supper Club where we'll be surrounded by hundreds of drunk and... http://fb.me/OXZi4Omt,1970-01-01 00:00:00.000040660,1,Bangalore,1970-01-01,['shelter'],our tornado shelter tonight be war eagle supper club where well be surrounded hundreds drunk
3210,Tornado partyyyyyy! ‚Äú@creynolds365: storm shelter at UWACS :)‚Äù,1970-01-01 00:00:00.000040660,0,Delhi,1970-01-01,['shelter'],tornado partyyyyyy storm shelter uwacs
3211,"Tornado on the ground headed right for Reform,AL you should already be in a shelter!",1970-01-01 00:00:00.000040660,0,Mumbai,1970-01-01,['shelter'],tornado ground headed right reformal you should already be shelter
3212,I'm getting contradictory reports on the weather. Tornado watch vs cloudy. Confused but I'm close to a bomb shelter. Safe either way.,1970-01-01 00:00:00.000040660,0,Hyderabad,1970-01-01,['shelter'],im getting contradictory reports weather tornado watch vs cloudy confused but im close bomb shelter safe either way
3215,"According to the NWS, the safest place to be during a tornado is indeed a storm shelter. Thanks NWS for clearing that up for me.",1970-01-01 00:00:00.000040660,0,Delhi,1970-01-01,['shelter'],according nws safest place be during tornado indeed storm shelter thanks nws clearing that me
3216,Neighbor's are having a family reunion in the underground shelter as the tornado sirens are starting to sound.,1970-01-01 00:00:00.000040660,0,Bangalore,1970-01-01,['shelter'],neighbors having family reunion underground shelter as tornado sirens starting sound
3219,"Just went into Tornado Warning in Tuscaloosa.  Be careful, seek shelter.",1970-01-01 00:00:00.000040660,1,Bangalore,1970-01-01,['shelter'],went tornado warning tuscaloosa be careful seek shelter
3220,"Well, we're headed into a tornado shelter in a few minutes. I'll tweet a photo of it shortly as we go inside.",1970-01-01 00:00:00.000040660,0,Delhi,1970-01-01,['shelter'],well headed tornado shelter minutes ill tweet photo it shortly as we go inside
3221,"Tornado Warning for Tuscaloosa,AL seek shelter right away!!",1970-01-01 00:00:00.000040660,1,Mumbai,1970-01-01,['shelter'],tornado warning tuscaloosaal seek shelter right away
3225,"‚Äú@jonacuff: When did we stop saying ""tornado shelter?"" This ""go to your safe place"" sounds like lavender candles will be involved.‚Äù",1970-01-01 00:00:00.000040660,1,Delhi,1970-01-01,['shelter'],when did we stop saying tornado shelter this go your safe place sounds like lavender candles be involved
3228,"Massive Tornado near Trebloc, MS moving NE@55. Amory and Okolona SEEK SHELTER NOW! SevereChaser.com for AMAZING radar returns, textbook hook",1970-01-01 00:00:00.000040660,0,Kolkata,1970-01-01,['shelter'],massive tornado near trebloc ms moving ne amory okolona seek shelter now severechasercom amazing radar returns textbook hook
3231,"Tornado reported on the ground near Terry.  If you hear sirens, seek shelter immediately!",1970-01-01 00:00:00.000040660,1,Delhi,1970-01-01,['shelter'],tornado reported ground near terry if you hear sirens seek shelter immediately
3232,"Tornado sirens=old man flipping out on me bc he feels the theater isn't ""safe."" No joke. This isn't a storm shelter obviously. #getaclue",1970-01-01 00:00:00.000040660,1,Mumbai,1970-01-01,['shelter'],tornado sirensold man flipping out me bc he feels theater isnt safe joke this isnt storm shelter obviously
3236,A tornado warning has been issued for Madison County. Seek shelter immediately!      https://ww... Read more at http://bit.ly/kAo8Au,1970-01-01 00:00:00.000040660,1,Bangalore,1970-01-01,['shelter'],tornado warning has been issued madison county seek shelter immediately read
3238,RT @clarionledger Tornado spotted on the ground near Terry. Copiah and southern Hinds County seek shelter!,1970-01-01 00:00:00.000040660,0,Delhi,1970-01-01,['shelter'],rt tornado spotted ground near terry copiah southern hinds county seek shelter
3239,"Exactly y I didn't go to wrk!RT @16WAPTNews: If you live anywhere in or near Terry, you need to be in your tornado shelter now! #mswx",1970-01-01 00:00:00.000040660,0,Hyderabad,1970-01-01,['shelter'],exactly y i didnt go wrkrt if you live anywhere near terry you need be your tornado shelter now
3240,RT @clarionledger: Tornado spotted on the ground near Terry. Copiah and southern Hinds County seek shelter!,1970-01-01 00:00:00.000040660,0,Bangalore,1970-01-01,['shelter'],rt tornado spotted ground near terry copiah southern hinds county seek shelter
3241,Find shelter! @jloganwxguy: Tornado on the ground near Harveill!! This is south of Poplar Bluff!! #MOWX,1970-01-01 00:00:00.000040660,0,Bangalore,1970-01-01,['shelter'],find shelter tornado ground near harveill this south poplar bluff
3242,Tornado spotted on the ground near Terry. Copiah and southern Hinds County seek shelter!,1970-01-01 00:00:00.000040660,1,Hyderabad,1970-01-01,['shelter'],tornado spotted ground near terry copiah southern hinds county seek shelter
3244,"If you live anywhere in or near Terry, you need to be in your tornado shelter now! #mswx",1970-01-01 00:00:00.000040660,1,Kolkata,1970-01-01,['shelter'],if you live anywhere near terry you need be your tornado shelter now
3248,@Tommy_In_Bama Huge tornado destroyed Cullman heading towards you! Take Shelter!,1970-01-01 00:00:00.000040660,1,Hyderabad,1970-01-01,['shelter'],huge tornado destroyed cullman heading towards you take shelter
3249,"Tornado warning in Florence, several more possible out of Mississippi. If you are in the Shoals seek shelter right now.",1970-01-01 00:00:00.000040660,1,Kolkata,1970-01-01,['shelter'],tornado warning florence several possible out mississippi if you shoals seek shelter right now
3257,"Not a good time to be in Huntsville, AL.  Took shelter today after tornado sirens went off.  3 times.  More storms to come.",1970-01-01 00:00:00.000040660,1,Bangalore,1970-01-01,['shelter'],good time be huntsville al took shelter today tornado sirens went off times storms come
3260,‚Äú@MikeyHollywood: Uh tornado warnings? True‚Äù shit eh :$ I guess we need shelter :$,1970-01-01 00:00:00.000040660,1,Mumbai,1970-01-01,['shelter'],uh tornado warnings true shit eh i guess we need shelter
3261,Tornado sirens!!! Oh no!! We are so far away from shelter!! #haulingass @randikayy,1970-01-01 00:00:00.000040660,1,Kolkata,1970-01-01,['shelter'],tornado sirens oh we far away shelter
3264,A ReSound Alera user reports a unique benefit of the wireless Unite TV accessory - stay tuned into your TV from the tornado shelter!,1970-01-01 00:00:00.000040660,1,Delhi,1970-01-01,['shelter'],resound alera user reports unique benefit wireless unite tv accessory stay tuned your tv tornado shelter
3265,Macon down to Shuqualak along HWY 45 need to take shelter immediately. Extremely large and dangerous tornado on the ground #mswx,1970-01-01 00:00:00.000040660,1,Delhi,1970-01-01,['shelter'],macon down shuqualak along hwy need take shelter immediately extremely large dangerous tornado ground
3268,"if you're anywhere near Cullman, AL, get to a shelter or safe place now. Ditch would be ok if nothing else. #tornado",1970-01-01 00:00:00.000040660,0,Kolkata,1970-01-01,['shelter'],if youre anywhere near cullman al get shelter safe place now ditch would be ok if nothing else
3269,MULTIPLE VORTEX TORNADO ON THE GROUND IN CULLMAN! SEEK SHELTER NOW!!! ABC 33/40 Main - ABC3340 http://www.ustream.tv/channel/ABC-33-40-Main¬†‚Ä¶,1970-01-01 00:00:00.000040660,1,Chennai,1970-01-01,['shelter'],multiple vortex tornado ground cullman seek shelter now abc main abc
3272,RT @deongordon: Tornado on the ground north of Birmingham in Cullman. Take shelter now. Be safe.,1970-01-01 00:00:00.000040660,0,Hyderabad,1970-01-01,['shelter'],rt tornado ground north birmingham cullman take shelter now be safe
3274,Take shelter. Large tornado on the ground in cullman.,1970-01-01 00:00:00.000040660,0,Chennai,1970-01-01,['shelter'],take shelter large tornado ground cullman
3275,Oh God! RT @deongordon: Tornado on the ground north of Birmingham in Cullman. Take shelter now. Be safe.,1970-01-01 00:00:00.000040660,1,Mumbai,1970-01-01,['shelter'],oh god rt tornado ground north birmingham cullman take shelter now be safe
3276,Tornado on the ground north of Birmingham in Cullman. Take shelter now. Be safe.,1970-01-01 00:00:00.000040660,1,Mumbai,1970-01-01,['shelter'],tornado ground north birmingham cullman take shelter now be safe
3277,Guys there is a really large tornado near nanih waiya mississippi. Please take shelter!!!,1970-01-01 00:00:00.000040660,1,Kolkata,1970-01-01,['shelter'],guys really large tornado near nanih waiya mississippi please take shelter
3278,"RT@childersryan: RT@jonacuff When did we stop saying ""tornado shelter?"" This ""go to ur safe place"" sounds like lav candles will b involved",1970-01-01 00:00:00.000040660,1,Hyderabad,1970-01-01,['shelter'],rt rt when did we stop saying tornado shelter this go ur safe place sounds like lav candles b involved
3279,@asuell1991 haha were taking shelter for a tornado now #lame,1970-01-01 00:00:00.000040660,0,Mumbai,1970-01-01,['shelter'],haha taking shelter tornado now
3284,So the tornado shelter is in the liquor closet #cool,1970-01-01 00:00:00.000040660,0,Mumbai,1970-01-01,['shelter'],tornado shelter liquor closet
3285,I come out of the storm shelter and look and there's a tornado directly above my house. I was all like :O,1970-01-01 00:00:00.000040660,0,Kolkata,1970-01-01,['shelter'],i come out storm shelter look theres tornado directly above my house i like o
3291,Cullman/Hanceville getting another huge storm that could be a tornado. Take shelter!,1970-01-01 00:00:00.000040660,1,Delhi,1970-01-01,['shelter'],cullmanhanceville getting another huge storm that could be tornado take shelter
3293,"RT @jonacuff: When did we stop saying ""tornado shelter?"" This ""go to your safe place"" sounds like lavender candles will be involved. #fb",1970-01-01 00:00:00.000040660,1,Delhi,1970-01-01,['shelter'],rt when did we stop saying tornado shelter this go your safe place sounds like lavender candles be involved
3294,‚Äú@S_U_P_A_QUE: @EliTeR3DPEARLZ @apollo_qreed u by yourself on that one dog..can't play wit a tornado‚ÄùÓà∞right Ron better seek shelterÓà±ÓÑïÓå∞ÓÑølol,1970-01-01 00:00:00.000040660,1,Hyderabad,1970-01-01,['shelter'],u yourself that one dogcant play wit tornadoright ron better seek shelterlol
3295,"This particular storm is now moving out of Decatur at this time, stay in your Tornado shelter for a couple of minutes.",1970-01-01 00:00:00.000040660,1,Kolkata,1970-01-01,['shelter'],this particular storm now moving out decatur this time stay your tornado shelter couple minutes
3296,=@warmaiden Green sky = tornado.  get thee to shelter.,1970-01-01 00:00:00.000040660,0,Mumbai,1970-01-01,['shelter'],green sky tornado get thee shelter
3297,Decatur/Trinity you should be in your Tornado shelter all ready.,1970-01-01 00:00:00.000040660,0,Kolkata,1970-01-01,['shelter'],decaturtrinity you should be your tornado shelter ready
3298,"Ok, so now we're getting e-mails about how to seek shelter during a tornado? Dude, just send us home!!!",1970-01-01 00:00:00.000040660,0,Kolkata,1970-01-01,['shelter'],ok now getting emails how seek shelter during tornado dude send us home
3299,"RT @WTVA_JWatson STRONG ROTATION E. of Coffeeville now, if you are in the path of this storm, take shelter now...likely producing a tornado!",1970-01-01 00:00:00.000040660,1,Delhi,1970-01-01,['shelter'],rt strong rotation e coffeeville now if you path this storm take shelter nowlikely producing tornado
3300,"CONFIRMED TORNADO IN APISON......TAKE SHELTER COLLEGEDALE, OOLTEWAH, APISON, CLEVELAND.",1970-01-01 00:00:00.000040660,0,Kolkata,1970-01-01,['shelter'],confirmed tornado apisontake shelter collegedale ooltewah apison cleveland
3301,Tornado spotted. My radio says seek shelter. So glad I'm driving to work. #sarcasm,1970-01-01 00:00:00.000040660,0,Kolkata,1970-01-01,['shelter'],tornado spotted my radio says seek shelter glad im driving work
3304,"If you live in near the Madden community in eastern Leake County, you still need to be in your tornado shelter #mswx",1970-01-01 00:00:00.000040660,0,Chennai,1970-01-01,['shelter'],if you live near madden community eastern leake county you still need be your tornado shelter
3306,"STRONG ROTATION E. of Coffeeville now, if you are in the path of this storm, take shelter now...likely producing a tornado!",1970-01-01 00:00:00.000040660,1,Bangalore,1970-01-01,['shelter'],strong rotation e coffeeville now if you path this storm take shelter nowlikely producing tornado
3308,"I'm not sure about all of these kids and teachers, but if a tornado is really coming, I'm heading to the shelter. #Eddieaintscared",1970-01-01 00:00:00.000040660,1,Chennai,1970-01-01,['shelter'],im sure these kids teachers but if tornado really coming im heading shelter
3309,"Paul Barys: Distinct Tornado signature over East Ridge, Rossville . Seek shelter",1970-01-01 00:00:00.000040660,1,Mumbai,1970-01-01,['shelter'],paul barys distinct tornado signature east ridge rossville seek shelter
3311,We are under a tornado Warning and the News on channel 7 said The University Of MS need to find a local shelter and don't be near windows.,1970-01-01 00:00:00.000040660,1,Chennai,1970-01-01,['shelter'],we tornado warning news channel said university ms need find local shelter dont be near windows
3312,@Rokk_D at a tornado shelter. ...other than that randomness I'm good,1970-01-01 00:00:00.000040660,1,Delhi,1970-01-01,['shelter'],tornado shelter that randomness im good
3315,"In the storm shelter, again. Under three separate tornado warnings. Hail is hitting the door. Glad I can get Internet down here.",1970-01-01 00:00:00.000040660,0,Kolkata,1970-01-01,['shelter'],storm shelter three separate tornado warnings hail hitting door glad i get internet down
3316,"RT @LivingSafely: NWS issues Tornado Warning for parts of #AL, #MS. Seek strong shelter now if at risk: http://ow.ly/4p9AD",1970-01-01 00:00:00.000040660,1,Bangalore,1970-01-01,['shelter'],rt nws issues tornado warning parts seek strong shelter now if risk
3321,"US/Silver Spring: NWS issues Tornado Warning for parts of #AL, #GA, #MS, #TN. Seek strong shelter now if at risk: http://ow.ly/4Ikup",1970-01-01 00:00:00.000040660,1,Kolkata,1970-01-01,['shelter'],ussilver spring nws issues tornado warning parts seek strong shelter now if risk
3324,Greg is really prepairing for this tornado lmao. He about to go to the shelter ctfu,1970-01-01 00:00:00.000040660,0,Kolkata,1970-01-01,['shelter'],greg really prepairing this tornado lmao he go shelter ctfu
3325,Paul Barys: Dunlap seek shelter now! Possible tornado less than 7 minutes away.,1970-01-01 00:00:00.000040660,0,Delhi,1970-01-01,['shelter'],paul barys dunlap seek shelter now possible tornado less minutes away
3330,there is a big tornado coming the wind is blowing so bad i need to take shelter lol,1970-01-01 00:00:00.000040660,1,Hyderabad,1970-01-01,['shelter'],big tornado coming wind blowing bad i need take shelter lol
3332,"If you know as many ppl in Alabama as I do, your FB feed looks like this: Tornado, Stairwell, Cyclone, Drinking, Tornado & Storm shelter.",1970-01-01 00:00:00.000040660,0,Delhi,1970-01-01,['shelter'],if you know as many ppl alabama as i do your fb feed looks like this tornado stairwell cyclone drinking tornado storm shelter
3333,@Tommy_In_Bama Your in the high risk today! 45% chance of a tornado near you. A line will go thru that's tornado warned bout now. #Shelter,1970-01-01 00:00:00.000040660,1,Kolkata,1970-01-01,['shelter'],your high risk today chance tornado near you line go thru thats tornado warned bout now
3336,"Arab take shelter now, the storm with the possible Tornado is almost on top of you.",1970-01-01 00:00:00.000040660,1,Delhi,1970-01-01,['shelter'],arab take shelter now storm possible tornado almost top you
3337,"When they say, ""U need 2 get in ur tornado shelter"", what do they expect the other 99% of us 2 do? #hugthetoilet",1970-01-01 00:00:00.000040660,1,Mumbai,1970-01-01,['shelter'],when they say u need get ur tornado shelter what do they expect us do
3338,A tornado warning has been issued for Madison County. Seek shelter immediately!      https://ww... Read more at http://bit.ly/lYDDxj,1970-01-01 00:00:00.000040660,1,Chennai,1970-01-01,['shelter'],tornado warning has been issued madison county seek shelter immediately read
3339,Been in the tornado shelter all morning. Have the worst migraine ever and I want to kill everyone I work with,1970-01-01 00:00:00.000040660,1,Kolkata,1970-01-01,['shelter'],been tornado shelter morning have worst migraine ever i want kill everyone i work
3341,Confirmed tornado seen in Athens Alabama as 2nd storm is now moving thru Athens and Decatur -- seek shelter #FB,1970-01-01 00:00:00.000040660,1,Delhi,1970-01-01,['shelter'],confirmed tornado seen athens alabama as nd storm now moving thru athens decatur seek shelter
3343,Sounds like a tornado went right over my house. Waiting for work to let us out of the shelter to investigate!,1970-01-01 00:00:00.000040660,0,Bangalore,1970-01-01,['shelter'],sounds like tornado went right my house waiting work let us out shelter investigate
3345,"Just got to work a few minutes ago, and the siren was going off with everyone in the tornado shelter. #shit",1970-01-01 00:00:00.000040660,0,Kolkata,1970-01-01,['shelter'],got work minutes ago siren going off everyone tornado shelter
3347,Hope you're okay & no damage! RT @amteatime: Tucker and I are in our bathroom tornado shelter again!!! Not liking this at all!!!,1970-01-01 00:00:00.000040660,0,Delhi,1970-01-01,['shelter'],hope youre okay damage rt tucker i our bathroom tornado shelter liking this
3350,@brookepatty Stuck at school? Grissom = prison/ultimate tornado shelter haha!,1970-01-01 00:00:00.000040660,0,Bangalore,1970-01-01,['shelter'],stuck school grissom prisonultimate tornado shelter haha
3352,Bored with this. (@ Tornado Shelter) http://4sq.com/lxn981,1970-01-01 00:00:00.000040660,1,Kolkata,1970-01-01,['shelter'],bored this tornado shelter
3353,So how much does a tornado shelter cost?,1970-01-01 00:00:00.000040660,1,Mumbai,1970-01-01,['shelter'],how much does tornado shelter cost
3355,I think I'll make a part II of my tornado shelter documentary. More tweets to come. Lol.,1970-01-01 00:00:00.000040660,0,Hyderabad,1970-01-01,['shelter'],i think ill make part ii my tornado shelter documentary tweets come lol
3357,Tornado warning? No problem! Our class is in the tornado shelter. Now we just have a lot more people who want training. Ha!,1970-01-01 00:00:00.000040660,0,Kolkata,1970-01-01,['shelter'],tornado warning problem our class tornado shelter now we have lot people who want training ha
3359,Not sure what to think when airport washroom also serves as tornado shelter.,1970-01-01 00:00:00.000040660,0,Bangalore,1970-01-01,['shelter'],sure what think when airport washroom also serves as tornado shelter
3362,The one day I actually go to the mall there's a tornado warning. Eerie here in the shelter area.,1970-01-01 00:00:00.000040660,0,Mumbai,1970-01-01,['shelter'],one day i actually go mall theres tornado warning eerie shelter area
3364,Worst storm day? They have my dad in a tornado shelter at work. And Mike is chillng in the hallways with his coworkers. And me? Meh. Lol,1970-01-01 00:00:00.000040660,1,Mumbai,1970-01-01,['shelter'],worst storm day they have my dad tornado shelter work mike chillng hallways his coworkers me meh lol
3365,"Asthma meds, Epi-Pens, #homeschool books....What would you put in your tornado shelter for safekeeping?  Other than family of course!",1970-01-01 00:00:00.000040660,1,Chennai,1970-01-01,['shelter'],asthma meds epipens bookswhat would you put your tornado shelter safekeeping family course
3367,"@gamurk @paigelansing I've taken shelter many times in Madison ""Tornado Magnet"" Cnty. There was an twister on the ground nearby each time.",1970-01-01 00:00:00.000040660,1,Delhi,1970-01-01,['shelter'],ive taken shelter many times madison tornado magnet cnty twister ground nearby time
3368,@ellejl18 @bonnieg88 @carriem007 @MrBrettYoung @nicwillis007 It passed safely! Just a small touch down! We put our tornado shelter to use!,1970-01-01 00:00:00.000040660,1,Chennai,1970-01-01,['shelter'],it passed safely small touch down we put our tornado shelter use
3372,Now some bitch just brings Arby's into the storm shelter area? ... Where I've been forced to wait until this 'tornado' passes.,1970-01-01 00:00:00.000040660,1,Bangalore,1970-01-01,['shelter'],now bitch brings arbys storm shelter area where ive been forced wait until this tornado passes
3374,I am turning my house into a storm/tornado shelter. Feel free to come over if you want to be safe.,1970-01-01 00:00:00.000040660,0,Hyderabad,1970-01-01,['shelter'],i am turning my house stormtornado shelter feel free come if you want be safe
3375,Our tornado shelter:)  http://instagr.am/p/Dm236/,1970-01-01 00:00:00.000040660,0,Bangalore,1970-01-01,['shelter'],our tornado shelter
3376,A tornado warning has been issued for Madison County.  Seek shelter immediately!      https://w... Read more at http://bit.ly/lmGGwj,1970-01-01 00:00:00.000040660,1,Bangalore,1970-01-01,['shelter'],tornado warning has been issued madison county seek shelter immediately read
3380,Hahahaha get in your tornado shelter @DaDivaEM,1970-01-01 00:00:00.000040660,0,Bangalore,1970-01-01,['shelter'],hahahaha get your tornado shelter
3385,Back in the tornado shelter again! looks like work is letting us out early.,1970-01-01 00:00:00.000040660,0,Chennai,1970-01-01,['shelter'],back tornado shelter looks like work letting us out early
3386,A tornado warning has been issued for Madison County.  Seek shelter immediately!      https://w... Read more at http://bit.ly/jc4mvr,1970-01-01 00:00:00.000040660,1,Delhi,1970-01-01,['shelter'],tornado warning has been issued madison county seek shelter immediately read
3388,Hahahaha get in your tornado shelter @ DaDivaEM,1970-01-01 00:00:00.000040660,0,Mumbai,1970-01-01,['shelter'],hahahaha get your tornado shelter dadivaem
3390,"We've got a big tornado heading straight for us. Off to the shelter, will check in when I can.",1970-01-01 00:00:00.000040660,0,Delhi,1970-01-01,['shelter'],weve got big tornado heading straight us off shelter check when i
3393,"If a tornado warning siren sounds, Gorgas remains open as a place of shelter. Safe area= 1st floor elevator lobby (not the basement!)",1970-01-01 00:00:00.000040660,0,Kolkata,1970-01-01,['shelter'],if tornado warning siren sounds gorgas remains open as place shelter safe area st floor elevator lobby basement
3395,STORM PRODUCING A TORNADO NEAR COLDWATER MOVING NORTHEAST AT 35 HURANDO YOU NEED TO BE IN YOUR TORNADO SHELTER NOW,1970-01-01 00:00:00.000040660,0,Mumbai,1970-01-01,"['water', 'shelter']",storm producing tornado near coldwater moving northeast hurando you need be your tornado shelter now
3396,Oh the faint whistle of a tornado siren. If I don't see the dang tornado this time then I am NOT taking shelter.,1970-01-01 00:00:00.000040660,0,Kolkata,1970-01-01,['shelter'],oh faint whistle tornado siren if i dont see dang tornado this time i am taking shelter
3398,Tornado alarms went off and 50 of us went into the breakroom for shelter. Can't wait for the really bad weather tonight!,1970-01-01 00:00:00.000040660,1,Delhi,1970-01-01,['shelter'],tornado alarms went off us went breakroom shelter cant wait really bad weather tonight
3399,"RT@jonacuff When did we stop saying tornado shelter? This ""go to your safe place"" sounds like lavender candles will be involved.//hahaha
#fb",1970-01-01 00:00:00.000040660,1,Mumbai,1970-01-01,['shelter'],rt when did we stop saying tornado shelter this go your safe place sounds like lavender candles be involvedhahaha
3401,@T_YATES18: we just left we izzzz goin to watch movies at my house cause i gotta tornado shelter :),1970-01-01 00:00:00.000040660,0,Chennai,1970-01-01,['shelter'],we left we izzzz goin watch movies my house cause i gotta tornado shelter
3402,Just had a 'shelter in place' drill. Good to know It's the same spot a few of us went to when the tornado siren's went off last summer.,1970-01-01 00:00:00.000040660,1,Delhi,1970-01-01,['shelter'],had shelter place drill good know its spot us went when tornado sirens went off last summer
3403,=@alisonblack523 its pretty nasty here. they ARE talking about making US take shelter but No word about a tornado.,1970-01-01 00:00:00.000040660,0,Kolkata,1970-01-01,['shelter'],its pretty nasty they talking making us take shelter but word tornado
3405,"...just got a text from our coach saying there's a tornado in Russellville, listen to the radio & seek shelter?!?! #great #fml",1970-01-01 00:00:00.000040660,1,Chennai,1970-01-01,['shelter'],got text our coach saying theres tornado russellville listen radio seek shelter
3406,This new addition makes me more excited to take shelter in the tornado tomorrow #megafort #party @SamHand44 http://plixi.com/p/96444955,1970-01-01 00:00:00.000040660,1,Mumbai,1970-01-01,['shelter'],this new addition makes me excited take shelter tornado tomorrow
3408,On the last day of class we all in the tornado shelter like we're in 2nd grade..this about to turn into a party! Yeaaaahhhh lol,1970-01-01 00:00:00.000040660,0,Hyderabad,1970-01-01,['shelter'],last day class we tornado shelter like nd gradethis turn party yeaaaahhhh lol
3409,"For the first time ever, i'm taking shelter from a tornado. you never know with chattanooga i guess...",1970-01-01 00:00:00.000040660,1,Chennai,1970-01-01,['shelter'],first time ever im taking shelter tornado you never know chattanooga i guess
3410,"RT @LivingSafely: NWS issues Tornado Warning for parts of #AL, #MS Seek strong shelter now if at risk: http://ow.ly/4p9AD",1970-01-01 00:00:00.000040660,1,Chennai,1970-01-01,['shelter'],rt nws issues tornado warning parts seek strong shelter now if risk
3411,Thanks tornado warning - I'm taking shelter in a bathroom with like 30 dudes... just how I envisioned my Wednesday #tornadowarning,1970-01-01 00:00:00.000040660,0,Delhi,1970-01-01,['shelter'],thanks tornado warning im taking shelter bathroom like dudes how i envisioned my wednesday
3412,"Lovely. Tornado sirens went off so everyone is packed into the ""shelter"" & rumor making it's way down the hall is that we're stuck till noon",1970-01-01 00:00:00.000040660,0,Bangalore,1970-01-01,['shelter'],lovely tornado sirens went off everyone packed shelter rumor making its way down hall that stuck till noon
3415,Great now there's a tornado warning & I have to stand in a crowded tornado shelter full of fucktards,1970-01-01 00:00:00.000040660,0,Hyderabad,1970-01-01,['shelter'],great now theres tornado warning i have stand crowded tornado shelter full fucktards
3416,Beautiful day.. Can't wait to start building the bomb shelter / tornado shelter with J and @acpxc1992 ! #shirtless,1970-01-01 00:00:00.000040660,0,Mumbai,1970-01-01,['shelter'],beautiful day cant wait start building bomb shelter tornado shelter j
3417,Lovely way to start the day...take my son to school and end up in the tornado shelter room with him and his class.,1970-01-01 00:00:00.000040660,0,Bangalore,1970-01-01,['shelter'],lovely way start daytake my son school end tornado shelter room him his class
3418,"US/Silver Spring: NWS issues Tornado Warning for parts of #AL, #MS. Seek strong shelter now if at risk: http://ow.ly/4I9fY",1970-01-01 00:00:00.000040660,1,Bangalore,1970-01-01,['shelter'],ussilver spring nws issues tornado warning parts seek strong shelter now if risk
3419,"wise words from my teacher after seeking shelter from the tornado..""lets just cancel class and go home and drink!"" well if you insist..",1970-01-01 00:00:00.000040660,0,Mumbai,1970-01-01,['shelter'],wise words my teacher seeking shelter tornadolets cancel class go home drink well if you insist
3420,It's been a long time since I've had to shelter for a potential tornado.  They actually sounded the alarm and it wasn't a drill.  Wow!,1970-01-01 00:00:00.000040660,0,Mumbai,1970-01-01,['shelter'],its been long time since ive had shelter potential tornado they actually sounded alarm it wasnt drill wow
3422,Imagine being 9mos pregnant w/ contractions in a tornado shelter? We met a woman who went through it @ABCWorldNews http://soc.li/sCCmiyZ¬†,1970-01-01 00:00:00.000040660,1,Kolkata,1970-01-01,['shelter'],imagine being mos pregnant w contractions tornado shelter we met woman who went through it
3423,Had to take shelter earlier at work. Tornado touched down in Georgetown,1970-01-01 00:00:00.000040660,1,Delhi,1970-01-01,['shelter'],had take shelter earlier work tornado touched down georgetown
3424,my excuse for not going to my 8am.. i was seeking shelter from the tornado.. #seemslegit.. hahah,1970-01-01 00:00:00.000040660,0,Kolkata,1970-01-01,['shelter'],my excuse going my am i seeking shelter tornado hahah
3425,Work sounded a tornado alarm today. Spent 20 minutes in shelter spot till all clear.,1970-01-01 00:00:00.000040660,0,Bangalore,1970-01-01,['shelter'],work sounded tornado alarm today spent minutes shelter spot till clear
3426,I kinda hope the storm hits really hard while I'm taking the test. I wanna go into the tornado shelter.,1970-01-01 00:00:00.000040660,0,Delhi,1970-01-01,['shelter'],i kinda hope storm hits really hard while im taking test i wanna go tornado shelter
3428,#StLouis Chapter Red Cross -  Shelter and Clean-Up Supplies Available:  http://ow.ly/4HJD8 #Tornado #Flood #Midwest,1970-01-01 00:00:00.000040660,0,Bangalore,1970-01-01,['shelter'],chapter red cross shelter cleanup supplies available
3429,OKAY who has a tornado shelter or a boat i can borrow?,1970-01-01 00:00:00.000040660,1,Bangalore,1970-01-01,['shelter'],okay who has tornado shelter boat i borrow
3430,Its really dark outside :-( better get my tornado shelter together...,1970-01-01 00:00:00.000040660,1,Mumbai,1970-01-01,['shelter'],its really dark outside better get my tornado shelter together
3431,=@chcathers Yes We ARE good...that pic was sure scary!We gathered kiddos up in our TORNADO shelter areas...,1970-01-01 00:00:00.000040660,0,Mumbai,1970-01-01,['shelter'],yes we goodthat pic sure scarywe gathered kiddos our tornado shelter areas
3432,"Ha! RT @jonacuff: When did we stop saying ""tornado shelter?"" This ""go to your safe place"" sounds like lavender candles will be involved.",1970-01-01 00:00:00.000040660,0,Mumbai,1970-01-01,['shelter'],ha rt when did we stop saying tornado shelter this go your safe place sounds like lavender candles be involved
3433,"Logan: Another active day today. Be safe. If a tornado warning is issued for your area, seek shelter immediately!",1970-01-01 00:00:00.000040660,1,Delhi,1970-01-01,['shelter'],logan another active day today be safe if tornado warning issued your area seek shelter immediately
3436,Holy Cow! I have never seen schools cancelled for severe weather. I'm gonna go ahead and figure out the Vol Networks best tornado shelter.,1970-01-01 00:00:00.000040660,0,Delhi,1970-01-01,['shelter'],holy cow i have never seen schools cancelled severe weather im gonna go ahead figure out vol networks best tornado shelter
3439,RT @PSafety: Go to your shelter.  Line of storm headed directly towards us that may produce a tornado.  Circulation. http://nixle.us/7RG4S,1970-01-01 00:00:00.000040660,0,Mumbai,1970-01-01,['shelter'],rt go your shelter line storm headed directly towards us that may produce tornado circulation
3443,A tornado warning has been issued for the area of the U.A.H. campus. Seek shelter immediately! ... Read more at http://bit.ly/eYb13Z,1970-01-01 00:00:00.000040660,1,Mumbai,1970-01-01,['shelter'],tornado warning has been issued area uah campus seek shelter immediately read
3446,Go to your shelter.  Line of storm headed directly towards us that may produce a tornado.  Circulation. http://nixle.us/7RG4S,1970-01-01 00:00:00.000040660,0,Hyderabad,1970-01-01,['shelter'],go your shelter line storm headed directly towards us that may produce tornado circulation
3447,"Eventful start 2 the day with tornado warnings in AL. Rooms were called 2 go 2 the shelter but I missed it, lol. It all passed, all good. :)",1970-01-01 00:00:00.000040660,0,Mumbai,1970-01-01,['shelter'],eventful start day tornado warnings al rooms called go shelter but i missed it lol it passed good
3448,Tornado warning in effect until 10:30am. Seek shelter immediately in lower levels until the all clear is given.,1970-01-01 00:00:00.000040660,0,Mumbai,1970-01-01,['shelter'],tornado warning effect until am seek shelter immediately lower levels until clear given
3449,"Lots to do today, first up...uh oh, hold that...another tornado warning, gotta seek shelter!",1970-01-01 00:00:00.000040660,0,Kolkata,1970-01-01,['shelter'],lots do today first upuh oh hold thatanother tornado warning gotta seek shelter
3453,Next time UK calls/texts me 10 times to seek shelter for a tornado warning at 8:00am.. There better be a damn tornado.,1970-01-01 00:00:00.000040660,0,Delhi,1970-01-01,['shelter'],next time uk callstexts me times seek shelter tornado warning am better be damn tornado
3460,to the prof that told our class we couldn't seek shelter with them in the basement for a tornado... you're rude and mean!,1970-01-01 00:00:00.000040660,1,Mumbai,1970-01-01,['shelter'],prof that told our class we couldnt seek shelter them basement tornado youre rude mean
3464,Tornado shelter pix from PRO Riders.  All hunkered down from Tornado warnings. Lively Eventing season so far http://on.fb.me/ex2Lfv #RK3E,1970-01-01 00:00:00.000040660,1,Hyderabad,1970-01-01,['shelter'],tornado shelter pix pro riders hunkered down tornado warnings lively eventing season far
3465,Where is your tornado shelter?  We suggest a bedroom closet!  Be safe Brookstone Residents!,1970-01-01 00:00:00.000040660,0,Bangalore,1970-01-01,['shelter'],where your tornado shelter we suggest bedroom closet be safe brookstone residents
3466,We are suppost to be in shelter but I am still in my bed. I hope a tornado does not actually touch down.,1970-01-01 00:00:00.000040660,0,Kolkata,1970-01-01,['shelter'],we suppost be shelter but i am still my bed i hope tornado does actually touch down
3467,Glad to have A/C again. It was stuffy in the tornado shelter. #NotComplaining #ItCouldHaveBeenWorse #CHAwx #NWGAwx,1970-01-01 00:00:00.000040660,0,Kolkata,1970-01-01,['shelter'],glad have ac it stuffy tornado shelter
3471,Due to the tornado outside I'm in a storm shelter ÓÅãÓÑΩÓÅâ,1970-01-01 00:00:00.000040660,0,Mumbai,1970-01-01,['shelter'],due tornado outside im storm shelter
3474,"Tuesday marked the 20th anniv. of the Andover, KS, 'overpass' tornado: http://youtu.be/lHBZylcxIvw  Overpasses DON'T provide shelter!",1970-01-01 00:00:00.000040660,0,Mumbai,1970-01-01,['shelter'],tuesday marked th anniv andover ks overpass tornado overpasses dont provide shelter
3477,"Umm, is it bad that I don't know where our tornado shelter is? Oh well, guess I'll be chillin in the bathtub...lol!!",1970-01-01 00:00:00.000040660,1,Chennai,1970-01-01,['shelter'],umm it bad that i dont know where our tornado shelter oh well guess ill be chillin bathtublol
3478,There's a tornado back home. Told my mom to take shelter and her behind is still in bed saying she'll just hide under it.smh.,1970-01-01 00:00:00.000040660,1,Mumbai,1970-01-01,['shelter'],theres tornado back home told my mom take shelter her behind still bed saying shell hide itsmh
3482,Tornado shelter location? Wonderful :(,1970-01-01 00:00:00.000040660,1,Kolkata,1970-01-01,['shelter'],tornado shelter location wonderful
3484,"hell no i wont go seakin shelter, i do what i want! #winning there is no tornado",1970-01-01 00:00:00.000040660,0,Kolkata,1970-01-01,['shelter'],hell i wont go seakin shelter i do what i want tornado
3485,Finally back from aldersgate lounge/tornado shelter and brewing my first cup of coffee of the day. #itsthelittlethings,1970-01-01 00:00:00.000040660,0,Chennai,1970-01-01,['shelter'],finally back aldersgate loungetornado shelter brewing my first cup coffee day
3486,Love going to tornado shelter during school.,1970-01-01 00:00:00.000040660,0,Mumbai,1970-01-01,['shelter'],love going tornado shelter during school
3487,"Weather Service issued Tornado Warning, Wind Advisory, & Severe Thunderstorm Warning. Be prepared to seek shelter if necessary. Be careful!",1970-01-01 00:00:00.000040660,1,Bangalore,1970-01-01,['shelter'],weather service issued tornado warning wind advisory severe thunderstorm warning be prepared seek shelter if necessary be careful
3489,Most of Northern KY is under a severe thunderstorm warning. Scott County under tornado warning. Seek shelter now.,1970-01-01 00:00:00.000040660,1,Kolkata,1970-01-01,['shelter'],northern ky severe thunderstorm warning scott county tornado warning seek shelter now
3490,"""I am in a trailer-like building. It has a bulls-eye on top of it."" -Morty reflects on the merits of his tornado shelter",1970-01-01 00:00:00.000040660,1,Delhi,1970-01-01,['shelter'],i am trailerlike building it has bullseye top it morty reflects merits his tornado shelter
3491,"@hannahthornton beautiful!! Im jealous! We woke up to tornado sirens at 5:30am and your mom calling in a panic voice ""take shelter""!!!!",1970-01-01 00:00:00.000040660,1,Hyderabad,1970-01-01,['shelter'],beautiful im jealous we woke tornado sirens am your mom calling panic voice take shelter
3493,"Where I'm from tornado alarms mean ""tornado on the ground, get your ass under shelter."" Here it means ""this looks kind of like maybe scary.""",1970-01-01 00:00:00.000040660,1,Bangalore,1970-01-01,['shelter'],where im tornado alarms mean tornado ground get your ass shelter it means this looks kind like maybe scary
3496,Welcome to our tornado shelter...   http://twitpic.com/4q4bpz,1970-01-01 00:00:00.000040660,0,Hyderabad,1970-01-01,['shelter'],welcome our tornado shelter
3497,RT @iWitnessWeather: Taking shelter in Chattanooga.  #Tornado sighted near Lookout Mountain:  http://twitpic.com/4q48g0  #severe,1970-01-01 00:00:00.000040660,1,Mumbai,1970-01-01,['shelter'],rt taking shelter chattanooga sighted near lookout mountain
3499,We were just advised to take shelter under our desks due to tornado spotted in our immediate area,1970-01-01 00:00:00.000040660,1,Mumbai,1970-01-01,['shelter'],we advised take shelter our desks due tornado spotted our immediate area
3500,"Positive of my office being a tornado shelter, I get to stay comfy in my chair.  The negative: http://twitpic.com/4q4asi visitors",1970-01-01 00:00:00.000040660,1,Mumbai,1970-01-01,['shelter'],positive my office being tornado shelter i get stay comfy my chair negative visitors
3503,RT @iWitnessWeather: Taking shelter in Chattanooga. #Tornado sighted near Lookout Mountain #CHAwx #CHAweather,1970-01-01 00:00:00.000040660,1,Bangalore,1970-01-01,['shelter'],rt taking shelter chattanooga sighted near lookout mountain
3507,Walkin to class scared cuz its 8am n it looks like 10pm :( n the cop yells at me thru his walkie talkie TORNADO WARNIN TAKE SHELTER :((,1970-01-01 00:00:00.000040660,1,Bangalore,1970-01-01,['shelter'],walkin class scared cuz its am n it looks like pm n cop yells me thru his walkie talkie tornado warnin take shelter
3508,"having a county wide tornado alert & receiving a UK alert requesting to seek shelter, yet still having class. #OAUK. http://www.onlyatuk.com/index.php?request=like&id=170¬†‚Ä¶",1970-01-01 00:00:00.000040660,1,Kolkata,1970-01-01,['shelter'],having county wide tornado alert receiving uk alert requesting seek shelter yet still having class
3513,taking shelter from the tornado in the swim locker rooms during HBA= AWESOME!,1970-01-01 00:00:00.000040660,1,Hyderabad,1970-01-01,['shelter'],taking shelter tornado swim locker rooms during hba awesome
3514,"Under a tornado watch til noon, news saying seek shelter, strong damaging winds, the storm radio keeps going off Ummm I think I'm scared!",1970-01-01 00:00:00.000040660,1,Mumbai,1970-01-01,['shelter'],tornado watch til noon news saying seek shelter strong damaging winds storm radio keeps going off ummm i think im scared
3515,Were under a tornado warning! Be safe and seek shelter now,1970-01-01 00:00:00.000040660,0,Mumbai,1970-01-01,['shelter'],tornado warning be safe seek shelter now
3517,Uk has issued a tornado warning and to seek shelter yet I'm still on my way to class! Kinda scared for my life right now!,1970-01-01 00:00:00.000040660,1,Chennai,1970-01-01,['shelter'],uk has issued tornado warning seek shelter yet im still my way class kinda scared my life right now
3518,@universityofky does this tornado warning mean that class is cancelled? Pretty sure I can't seek shelter between my house and Gatton.,1970-01-01 00:00:00.000040660,1,Kolkata,1970-01-01,['shelter'],does this tornado warning mean that class cancelled pretty sure i cant seek shelter between my house gatton
3519,Tornado WARNING for Chattanooga!! Heavy rotation indicated on radar. Take shelter immediately.,1970-01-01 00:00:00.000040660,1,Hyderabad,1970-01-01,['shelter'],tornado warning chattanooga heavy rotation indicated radar take shelter immediately
3522,Sitting in the tornado shelter at work #great,1970-01-01 00:00:00.000040660,1,Kolkata,1970-01-01,['shelter'],sitting tornado shelter work
3524,tornado warning in bradley county. Please find shelter and stay safe.,1970-01-01 00:00:00.000040660,0,Delhi,1970-01-01,['shelter'],tornado warning bradley county please find shelter stay safe
3533,"Stay safe, take shelter .RT @NashvilleUpdate Strong storms underway in Midstate; several tornado warnings issued  http://sns.mx/gYdSy7",1970-01-01 00:00:00.000040660,0,Bangalore,1970-01-01,['shelter'],stay safe take shelter rt strong storms underway midstate several tornado warnings issued
3537,Thanks womens bb for letting us use your locker room as a tornado shelter last night aft the game.,1970-01-01 00:00:00.000040660,0,Hyderabad,1970-01-01,['shelter'],thanks womens bb letting us use your locker room as tornado shelter last night aft game
3540,Chilling in the tornado shelter at tech. At this point im really hoping my first prof cancels class.,1970-01-01 00:00:00.000040660,0,Mumbai,1970-01-01,['shelter'],chilling tornado shelter tech this point im really hoping my first prof cancels class
3542,I'm glad my office doesn't have windows. I'm in my very own tornado shelter.,1970-01-01 00:00:00.000040660,0,Kolkata,1970-01-01,['shelter'],im glad my office doesnt have windows im my tornado shelter
3543,"dat ""wizard of oz"" typa talk RT @ilov3chels: @ELSomner1 me too! The news is talking about take shelter its a tornado warning and sh*t :-/",1970-01-01 00:00:00.000040660,1,Kolkata,1970-01-01,['shelter'],dat wizard oz typa talk rt me news talking take shelter its tornado warning sht
3544,Be safe. RT @monicarix Daniel and I had to take shelter. We're close to this tornado. Sirens are blaring. I may or may not poop myself.,1970-01-01 00:00:00.000040660,0,Mumbai,1970-01-01,['shelter'],be safe rt daniel i had take shelter close this tornado sirens blaring i may may poop myself
3545,"RT @jonacuff When did we stop saying ""tornado shelter?"" This ""go to your safe place"" sounds like lavender candles will be involved. #fb",1970-01-01 00:00:00.000040660,1,Hyderabad,1970-01-01,['shelter'],rt when did we stop saying tornado shelter this go your safe place sounds like lavender candles be involved
3546,......annnnd just come out of shelter and trees down in our yard & the neighborhood. Tornado definitely came thru here. No power either.,1970-01-01 00:00:00.000040660,1,Bangalore,1970-01-01,['shelter'],annnnd come out shelter trees down our yard neighborhood tornado definitely came thru power either
3547,Tornado warning.  This looks bad.  Taking shelter.,1970-01-01 00:00:00.000040660,1,Hyderabad,1970-01-01,['shelter'],tornado warning this looks bad taking shelter
3549,"Ha ha.  RT @jonacuff: When did we stop saying ""tornado shelter?"" This ""go to your safe place"" sounds like lavender candles will be involved.",1970-01-01 00:00:00.000040660,1,Hyderabad,1970-01-01,['shelter'],ha ha rt when did we stop saying tornado shelter this go your safe place sounds like lavender candles be involved
3550,Homes hit by a tornado confirmed by teh Rutherford county deputy in Murfreesboro.....TAKE SHELTER NOW!!!!!,1970-01-01 00:00:00.000040660,1,Delhi,1970-01-01,['shelter'],homes hit tornado confirmed teh rutherford county deputy murfreesborotake shelter now
3551,LOL! I had to pull mom into the Tornado shelter while she was trying to sleep. HOW DOES IT FEEL? Not very good I'll tell u that. She naps.,1970-01-01 00:00:00.000040660,1,Chennai,1970-01-01,['shelter'],lol i had pull mom tornado shelter while she trying sleep how does it feel good ill tell u that she naps
3554,"RT @jonacuff: When did we stop saying ""tornado shelter?"" This ""go to your safe place"" sounds like lavender candles will be involved.",1970-01-01 00:00:00.000040660,1,Mumbai,1970-01-01,['shelter'],rt when did we stop saying tornado shelter this go your safe place sounds like lavender candles be involved
3559,Good run to the fitness room to seek shelter for another #tornado scare...it's 5 in the a.m. and now I'm wide awake! #notcool,1970-01-01 00:00:00.000040660,1,Kolkata,1970-01-01,['shelter'],good run fitness room seek shelter another scareits am now im wide awake
3561,"Maybe a little late, but our studio doubles as a tornado shelter.  Maybe we should offer half price sessions in... http://fb.me/IClixpnh",1970-01-01 00:00:00.000040660,1,Chennai,1970-01-01,['shelter'],maybe little late but our studio doubles as tornado shelter maybe we should offer half price sessions
3562,@SamChampion we are all in our tornado shelter in Alabama!  The winds are horrible!,1970-01-01 00:00:00.000040660,1,Chennai,1970-01-01,['shelter'],we our tornado shelter alabama winds horrible
3564,"Haha! RT @jonacuff: When did we stop saying ""tornado shelter?"" This ""go to your safe place"" sounds like lavender candles will be involved.",1970-01-01 00:00:00.000040660,1,Bangalore,1970-01-01,['shelter'],haha rt when did we stop saying tornado shelter this go your safe place sounds like lavender candles be involved
3568,"Very strong circulation w/ the tornado warned storm moving through NW Clay County, you need to take shelter now!!",1970-01-01 00:00:00.000040660,1,Mumbai,1970-01-01,['shelter'],strong circulation w tornado warned storm moving through nw clay county you need take shelter now
3572,"Lol..RT @jonacuff: When did we stop saying ""tornado shelter?"" This ""go to your safe place"" sounds like lavender candles will be involved.",1970-01-01 00:00:00.000040660,1,Kolkata,1970-01-01,['shelter'],lolrt when did we stop saying tornado shelter this go your safe place sounds like lavender candles be involved
3574,"Survived after my first trip to the Tornado shelter,  very informative. Sleep is calling me.",1970-01-01 00:00:00.000040660,1,Mumbai,1970-01-01,['shelter'],survived my first trip tornado shelter informative sleep calling me
3575,"For example, complaining about seeking shelter and mimicking the tornado sirens out in the quad is immature. This isn't high school.",1970-01-01 00:00:00.000040660,1,Chennai,1970-01-01,['shelter'],example complaining seeking shelter mimicking tornado sirens out quad immature this isnt high school
3578,"=@Ambient_Skater a TORNADO went through Topeka yesterday And destroyed a lot of houses. Mine included. Yup, i now live at a homeless shelter.",1970-01-01 00:00:00.000040660,1,Mumbai,1970-01-01,['shelter'],tornado went through topeka yesterday destroyed lot houses mine included yup i now live homeless shelter
3579,": ) RT ‚Äú@jonacuff: When did we stop saying ""tornado shelter?"" This ""go to your safe place"" sounds like lavender candles will be involved.‚Äù",1970-01-01 00:00:00.000040660,1,Bangalore,1970-01-01,['shelter'],rt when did we stop saying tornado shelter this go your safe place sounds like lavender candles be involved
3580,"Ha ha - RT @jonacuff When did we stop saying ""tornado shelter?"" This ""go to your safe place"" sounds like lavender candles will be involved.",1970-01-01 00:00:00.000040660,1,Kolkata,1970-01-01,['shelter'],ha ha rt when did we stop saying tornado shelter this go your safe place sounds like lavender candles be involved
3581,"""@jonacuff: When did we stop saying ""tornado shelter?"" This ""go to your safe place"" sounds like lavender candles will be involved.""",1970-01-01 00:00:00.000040660,1,Hyderabad,1970-01-01,['shelter'],when did we stop saying tornado shelter this go your safe place sounds like lavender candles be involved
3583,Hornets coach can take shelter at my apt from the tornado.,1970-01-01 00:00:00.000040660,0,Kolkata,1970-01-01,['shelter'],hornets coach take shelter my apt tornado
3584,"""Get in your safe spot."" Sounds more like an escapade than impending danger. #tornado (@ Tornado Shelter) http://4sq.com/ecoi8g",1970-01-01 00:00:00.000040660,0,Mumbai,1970-01-01,['shelter'],get your safe spot sounds like escapade impending danger tornado shelter
3586,"When did we stop saying ""tornado shelter?"" This ""go to your safe place"" sounds like lavender candles will be involved.",1970-01-01 00:00:00.000040660,1,Chennai,1970-01-01,['shelter'],when did we stop saying tornado shelter this go your safe place sounds like lavender candles be involved
3587,"Tornado sirens goin off, creepy voice on the intercom sayin to take shelter, and their are kids runnin aroud screamin outside #letsgopeay",1970-01-01 00:00:00.000040660,1,Chennai,1970-01-01,['shelter'],tornado sirens goin off creepy voice intercom sayin take shelter their kids runnin aroud screamin outside
3591,Law Enforcement reporting tornado on the ground in Dickson county along I-40......Take shelter right now!!!!,1970-01-01 00:00:00.000040660,1,Kolkata,1970-01-01,['shelter'],law enforcement reporting tornado ground dickson county along itake shelter right now
3592,Tornado suppose to hit @4am!! Wtf I'm not waking up to take fukn shelter that's bullshit weather should be sleep at dat time lol,1970-01-01 00:00:00.000040660,1,Chennai,1970-01-01,['shelter'],tornado suppose hit wtf im waking take fukn shelter thats bullshit weather should be sleep dat time lol
3593,"‚Äú@jonacuff: When did we stop saying ""tornado shelter?"" This ""go to your safe place"" sounds like lavender candles will be involved.‚Äù// LOL!",1970-01-01 00:00:00.000040660,1,Hyderabad,1970-01-01,['shelter'],when did we stop saying tornado shelter this go your safe place sounds like lavender candles be involved lol
3595,I'm about to just go sleep in the tornado shelter....this waiting is pathetic!,1970-01-01 00:00:00.000040660,1,Hyderabad,1970-01-01,['shelter'],im go sleep tornado shelterthis waiting pathetic
3596,I'm tired of seeing badly-dressed Arkies in news reports about tornado damage. That's why I keep a clean suit and tie in the storm shelter.,1970-01-01 00:00:00.000040660,1,Chennai,1970-01-01,['shelter'],im tired seeing badlydressed arkies news reports tornado damage thats why i keep clean suit tie storm shelter
3600,"@jonacuff When did we stop saying ""tornado shelter?"" This ""go to your safe place"" sounds like lavender candles will be involved. / Bawahaha!",1970-01-01 00:00:00.000040660,1,Kolkata,1970-01-01,['shelter'],when did we stop saying tornado shelter this go your safe place sounds like lavender candles be involved bawahaha
3605,"RT @LivingSafely: NWS issues Tornado Warning for parts of #LA, #TN, #TX. Seek strong shelter: http://ow.ly/4p9AD",1970-01-01 00:00:00.000040660,1,Chennai,1970-01-01,['shelter'],rt nws issues tornado warning parts seek strong shelter
3606,"RT @LivingSafely: NWS continues Tornado Warning for parts of #LA, #TN, #TX. Seek strong shelter if at risk: http://ow.ly/4p9AD",1970-01-01 00:00:00.000040660,1,Delhi,1970-01-01,['shelter'],rt nws continues tornado warning parts seek strong shelter if risk
3608,"@jonacuff: When did we stop saying ""tornado shelter?"" This ""go to your safe place"" sounds like lavender candles will be involved.",1970-01-01 00:00:00.000040660,1,Delhi,1970-01-01,['shelter'],when did we stop saying tornado shelter this go your safe place sounds like lavender candles be involved
3609,"US/Silver Spring: NWS continues Tornado Warning for parts of #LA, #TN, #TX. Seek strong shelter if at risk: http://ow.ly/4HJs9",1970-01-01 00:00:00.000040660,1,Delhi,1970-01-01,['shelter'],ussilver spring nws continues tornado warning parts seek strong shelter if risk
3610,"True!!! ‚Äú@jonacuff: When did we stop saying ""tornado shelter?"" This ""go to your safe place"" sounds like lavender candles will be involved.‚Äù",1970-01-01 00:00:00.000040660,1,Delhi,1970-01-01,['shelter'],true when did we stop saying tornado shelter this go your safe place sounds like lavender candles be involved
3612,More tornadic storms moving into Nashville in the next 24 hours. I need to dig a tornado shelter in the back.,1970-01-01 00:00:00.000040660,1,Chennai,1970-01-01,['shelter'],tornadic storms moving nashville next hours i need dig tornado shelter back
3614,":-) RT @jonacuff: When did we stop saying ""tornado shelter?"" This ""go to your safe place"" sounds like lavender candles will be involved.",1970-01-01 00:00:00.000040660,1,Kolkata,1970-01-01,['shelter'],rt when did we stop saying tornado shelter this go your safe place sounds like lavender candles be involved
3624,"PC meteorology???

RT @jonacuff When did we stop saying ""tornado shelter?"" This ""go to your safe place"" sounds like... http://tl.gd/a3pekv",1970-01-01 00:00:00.000040660,1,Delhi,1970-01-01,['shelter'],pc meteorology rt when did we stop saying tornado shelter this go your safe place sounds like
3625,"RT: @jonacuff When did we stop saying ""tornado shelter?"" This ""go to your safe place"" sounds like lavender candles will be involved.",1970-01-01 00:00:00.000040660,1,Hyderabad,1970-01-01,['shelter'],rt when did we stop saying tornado shelter this go your safe place sounds like lavender candles be involved
3626,"It's official @Starbucks = ideal place to take shelter during tornado warning - brick building, Internet, calming background music...",1970-01-01 00:00:00.000040660,0,Mumbai,1970-01-01,['shelter'],its official ideal place take shelter during tornado warning brick building internet calming background music
3629,"""When did we stop saying ""tornado shelter?"" This ""go to your safe place"" sounds like lavender candles will be involved."" via @jonacuff",1970-01-01 00:00:00.000040660,1,Chennai,1970-01-01,['shelter'],when did we stop saying tornado shelter this go your safe place sounds like lavender candles be involved via
3630,A **TORNADO WARNING** has just been issued for Houston county until 10:45pm.  Seek shelter if you live in or near Grapeland & Crockett.,1970-01-01 00:00:00.000040660,1,Bangalore,1970-01-01,['shelter'],tornado warning has been issued houston county until pm seek shelter if you live near grapeland crockett
3632,"@jonacuff: When did we stop saying ""tornado shelter?"" This ""go to your safe place"" sounds like lavender candles will be involved. > LMAO!",1970-01-01 00:00:00.000040660,1,Mumbai,1970-01-01,['shelter'],when did we stop saying tornado shelter this go your safe place sounds like lavender candles be involved lmao
3633,"""@jonacuff: When did we stop saying ""tornado shelter?"" This ""go to your safe place"" sounds like lavender candles will be involved."" Hahaha!!",1970-01-01 00:00:00.000040660,1,Kolkata,1970-01-01,['shelter'],when did we stop saying tornado shelter this go your safe place sounds like lavender candles be involved hahaha
3634,"Hahaha! RT @jonacuff: When did we stop saying ""tornado shelter?"" This ""go to your safe place"" sounds like lavender candles will be involved.",1970-01-01 00:00:00.000040660,1,Hyderabad,1970-01-01,['shelter'],hahaha rt when did we stop saying tornado shelter this go your safe place sounds like lavender candles be involved
3636,"LOL RT @jonacuff: When did we stop saying ""tornado shelter?"" This ""go to your safe place"" sounds like lavender candles will be involved.",1970-01-01 00:00:00.000040660,1,Kolkata,1970-01-01,['shelter'],lol rt when did we stop saying tornado shelter this go your safe place sounds like lavender candles be involved
3637,"‚Äú@jonacuff: When did we stop saying ""tornado shelter?"" This ""go to your safe place"" sounds like lavender candles will be involved.‚Äù//truedat",1970-01-01 00:00:00.000040660,1,Hyderabad,1970-01-01,['shelter'],when did we stop saying tornado shelter this go your safe place sounds like lavender candles be involvedtruedat
3639,Just left the tornado shelter to come watch the Laker game!,1970-01-01 00:00:00.000040660,0,Mumbai,1970-01-01,['shelter'],left tornado shelter come watch laker game
3640,It's still #tornado season. Watch 4 alerts~always be prepared~Make sure every1 knows where 2 shelter in homes & schools. #LA #TX #TN #info4,1970-01-01 00:00:00.000040660,1,Kolkata,1970-01-01,['shelter'],its still season watch alertsalways be preparedmake sure every knows where shelter homes schools
3641,Lol go to bed ma'am RT @MsDeeyah: This is why I've always wanted a tornado shelter.  But I want it to double as a panic room & (wo)man cave.,1970-01-01 00:00:00.000040660,1,Chennai,1970-01-01,['shelter'],lol go bed maam rt this why ive always wanted tornado shelter but i want it double as panic room woman cave
3643,"@ChickfilA Where to wait out a tornado? Hmm, how about ChickfilA? Thanks #first100 for free dinner and safe shelter!",1970-01-01 00:00:00.000040660,0,Hyderabad,1970-01-01,['shelter'],where wait out tornado hmm how chickfila thanks free dinner safe shelter
3645,Thanks @whats_the_felio and @vcgonzalez13 for the tornado shelter!,1970-01-01 00:00:00.000040660,0,Hyderabad,1970-01-01,['shelter'],thanks tornado shelter
3646,Out of the tornado shelter for now. More storms coming later tonight.,1970-01-01 00:00:00.000040660,1,Hyderabad,1970-01-01,['shelter'],out tornado shelter now storms coming later tonight
3650,"Taking shelter from the tornado...it's the best icebreaker ever! #lifegroup
http://yfrog.com/gzz5sayj¬†",1970-01-01 00:00:00.000040660,0,Bangalore,1970-01-01,['shelter'],taking shelter tornadoits best icebreaker ever
3653,For @wjstone: @WTVAmatt: @cjlemaster Ashland is the most likely area to be impacted by a tornado in the area... Need to stay in shelter.,1970-01-01 00:00:00.000040660,0,Delhi,1970-01-01,['shelter'],ashland likely area be impacted tornado area need stay shelter
3654,"so sad to miss senior wills, almost dropped the mic at Baylor beauties and am taking shelter from a tornado? cooollllll day.",1970-01-01 00:00:00.000040660,1,Delhi,1970-01-01,['shelter'],sad miss senior wills almost dropped mic baylor beauties am taking shelter tornado cooollllll day
3656,#TimSimpson is his own tornado shelter,1970-01-01 00:00:00.000040660,0,Delhi,1970-01-01,['shelter'],his tornado shelter
3658,=@cjlemaster Ashland is the most likely area to be impacted by a TORNADO in the WTVA viewing area... Certainly you need to Stay in shelter.,1970-01-01 00:00:00.000040660,0,Chennai,1970-01-01,['shelter'],ashland likely area be impacted tornado wtva viewing area certainly you need stay shelter
3661,=@BumpFire2012 people in a TORNADO warning Should not be watching TV!Get thee to a secure shelter.,1970-01-01 00:00:00.000040660,0,Kolkata,1970-01-01,['shelter'],people tornado warning should be watching tvget thee secure shelter
3662,"Radar indicating likely position of Tornado right over downtown Waco and heading towards the Baylor campus. Again, take shelter ASAP!",1970-01-01 00:00:00.000040660,1,Kolkata,1970-01-01,['shelter'],radar indicating likely position tornado right downtown waco heading towards baylor campus take shelter asap
3664,First time in a long time I actually went into my storm shelter spot thinking a tornado was going to hit,1970-01-01 00:00:00.000040660,0,Hyderabad,1970-01-01,['shelter'],first time long time i actually went my storm shelter spot thinking tornado going hit
3665,Its sad wen we r havin tornado warnings n i have to do my history hmwk in a storm shelter!!!,1970-01-01 00:00:00.000040660,1,Mumbai,1970-01-01,['shelter'],its sad wen we r havin tornado warnings n i have do my history hmwk storm shelter
3668,Lifegroup is the best to get stuck in a tornado with! Playing catch phrase. Not taking shelter.,1970-01-01 00:00:00.000040660,1,Delhi,1970-01-01,['shelter'],lifegroup best get stuck tornado playing catch phrase taking shelter
3669,In a tornado shelter were not Kansas anymore Toto. First front passed now being hit by second front.,1970-01-01 00:00:00.000040660,1,Kolkata,1970-01-01,['shelter'],tornado shelter kansas anymore toto first front passed now being hit second front
3672,"@redcrossny BAD DAY but doing our best! Hearing of Tornado Warnings in NY too. If you need expertise in taking shelter, we're your team!!",1970-01-01 00:00:00.000040660,1,Bangalore,1970-01-01,['shelter'],bad day but doing our best hearing tornado warnings ny if you need expertise taking shelter your team
3673,wind stopped and it's quiet outside (I'm really close to shelter tho) #tornado,1970-01-01 00:00:00.000040660,1,Chennai,1970-01-01,['shelter'],wind stopped its quiet outside im really close shelter tho
3674,"Praying for my paw paw, aunt, nanny, uncle and cousins who are in a severe tornado warning...they are right in the path and taking shelter.",1970-01-01 00:00:00.000040660,0,Kolkata,1970-01-01,['shelter'],praying my paw paw aunt nanny uncle cousins who severe tornado warningthey right path taking shelter
3675,thinking that a tornado shelter would be a good investment.,1970-01-01 00:00:00.000040660,0,Mumbai,1970-01-01,['shelter'],thinking that tornado shelter would be good investment
3676,"Anyone want to have a tornado party at my office and work with me?? For real, this building is a storm shelter. #tornado",1970-01-01 00:00:00.000040660,0,Kolkata,1970-01-01,['shelter'],anyone want have tornado party my office work me real this building storm shelter
3677,"Once again, all my friends in Mississippi and Memphis, be safe out there tonight. Be smart and seek shelter if you hear sirens!! #tornado",1970-01-01 00:00:00.000040660,0,Hyderabad,1970-01-01,['shelter'],my friends mississippi memphis be safe out tonight be smart seek shelter if you hear sirens
3679,RT@dretheace They telling us get in our tornado shelter bitch we ain't got no damn tornado shelters--->> LMAO!!!,1970-01-01 00:00:00.000040660,1,Delhi,1970-01-01,['shelter'],rt they telling us get our tornado shelter bitch we aint got damn tornado shelters lmao
3681,Tornado warning baycity MI sirens went off dude over intercom said get in shelter lol 2012 coming early,1970-01-01 00:00:00.000040660,0,Chennai,1970-01-01,['shelter'],tornado warning baycity mi sirens went off dude intercom said get shelter lol coming early
3682,"gets sick of these news reporters telling us to go home, get in shelter..oh a big tornado is coming....nothing never happens. #getyashitrite",1970-01-01 00:00:00.000040660,1,Kolkata,1970-01-01,['shelter'],gets sick these news reporters telling us go home get shelteroh big tornado comingnothing never happens
3683,‚Äú@jubilant_Iman: Everyone near LSUS PLEASE TAKE SHELTER...TORNADO might HEAD YOUR WAYÓå∑Óå∑Óå∑‚Äù,1970-01-01 00:00:00.000040660,1,Chennai,1970-01-01,['shelter'],everyone near lsus please take sheltertornado might head your way
3684,RT @dretheace They telling us get in our tornado shelter bitch we ain't got no damn tornado shelters <We do! Liquor on the shelves too! Lol,1970-01-01 00:00:00.000040660,1,Delhi,1970-01-01,['shelter'],rt they telling us get our tornado shelter bitch we aint got damn tornado shelters we do liquor shelves lol
3687,I love taking shelter for a tornado,1970-01-01 00:00:00.000040660,0,Hyderabad,1970-01-01,['shelter'],i love taking shelter tornado
3692,"@br3ntsp34d Considering the fact that I'm currently taking shelter from a large tornado, I'd watch your words. This COULD be my last tweet..",1970-01-01 00:00:00.000040660,1,Chennai,1970-01-01,['shelter'],considering fact that im currently taking shelter large tornado id watch your words this could be my last tweet
3693,"RT @LivingSafely: NWS issues Tornado Warning for parts of #AR, #KY, #LA, #MD, #MI, #MS, #TN, #TX. Seek strong shelter: http://ow.ly/4p9AD",1970-01-01 00:00:00.000040660,1,Chennai,1970-01-01,['shelter'],rt nws issues tornado warning parts seek strong shelter
3695,We have a tornado crossing I-65. That must be crazy! I love that I'm out driving while people are in shelter. Smh,1970-01-01 00:00:00.000040660,1,Chennai,1970-01-01,['shelter'],we have tornado crossing i that must be crazy i love that im out driving while people shelter smh
3696,"Possible #tornado on the ground near Axtell, #Texas. Very strong rotation on radar. Prairie Hill, Texas seek shelter! #TXWX Follow 4 updates",1970-01-01 00:00:00.000040660,0,Kolkata,1970-01-01,['shelter'],possible ground near axtell strong rotation radar prairie hill texas seek shelter follow updates
3700,"US/Silver Spring: NWS issues Tornado Warning for parts of #AR, #KY, #LA, #MD, #MI, #MS, #TN, #TX. Seek strong shelter: http://ow.ly/4HFQx",1970-01-01 00:00:00.000040660,1,Hyderabad,1970-01-01,['shelter'],ussilver spring nws issues tornado warning parts seek strong shelter
3701,Really getting tired of taking shelter #tornado warnings!,1970-01-01 00:00:00.000040660,1,Chennai,1970-01-01,['shelter'],really getting tired taking shelter warnings
3702,"Limestone county, #Texas reporting a large #tornado on the ground right now. Donie & Buffalo TX need to seek shelter! #TXWX Follow 4 updates",1970-01-01 00:00:00.000040660,1,Mumbai,1970-01-01,['shelter'],limestone county reporting large ground right now donie buffalo tx need seek shelter follow updates
3703,"Possible weak #tornado on the ground near Ross, #Texas. Seek shelter ENE. #TXWX Follow 4 updates.",1970-01-01 00:00:00.000040660,1,Bangalore,1970-01-01,['shelter'],possible weak ground near ross seek shelter ene follow updates
3705,"Sick of hearing the phrase ""Seek shelter immediately"". Seriously is tornado season almost over?",1970-01-01 00:00:00.000040660,0,Chennai,1970-01-01,['shelter'],sick hearing phrase seek shelter immediately seriously tornado season almost
3707,"Great, tornado warning. says seek shelter, fabulous. thanks mother nature, your a doll.",1970-01-01 00:00:00.000040660,0,Bangalore,1970-01-01,['shelter'],great tornado warning says seek shelter fabulous thanks mother nature your doll
3708,Sorry I can't get to all questions. At this point it's important to take shelter if under a tornado warning. Treat... http://fb.me/tC9RARsm,1970-01-01 00:00:00.000040660,1,Kolkata,1970-01-01,['shelter'],sorry i cant get questions this point its important take shelter if tornado warning treat
3710,Shelter for flood victims- Walnut Ridge Community Center /West Side Middle Tornado Shelter is open if needed.,1970-01-01 00:00:00.000040660,0,Delhi,1970-01-01,['shelter'],shelter flood victims walnut ridge community center west side middle tornado shelter open if needed
3713,"Still a possible #tornado on the ground heading toward #Glendale, #Kentucky. Seek shelter right now! #KYWX",1970-01-01 00:00:00.000040660,0,Bangalore,1970-01-01,['shelter'],still possible ground heading toward seek shelter right now
3714,"Confirmed #tornado on the ground heading toward #Blanchard, #Louisiana. Seek shelter now! #LAWX Follow for updates.",1970-01-01 00:00:00.000040660,1,Hyderabad,1970-01-01,['shelter'],confirmed ground heading toward seek shelter now follow updates
3730,"@itsellebabyyy hahahaha! as long is it isn't an extreme tornado warning, then taking shelter would be the better route! :P",1970-01-01 00:00:00.000040660,0,Hyderabad,1970-01-01,['shelter'],hahahaha as long it isnt extreme tornado warning taking shelter would be better route p
3732,OH MY.... tornado spotted right near us...we're scrambling for shelter!!!  #thiscouldbetheend #loveyall #niceknowingyou,1970-01-01 00:00:00.000040660,1,Kolkata,1970-01-01,['shelter'],oh my tornado spotted right near uswere scrambling shelter
3734,"=@JDBInCanada yepp & everyone thinks its here Still, so theyre in the dome(a basketball court in my town/TORNADO shelter) ha fail..",1970-01-01 00:00:00.000040660,1,Kolkata,1970-01-01,['shelter'],yepp everyone thinks its still theyre domea basketball court my towntornado shelter ha fail
3737,"We're sad to report that Tornado, one of the semi-ferals who stayed atop the cages in the back of the shelter, passed away this morning.",1970-01-01 00:00:00.000040660,1,Bangalore,1970-01-01,['shelter'],sad report that tornado one semiferals who stayed atop cages back shelter passed away this morning
3738,"Forget cuddling w/ someone were is the shelter when the tornado Hitts.
b/c I'm #real deal scared right now. :(",1970-01-01 00:00:00.000040660,1,Delhi,1970-01-01,['shelter'],forget cuddling w someone shelter when tornado hitts bc im deal scared right now
3739,Okay ...yeah yeah...take shelter if there is a tornado...I KNOW! I'm missing NKOTB on DWTS! lol,1970-01-01 00:00:00.000040660,0,Hyderabad,1970-01-01,['shelter'],okay yeah yeahtake shelter if tornadoi know im missing nkotb dwts lol
0,Amazing. TV reporting injuries and much vehicle and building damage at #STL Lambert airport. #tornado,1970-01-01 00:00:00.000040656,1,Chennai,1970-01-01,[],amazing tv reporting injuries much vehicle building damage lambert airport
1,Tornado Victims (Rockingham): You are not alone!!!! Come see us for your vehicle's true value BEFORE you talk to... http://bit.ly/g6Qf9o,1970-01-01 00:00:00.000040656,1,Delhi,1970-01-01,[],tornado victims rockingham you alone come see us your vehicles true value before you talk
4,Photo of the week! http://on.fb.me/eNdzF5  The Storm Chasers Tornado Intercept Vehicle Crew at @TheFranklin! #curious?,1970-01-01 00:00:00.000040657,1,Delhi,1970-01-01,[],photo week storm chasers tornado intercept vehicle crew
6,How to help the tornado victims: It's a half million dollar vehicle that helps with communications. It's one of ...  http://bit.ly/b0CYjb,1970-01-01 00:00:00.000040664,0,Chennai,1970-01-01,[],how help tornado victims its half million dollar vehicle that helps communications its one
7,Stories about Tornado victims are some of the saddest I've heard. Wish I had a vehicle I could trust to make it down South. Or afford gas.,1970-01-01 00:00:00.000040664,1,Kolkata,1970-01-01,[],stories tornado victims saddest ive heard wish i had vehicle i could trust make it down south afford gas
15,Local tornado victims...YOU ARE NOT ALONE.....Get your Free Vehicle Value from us.......Know what your vehicle is... http://fb.me/GTBYlbgU,1970-01-01 00:00:00.000040655,0,Bangalore,1970-01-01,[],local tornado victimsyou aloneget your free vehicle value usknow what your vehicle
16,"We have all heard it, but why is your vehicle a bad place to be during a tornado?  http://bit.ly/h6w6a6   #fb",1970-01-01 00:00:00.000040655,1,Kolkata,1970-01-01,[],we have heard it but why your vehicle bad place be during tornado
24,Interesting read on Tornado Stormchasers use of an armored vehicle http://bit.ly/dIbQsG,1970-01-01 00:00:00.000040654,1,Hyderabad,1970-01-01,[],interesting read tornado stormchasers use armored vehicle
25,Looking at some tornado damage... Holy crap.  But are we there yet?  Need to be out of a moving vehicle!,1970-01-01 00:00:00.000040654,1,Kolkata,1970-01-01,[],looking tornado damage holy crap but we yet need be out moving vehicle
30,They say 1 of the worst places to be during a tornado is in a vehicle.  Tornado Safety Tips from @TFMTweets  http://ow.ly/4HpU9,1970-01-01 00:00:00.000040659,1,Chennai,1970-01-01,[],they say worst places be during tornado vehicle tornado safety tips
31,Showtime... Hope this tornado dnt fuck up my vehicle,1970-01-01 00:00:00.000040659,1,Delhi,1970-01-01,[],showtime hope this tornado dnt fuck my vehicle
32,=@dj45williams dude you ARE awesome. you ARE like the guy with the TORNADO coming towards the vehicle.,1970-01-01 00:00:00.000040659,1,Kolkata,1970-01-01,[],dude you awesome you like guy tornado coming towards vehicle
38,Ok RT @Sonnieswagg: @NubileUntouched no its a tornado damaged vehicle,1970-01-01 00:00:00.000040663,1,Hyderabad,1970-01-01,[],ok rt its tornado damaged vehicle
40,"Red Cross sends San Antonio manpower, supplies to tornado-devastated areas: Nearly 40 emergency response vehicle... http://bit.ly/lcbcQj",1970-01-01 00:00:00.000040663,0,Hyderabad,1970-01-01,[],red cross sends san antonio manpower supplies tornadodevastated areas nearly emergency response vehicle
48,"Tornado vdeo taken from a vehicle on I-95 in Dunn, NC by a 12 year old on his iPhone. http://bit.ly/hgkGlq #dumbestdadever",1970-01-01 00:00:00.000040653,1,Mumbai,1970-01-01,[],tornado vdeo taken vehicle i dunn nc year old his iphone
55,"Me-""what vehicle is that? A tornado watcher?"" mom-""callie. Just because its raining doesn't mean there's gonna be a tornado."" LOLOL",1970-01-01 00:00:00.000040661,1,Hyderabad,1970-01-01,[],mewhat vehicle that tornado watcher momcallie because its raining doesnt mean theres gonna be tornado lolol
57,KidOne charity lost a much needed medical transport vehicle in the tornado. Anyone moved 2 donate can contact them at http://www.kidone.org/,1970-01-01 00:00:00.000040661,1,Bangalore,1970-01-01,[],kidone charity lost much needed medical transport vehicle tornado anyone moved donate contact them
58,RT @UABNews: Dr. Rue says severity of #tornado injuries remarkable. Similar to high-speed motor vehicle accidents.,1970-01-01 00:00:00.000040661,1,Kolkata,1970-01-01,[],rt dr rue says severity injuries remarkable similar highspeed motor vehicle accidents
59,"=@huskermania i Still wanna go TORNADO chasing, but that close in an unprotected vehicle is too dangerous",1970-01-01 00:00:00.000040661,1,Bangalore,1970-01-01,[],i still wanna go tornado chasing but that close unprotected vehicle dangerous
60,RT @DTALLMUSIC: Where is the worst place to be during a Tornado? < The top floor or in a vehicle,1970-01-01 00:00:00.000040661,1,Kolkata,1970-01-01,[],rt where worst place be during tornado top floor vehicle
61,"Pray for grandpa Harold, down in Tenn. Coming home, tornado hit their hotel they are fine but lost their vehicle",1970-01-01 00:00:00.000040661,1,Bangalore,1970-01-01,[],pray grandpa harold down tenn coming home tornado hit their hotel they fine but lost their vehicle
70,Local tornado victims...YOU ARE NOT ALONE.....Get your Free Vehicle Value from us.......Know what your vehicle is... http://fb.me/Wfu7xSb0,1970-01-01 00:00:00.000040658,0,Hyderabad,1970-01-01,[],local tornado victimsyou aloneget your free vehicle value usknow what your vehicle
71,"Drove thru NC last week & experienced my first tornado - went right in front of our vehicle, people on the hwy freaked out more than my kids",1970-01-01 00:00:00.000040658,1,Chennai,1970-01-01,[],drove thru nc last week experienced my first tornado went right front our vehicle people hwy freaked out my kids
72,=@corybyers just remember to not park your vehicle on top of the airport like the TORNADO did. Haha.,1970-01-01 00:00:00.000040658,1,Chennai,1970-01-01,[],remember park your vehicle top airport like tornado did haha
73,When I have my tornado chase vehicle... basecamp will be in Abilene. Lots of action in Abilene these days.,1970-01-01 00:00:00.000040658,1,Chennai,1970-01-01,[],when i have my tornado chase vehicle basecamp be abilene lots action abilene these days
78,This storm chaser dude has live video from the vehicle http://bit.ly/l62xLZ you can see a tornado or something huge,1970-01-01 00:00:00.000040660,1,Bangalore,1970-01-01,[],this storm chaser dude has live video vehicle you see tornado something huge
80,"@thinkgeek No ""Armored tornado chase vehicle Timmy"" special edition?",1970-01-01 00:00:00.000040660,0,Chennai,1970-01-01,[],armored tornado chase vehicle timmy special edition
81,#tornado chasing with the ILCHASE mooch command vehicle leaving Thursday night. Who wants to go? Www.ILCHASE.org,1970-01-01 00:00:00.000040660,1,Mumbai,1970-01-01,[],chasing ilchase mooch command vehicle leaving thursday night who wants go
82,Really had fun today at Dufan. Tornado is no longer my fave vehicle. HYSTERIA IT IS! :D,1970-01-01 00:00:00.000040660,0,Chennai,1970-01-01,[],really had fun today dufan tornado longer my fave vehicle hysteria it d
83,"""IF YOU CANNOT DRIVE AWAY FROM THE TORNADO...GET OUT OF
YOUR VEHICLE AND LIE FLAT IN A DITCH AS A LAST RESORT."" #invitationtodeath",1970-01-01 00:00:00.000040660,1,Chennai,1970-01-01,[],if you cannot drive away tornadoget out your vehicle lie flat ditch as last resort
84,"#tornado - 4 SE STONEWALL, #LA -- HWY 5 WEST OF 175..TREES DOWN AND NUMEROUS POWER LINES DOWNED. 1 TREE FELL ON A VEHICLE (SHV)",1970-01-01 00:00:00.000040660,1,Delhi,1970-01-01,[],se stonewall hwy west trees down numerous power lines downed tree fell vehicle shv
86,Tornado watch and no vehicle to chase storms with... #depressing,1970-01-01 00:00:00.000040660,1,Delhi,1970-01-01,[],tornado watch vehicle chase storms
96,New Tornado Support Information from Ryan Welch Anderson -ATTN: OBA and GSA: A vehicle will be leaving SANROC CAY... http://fb.me/Q7XaXNtf,1970-01-01 00:00:00.000040662,1,Hyderabad,1970-01-01,[],new tornado support information ryan welch anderson attn oba gsa vehicle be leaving sanroc cay
98,"Hurray 4 Quantum's ""1stResponseTEAM"" WiFi via their satellite ground station vehicle. K4UMG must be a mind-reader /;^) #hamr #ares #tornado",1970-01-01 00:00:00.000040662,0,Hyderabad,1970-01-01,[],hurray quantums stresponseteam wifi via their satellite ground station vehicle kumg must be mindreader
105,"ultra cool video of an EF4 tornado that went through Tuscaloosa, AL on 4/27/11 taken from a vehicle http://www.youtube.com/watch?v=5ohIVzIZLuQ¬†‚Ä¶",1970-01-01 00:00:00.000040662,1,Bangalore,1970-01-01,[],ultra cool video ef tornado that went through tuscaloosa al taken vehicle
137,I liked a @YouTube video http://youtu.be/AXR30pT2rwk?a Sean Casey Presents The Tornado Intercept Vehicle (TIV).mp4,1970-01-01 00:00:00.000040662,1,Kolkata,1970-01-01,[],i liked video sean casey presents tornado intercept vehicle tivmp
1,Is it safe to run under a bridge to ride out a tornado? http://tinyurl.com/2a6ymjq,1970-01-01 00:00:00.000040655,1,Mumbai,1970-01-01,[],it safe run bridge ride out tornado
2,"so tired. I didn't  ride Tornado, so extreme. Just see my bro @wahyu_ntr and my sist @ptriorlic ride Tornado.. 0.0",1970-01-01 00:00:00.000040655,1,Kolkata,1970-01-01,[],tired i didnt ride tornado extreme see my bro my sist ride tornado
6,@meli0995 hehe! Good! Thought the tornado had taken you for a ride. Lol jk. :),1970-01-01 00:00:00.000040654,0,Delhi,1970-01-01,[],hehe good thought tornado had taken you ride lol jk
9,RT @TheTylersaurus: If your belly button looks like a black hole or the lil tornado water ride at the flags #DoSomeSitups <<<< Lmfboo!,1970-01-01 00:00:00.000040654,0,Chennai,1970-01-01,['water'],rt if your belly button looks like black hole lil tornado water ride flags lmfboo
10,"‚Äú@brice_marks: @bradley_holder @JoeBeussink No better place to ride out the tornado then at the bar, proven fact #winning‚Äù don't be an idiot",1970-01-01 00:00:00.000040654,0,Bangalore,1970-01-01,[],better place ride out tornado bar proven fact dont be idiot
11,"the ""tornado"" ride :) http://twitpic.com/4nekq4",1970-01-01 00:00:00.000040654,0,Bangalore,1970-01-01,[],tornado ride
12,"@bradley_holder @JoeBeussink No better place to ride out the tornado then at the bar, proven fact #winning",1970-01-01 00:00:00.000040654,0,Kolkata,1970-01-01,[],better place ride out tornado bar proven fact
22,"Yay, a tornado warning. Good thing I am like Pecos Bill and can rope and ride tornados. #reallifetalltale",1970-01-01 00:00:00.000040657,0,Mumbai,1970-01-01,[],yay tornado warning good thing i am like pecos bill rope ride tornados
23,You scared of a little tornado @lauralaycock5 ? I used to ride em for fun. But no really be safe fool,1970-01-01 00:00:00.000040657,0,Kolkata,1970-01-01,[],you scared little tornado i used ride em fun but really be safe fool
24,"After a tornado at the St Louis airport, a bus ride to Chicago, a few hours of sleep, a flight to DC...finally going to South Africa!",1970-01-01 00:00:00.000040657,0,Kolkata,1970-01-01,[],tornado st louis airport bus ride chicago hours sleep flight dcfinally going south africa
25,So ! I was on a ride at the fair ! & tornado warning starts & i was like fuck i didnt get to go to the slides -____-,1970-01-01 00:00:00.000040657,1,Hyderabad,1970-01-01,[],i ride fair tornado warning starts i like fuck i didnt get go slides
26,"I said ""Theres a tornado warning can u get a ride home he said nah i have to go on the bus&if the tornado comes ill just go with the bus""",1970-01-01 00:00:00.000040657,1,Kolkata,1970-01-01,[],i said theres tornado warning u get ride home he said nah i have go busif tornado comes ill go bus
28,. youu dont know how bad the tornado hit till you ride thru bridgeton . ! fee fee was crazy . im prayin yall .,1970-01-01 00:00:00.000040657,1,Delhi,1970-01-01,[],youu dont know how bad tornado hit till you ride thru bridgeton fee fee crazy im prayin yall
30,Fuck it all my last name is spell McCarthy nt scared im abt to go outside n ride d shit out this tornado if it cum this way,1970-01-01 00:00:00.000040657,1,Mumbai,1970-01-01,[],fuck it my last name spell mccarthy nt scared im abt go outside n ride d shit out this tornado if it cum this way
41,I love the movie twister. I'm about to ride around looking for the tornado. Who's with me?,1970-01-01 00:00:00.000040658,0,Kolkata,1970-01-01,[],i love movie twister im ride around looking tornado whos me
42,@AbbigaleBailey Come to my house !! Or I'll ride that damn tornado to come get you!! Your choice :),1970-01-01 00:00:00.000040658,1,Kolkata,1970-01-01,[],come my house ill ride that damn tornado come get you your choice
44,I want to ride a black tornado across the western sky .,1970-01-01 00:00:00.000040658,0,Hyderabad,1970-01-01,[],i want ride black tornado across western sky
49,RT @Purple_Hayesz: @i5haad_ haha thanks ! Ima live it up..finna ride the tornado thru my city ! Lmao ¬´¬´ lmfao! Aite come scoop me up 2!!,1970-01-01 00:00:00.000040658,0,Delhi,1970-01-01,[],rt haha thanks ima live it upfinna ride tornado thru my city lmao lmfao aite come scoop me
50,=@i5haad_ haha Thanks !Ima live it up..finna ride the TORNADO thru my city !Lmao,1970-01-01 00:00:00.000040658,0,Kolkata,1970-01-01,[],haha thanks ima live it upfinna ride tornado thru my city lmao
51,"@wwjones @reedtimmertvn Chris Ledouex son! ""Ride a black tornado cross the western sky, rope an ole blue northern & milk it till it's dry""",1970-01-01 00:00:00.000040658,0,Chennai,1970-01-01,[],chris ledouex son ride black tornado cross western sky rope ole blue northern milk it till its dry
52,Getting ready to ride bike back home. With tornado sirens going off. @ Kroger http://gowal.la/c/45PYV,1970-01-01 00:00:00.000040658,0,Chennai,1970-01-01,[],getting ready ride bike back home tornado sirens going off kroger
53,"If the safest place to ride out a tornado is on a plane, you're fucked. #St. Louis airport",1970-01-01 00:00:00.000040658,0,Kolkata,1970-01-01,[],if safest place ride out tornado plane youre fucked louis airport
55,Ride got super rough before landing. Apparently there was a tornado in Chiba. Probably unrelated but still... omfggggg.,1970-01-01 00:00:00.000040658,1,Mumbai,1970-01-01,[],ride got super rough before landing apparently tornado chiba probably unrelated but still omfggggg
56,@Shortiedoo0p @kjoyhilyard @alleray @falonk @melodees24 I'm praying for you too!!! :) maybe the tornado will give u a ride to Houston.,1970-01-01 00:00:00.000040658,0,Delhi,1970-01-01,[],im praying you maybe tornado give u ride houston
57,"Yeehaw RT @ptrickmac: Yay, a tornado warning. Good thing I am like Pecos Bill and can rope and ride tornados. #reallifetalltale",1970-01-01 00:00:00.000040658,0,Kolkata,1970-01-01,[],yeehaw rt yay tornado warning good thing i am like pecos bill rope ride tornados
58,Tornado sirens going off...show hope @LC8537 and her fam is safe. I hope @IamAmberM got a ride home lol,1970-01-01 00:00:00.000040658,0,Delhi,1970-01-01,[],tornado sirens going offshow hope her fam safe i hope got ride home lol
78,=@zerobeta sweet!That your New ride? is it a Torpedo Or tornado. so riding in Mon?,1970-01-01 00:00:00.000040664,1,Hyderabad,1970-01-01,[],sweetthat your new ride it torpedo tornado riding mon
81,Mr. @mlp_ringer? yeah hes sooo cool @mlp_Scootaloo! he pulls the towns fire engine he gave me Auntie Cloud and @mlp_spike a ride one day,1970-01-01 00:00:00.000040664,0,Delhi,1970-01-01,[],mr yeah hes sooo cool he pulls towns fire engine he gave me auntie cloud ride one day
82,"3 Friends Take ""Wildest Ride"" In Bathtub During Ringgold Tornado: He said the other two seemed less concerned ab... http://bit.ly/jRqsoC",1970-01-01 00:00:00.000040664,1,Chennai,1970-01-01,[],friends take wildest ride bathtub during ringgold tornado he said two seemed less concerned ab
87,Tornado sirens going off lord I always have to wrk n bad weather!,1970-01-01 00:00:00.000040664,1,Delhi,1970-01-01,[],tornado sirens going off lord i always have wrk n bad weather
89,"Go along for the ride to see what search and rescuers find in Pleasant Grove, Alabama. Looking for tornado survivors- it's all in WE-50SU",1970-01-01 00:00:00.000040664,0,Hyderabad,1970-01-01,[],go along ride see what search rescuers find pleasant grove alabama looking tornado survivors its wesu
92,Lol. Good. I wudn giv u a ride if a tornado was cumin,1970-01-01 00:00:00.000040664,0,Delhi,1970-01-01,[],lol good i wudn giv u ride if tornado cumin
93,Ride along with sarah hoye and me into the devastation ... 'Everything's flat' in tornado zone - http://bit.ly/mEEAIw #cnn #tuscaloosa,1970-01-01 00:00:00.000040664,0,Bangalore,1970-01-01,[],ride along sarah hoye me devastation everythings flat tornado zone
95,A heartwarming story about two dogs surviving wild tornado ride and later reuniting with their owners http://ow.ly/4KwnP,1970-01-01 00:00:00.000040664,1,Mumbai,1970-01-01,[],heartwarming story two dogs surviving wild tornado ride later reuniting their owners
96,@greivisvasquez whats up! ! abt to ride out another tornado watch...but awaiting this game 2mar....#Go Grizz!,1970-01-01 00:00:00.000040664,1,Bangalore,1970-01-01,[],whats abt ride out another tornado watchbut awaiting this game mar grizz
97,RT @ann2066: Dogs Survive Wild Ride in Tornado ¬ª Life With Dogs http://www.lifewithdogs.tv/2011/04/dogs-survive-wild-ride-in-tornado/¬†‚Ä¶,1970-01-01 00:00:00.000040664,1,Bangalore,1970-01-01,[],rt dogs survive wild ride tornado life dogs
119,amazing crisp weather bike ride to relieve the tension from this stressful week. praying for those affected by last night's tornado!,1970-01-01 00:00:00.000040656,1,Chennai,1970-01-01,[],amazing crisp weather bike ride relieve tension this stressful week praying those affected last nights tornado
120,"Its nice outside!! Thinkin bout washin my ride... But I kno as soon as I do its goin rain,thunder storm, tornado out this place!",1970-01-01 00:00:00.000040656,0,Chennai,1970-01-01,[],its nice outside thinkin bout washin my ride but i kno as soon as i do its goin rainthunder storm tornado out this place
122,"Normally let twins ride church van to functions with youth group,but think after having them out during tornado last night, I'll drive 2day.",1970-01-01 00:00:00.000040656,0,Chennai,1970-01-01,[],normally let twins ride church van functions youth groupbut think having them out during tornado last night ill drive day
123,Took a ride down da road i used ta live on in fayetteville..tornado fucked it up,1970-01-01 00:00:00.000040656,1,Bangalore,1970-01-01,[],took ride down da road i used ta live fayettevilletornado fucked it
125,"Got a tornado warning, gonna get fully drunk and ride out the storm.",1970-01-01 00:00:00.000040656,1,Mumbai,1970-01-01,[],got tornado warning gonna get fully drunk ride out storm
128,"Wow, this year has been one wild ride so far.  Lambert Airport hit by a strong tornado, not good!  And right before Easter too!  :-(",1970-01-01 00:00:00.000040656,1,Mumbai,1970-01-01,[],wow this year has been one wild ride far lambert airport hit strong tornado good right before easter
133,Anybody interested in a ride along #storm #chase for this busy week ahead let me know. This might be a record breaking #tornado event!,1970-01-01 00:00:00.000040656,1,Delhi,1970-01-01,[],anybody interested ride along this busy week ahead let me know this might be record breaking event
134,"My bad i had to shit, now i think im ready to spit, gotta tornado outside, and da windows up in my ride",1970-01-01 00:00:00.000040656,1,Chennai,1970-01-01,[],my bad i had shit now i think im ready spit gotta tornado outside da windows my ride
137,=@lucyb35yahoocom We did!Bumpy ride but Safe landing.  everything is blooming And lovely And warm here but there ARE some TORNADO warnings,1970-01-01 00:00:00.000040656,1,Delhi,1970-01-01,[],we didbumpy ride but safe landing everything blooming lovely warm but tornado warnings
142,"@AmbitiousAmbz just ride the ""twister"" ride at universal studios! Or watch Tornado documentaries on Netflix =(",1970-01-01 00:00:00.000040656,1,Delhi,1970-01-01,[],ride twister ride universal studios watch tornado documentaries netflix
146,Those poor people. Can you imagine a5-6 hr bus ride after a tornado? RT @KCIAirport: AA is busing passengers to St Louis from KCI Airport...,1970-01-01 00:00:00.000040656,1,Kolkata,1970-01-01,[],those poor people you imagine hr bus ride tornado rt aa busing passengers st louis kci airport
148,=@starsandwings i can ride a tornado. And turn my grapes into distilled WIN,1970-01-01 00:00:00.000040656,1,Chennai,1970-01-01,[],i ride tornado turn my grapes distilled win
150,@mercedescls003 Yeah this is Tornado Alley ... i just huncker down and ride it out..,1970-01-01 00:00:00.000040656,1,Kolkata,1970-01-01,[],yeah this tornado alley i huncker down ride it out
161,"*forces on a grin* Awesome, @mlp_tornado!  Totally awesome.  That was better than a roller coaster ride!",1970-01-01 00:00:00.000040653,0,Delhi,1970-01-01,[],forces grin awesome totally awesome that better roller coaster ride
162,=@Sheridan_W i think it was a TORNADO that swooped down And snatched that mirror off my ride. Stupid tornadoes.,1970-01-01 00:00:00.000040653,1,Delhi,1970-01-01,[],i think it tornado that swooped down snatched that mirror off my ride stupid tornadoes
164,Was at funfair on a ride called tornado it was mad scary and some big boy was crying it was to funny,1970-01-01 00:00:00.000040653,0,Delhi,1970-01-01,[],funfair ride called tornado it mad scary big boy crying it funny
165,@Kriegsturmer glad to see you came out of the tornado watch ok. That's gotta be nerve wracking to ride it out in your truck.,1970-01-01 00:00:00.000040653,1,Kolkata,1970-01-01,[],glad see you came out tornado watch ok thats gotta be nerve wracking ride it out your truck
168,"Lmao, ur crazy as hell...well go by yaself on tht ride playa...lol RT @DBELL_: @KissesOfHoney Cause I'm trying to go on a Tornado ride lol",1970-01-01 00:00:00.000040653,1,Mumbai,1970-01-01,[],lmao ur crazy as hellwell go yaself tht ride playalol rt cause im trying go tornado ride lol
169,@KissesOfHoney Cause I'm trying to go on a Tornado ride lol,1970-01-01 00:00:00.000040653,0,Mumbai,1970-01-01,[],cause im trying go tornado ride lol
170,"#momalwaystoldme not to take rides from strangers. But I think with the tornado weather, a free ride home was acceptable. Thankyou stranger!",1970-01-01 00:00:00.000040653,0,Bangalore,1970-01-01,[],take rides strangers but i think tornado weather free ride home acceptable thankyou stranger
171,"The Transformer ride at Kings Island caught on fire because of this damn tornado, wtf am I going to do?",1970-01-01 00:00:00.000040653,1,Chennai,1970-01-01,[],transformer ride kings island caught fire because this damn tornado wtf am i going do
173,"I love trying something new, except...Tornado. I have to think more than couple times to ride that insane thing",1970-01-01 00:00:00.000040653,0,Chennai,1970-01-01,[],i love trying something new excepttornado i have think couple times ride that insane thing
174,I think @sitchoassdwn was more worried about the tornado watch than me & she 2 hours away lol. That's my ride or die tho,1970-01-01 00:00:00.000040653,1,Chennai,1970-01-01,[],i think worried tornado watch me she hours away lol thats my ride die tho
199,"If it comes down to it, I will ride my mattress around a tornado.",1970-01-01 00:00:00.000040653,1,Hyderabad,1970-01-01,[],if it comes down it i ride my mattress around tornado
201,55-min trainer ride on the TT bike... Glad I didn't try to race Tuesday Night Worlds.  Tornado sirens all over downtown St. louis.,1970-01-01 00:00:00.000040653,1,Chennai,1970-01-01,[],min trainer ride tt bike glad i didnt try race tuesday night worlds tornado sirens downtown st louis
203,Why do white ppl do dumb shit like this?! Riding a bicycle in the middle of a fucking hail storm?! Yea I guess he tryna out ride the tornado,1970-01-01 00:00:00.000040653,1,Hyderabad,1970-01-01,[],why do white ppl do dumb shit like this riding bicycle middle fucking hail storm yea i guess he tryna out ride tornado
204,Tornado sirens are now blowing. Could be a bumpy ride. Did I just see a weird old lady on a bicycle go flying by? http://4sq.com/eGhJbD,1970-01-01 00:00:00.000040653,1,Bangalore,1970-01-01,[],tornado sirens now blowing could be bumpy ride did i see weird old lady bicycle go flying
205,‚Äú@THE_SituaSEAN: Finna put my music on shuffle and ride this shit out ! FUCK A TORNADO P !‚Äù watchu said,1970-01-01 00:00:00.000040659,1,Bangalore,1970-01-01,[],finna put my music shuffle ride this shit out fuck tornado p watchu said
206,Finna put my music on shuffle and ride this shit out ! FUCK A TORNADO P !,1970-01-01 00:00:00.000040659,1,Delhi,1970-01-01,[],finna put my music shuffle ride this shit out fuck tornado p
207,"@TheToneh You'll be fine, Toneh. Just be like this baby and ride the tornado #likeaboss
http://bit.ly/5aUah9",1970-01-01 00:00:00.000040659,0,Mumbai,1970-01-01,[],youll be fine toneh be like this baby ride tornado
208,SHOUT OUT 2 EVERYBODY AT THE VALLEY WE ABOUT TO RIDE THIS TORNADO OUT LMAO,1970-01-01 00:00:00.000040659,1,Kolkata,1970-01-01,[],shout out everybody valley we ride this tornado out lmao
209,"RT @opphoto: Tornado Watch in SE Michigan until 10:00pm tonight  - hmmm, nice night for a bike ride!",1970-01-01 00:00:00.000040659,1,Mumbai,1970-01-01,[],rt tornado watch se michigan until pm tonight hmmm nice night bike ride
210,"Tornado Watch in SE Michigan until 10:00pm tonight  - hmmm, nice night for a bike ride!",1970-01-01 00:00:00.000040659,1,Mumbai,1970-01-01,[],tornado watch se michigan until pm tonight hmmm nice night bike ride
213,:) you dont get swept up in a tornado you purposely ride it,1970-01-01 00:00:00.000040659,1,Mumbai,1970-01-01,[],you dont get swept tornado you purposely ride it
215,For us armchair chasers we can ride along with everybody out in the thick of it at http://chaser.tv  #tornado,1970-01-01 00:00:00.000040659,1,Chennai,1970-01-01,[],us armchair chasers we ride along everybody out thick it
216,TWC is calling tomorrow's Tornado threat a 9 out of a possible 10. This is going to be a LONG ride. #kywx #alwx,1970-01-01 00:00:00.000040659,1,Mumbai,1970-01-01,[],twc calling tomorrows tornado threat out possible this going be long ride
217,"@TheBlueTusk, a great substitute for canceled golf & to ride the storm out (tornado warning included). Stop out people!",1970-01-01 00:00:00.000040659,1,Kolkata,1970-01-01,[],great substitute canceled golf ride storm out tornado warning included stop out people
219,@Money_makinB shit I still would lol it'll make tha tornado ride fun,1970-01-01 00:00:00.000040659,1,Bangalore,1970-01-01,[],shit i still would lol itll make tha tornado ride fun
220,Im gonna ride #topdown to work even id we have #tornado warnings out right now! :),1970-01-01 00:00:00.000040659,0,Bangalore,1970-01-01,[],im gonna ride work even id we have warnings out right now
221,@KrisWilliams81 HELLO FROM NASHVEGAS....ENJOY YOUR RIDE THROUGH THE GREAT STATE OF TN! DUCK IF YAS SEE A TORNADO!,1970-01-01 00:00:00.000040659,1,Bangalore,1970-01-01,[],hello nashvegasenjoy your ride through great state tn duck if yas see tornado
223,"Got in a 48.2 mile ride yesterday, felt like I rode into the wind all but the last 7 miles. No bad dogs; saw a lot of tornado damage.",1970-01-01 00:00:00.000040659,0,Kolkata,1970-01-01,[],got mile ride yesterday felt like i rode wind but last miles bad dogs saw lot tornado damage
246,@LickMiiKickz haha right i'll jus ride tha tornado over,1970-01-01 00:00:00.000040659,0,Hyderabad,1970-01-01,[],haha right ill jus ride tha tornado
247,RT @trill_jones: damn gotta ride the tornado out one deep #leggo lol,1970-01-01 00:00:00.000040659,1,Kolkata,1970-01-01,[],rt damn gotta ride tornado out one deep lol
249,If this storm gets in the way of me watching this #Grizz game I'm gonna go out there and ride the tornado like Buffalo Bill and make it my B,1970-01-01 00:00:00.000040659,1,Chennai,1970-01-01,[],if this storm gets way me watching this game im gonna go out ride tornado like buffalo bill make it my b
250,damn....whoz going to ride the tornado out with me lol....,1970-01-01 00:00:00.000040659,1,Delhi,1970-01-01,[],damnwhoz going ride tornado out me lol
252,Can a good friend give me a ride to study table!!!! It's a tornado watch outside!!!,1970-01-01 00:00:00.000040659,1,Kolkata,1970-01-01,[],good friend give me ride study table its tornado watch outside
253,Dogs Survive Wild Ride in Tornado ¬ª Life With Dogs http://www.lifewithdogs.tv/2011/04/dogs-survive-wild-ride-in-tornado/¬†‚Ä¶,1970-01-01 00:00:00.000040663,0,Delhi,1970-01-01,[],dogs survive wild ride tornado life dogs
254,Dogs Survive Wild Ride in Tornado http://www.lifewithdogs.tv/2011/04/dogs-survive-wild-ride-in-tornado/¬†‚Ä¶ via @nigelbugger,1970-01-01 00:00:00.000040663,0,Kolkata,1970-01-01,[],dogs survive wild ride tornado via
255,"Went 4 a ride few miles south of CC today
didn't take long 2 see tornado damage
thanks b 2 God CC was missed
prayers 4 our near neighbors",1970-01-01 00:00:00.000040663,0,Delhi,1970-01-01,[],went ride miles south cc today didnt take long see tornado damage thanks b god cc missed prayers our near neighbors
258,"Then don't get me started on Hurricane Harbor, my dumbass almost fell out that tube shit on Tornado or w/e that funnel ride is!",1970-01-01 00:00:00.000040663,0,Kolkata,1970-01-01,[],dont get me started hurricane harbor my dumbass almost fell out that tube shit tornado we that funnel ride
259,RT 1 HELL OF A RIDE! 8 YEAR OLD BOY SURVIVES BEING SUCKED INTO A TORNADO! on WORLD WRAP FEDERATION http://ning.i... http://bit.ly/jl9MM3,1970-01-01 00:00:00.000040663,1,Bangalore,1970-01-01,[],rt hell ride year old boy survives being sucked tornado world wrap federation
262,=@reedtimmerTVN have people bid on a chance to ride with you into a tornado. Or at least a ride in the D2.,1970-01-01 00:00:00.000040663,0,Hyderabad,1970-01-01,[],have people bid chance ride you tornado least ride d
264,@reedtimmerTVN I like the ride in the Dominator idea too. I keep telling my husband I wanna chase a tornado once and he tells me I'm crazy.,1970-01-01 00:00:00.000040663,1,Chennai,1970-01-01,[],i like ride dominator idea i keep telling my husband i wanna chase tornado he tells me im crazy
266,1 HELL OF A RIDE! 8 YEAR OLD BOY SURVIVES BEING SUCKED INTO A TORNADO! on WORLD WRAP FEDERATION http://ning.it/jHdXyO,1970-01-01 00:00:00.000040663,1,Chennai,1970-01-01,[],hell ride year old boy survives being sucked tornado world wrap federation
267,Just learned that a tanning bed is a good place to ride out a tornado in a pinch!,1970-01-01 00:00:00.000040663,0,Mumbai,1970-01-01,[],learned that tanning bed good place ride out tornado pinch
270,"New post: Two Dogs Survive Ride in Tornado, Found Day http://thedoggiesbox.com/2011/04/30/two-dogs-survive-ride-in-tornado-found-days-later/",1970-01-01 00:00:00.000040663,1,Kolkata,1970-01-01,[],new post two dogs survive ride tornado found day
271,That's it. Home internet is not fast enough for tornado tweets. I'm taking inaugural bike ride to work.,1970-01-01 00:00:00.000040663,1,Delhi,1970-01-01,[],thats it home internet fast enough tornado tweets im taking inaugural bike ride work
272,"Gee. When I don't ride my bike and just walk, it's too sunny. When I ride it, it's like it's gonna have some tornado. Seriously?",1970-01-01 00:00:00.000040663,1,Hyderabad,1970-01-01,[],gee when i dont ride my bike walk its sunny when i ride it its like its gonna have tornado seriously
293,Day 3 of post tornado in huntsville alabama! going for a bike ride to see whats open. no gas. no electricity. no work :(,1970-01-01 00:00:00.000040663,1,Hyderabad,1970-01-01,[],day post tornado huntsville alabama going bike ride see whats open gas electricity work
294,"No sleep, goin to ride street. And the park. Then going to help clean up the tornado effected folks here in bama@BamaTnez@sethkimbro RT!!!!!",1970-01-01 00:00:00.000040663,0,Hyderabad,1970-01-01,[],sleep goin ride street park going help clean tornado effected folks bama rt
302,Jennifer Hale : Grizzlies ride comeback to win over Black Tornado - Ashland Daily Tidings http://uxp.in/34529350,1970-01-01 00:00:00.000040663,1,Mumbai,1970-01-01,[],jennifer hale grizzlies ride comeback win black tornado ashland daily tidings
304,What a horrible year for weather - praying for all the tornado victims - until you ride one out you really never understand how scary it is‚Ä¶,1970-01-01 00:00:00.000040663,1,Delhi,1970-01-01,[],what horrible year weather praying tornado victims until you ride one out you really never understand how scary it
305,"@Eric703CP Woah, nice ride! That's a big bummer that the tornado hit the car, hope you'll be able to fix it.",1970-01-01 00:00:00.000040663,0,Delhi,1970-01-01,[],woah nice ride thats big bummer that tornado hit car hope youll be able fix it
307,Surviving A Tornado: Where the best places to be to ride out a storm http://bit.ly/jRwdwa,1970-01-01 00:00:00.000040662,0,Delhi,1970-01-01,[],surviving tornado where best places be ride out storm
309,Terrible decision to go for a bike ride. Wind storm felt like tornado's on the way.,1970-01-01 00:00:00.000040662,0,Bangalore,1970-01-01,[],terrible decision go bike ride wind storm felt like tornados way
311,Ride that tornado! Lol @monsterslikeme,1970-01-01 00:00:00.000040662,0,Hyderabad,1970-01-01,[],ride that tornado lol
312,"Nice ride on the hog today, happy that friends are safe and sound in Alabama after the tornado.",1970-01-01 00:00:00.000040662,0,Hyderabad,1970-01-01,[],nice ride hog today happy that friends safe sound alabama tornado
315,Driver forced to ‚Äòride it out‚Äô in truck during tornado in TN - http://bit.ly/lTsJKf #Trucking #Tornado #Safety,1970-01-01 00:00:00.000040662,1,Kolkata,1970-01-01,[],driver forced ride it out truck during tornado tn
318,"http://ow.ly/4JGsO Two dogs survive ride in tornado, found safe days later",1970-01-01 00:00:00.000040662,0,Chennai,1970-01-01,[],two dogs survive ride tornado found safe days later
319,"TRIAD Trail Ride - Sunday, May 1, 2011, has been CANCELLED due to tornado devastation.  We will re-schedule as soon as is practical.",1970-01-01 00:00:00.000040662,0,Kolkata,1970-01-01,[],triad trail ride sunday may has been cancelled due tornado devastation we reschedule as soon as practical
321,Wow!  Two Dogs Survive Ride in Tornado - http://dogblog.dogster.com/2011/04/28/two-dogs-survive-ride-in-tornado-found-days-later-2/¬†‚Ä¶ via @dogster,1970-01-01 00:00:00.000040662,0,Mumbai,1970-01-01,[],wow two dogs survive ride tornado via
323,Driver forced to ‚Äòride it out‚Äô in truck during tornado in TN http://mommadonna.roadproservices.com/2011/04/driver-forced-to-%e2%80%98ride-it-out%e2%80%99-in-truck-during-tornado-in-tn/¬†‚Ä¶ via @donna_creekmore,1970-01-01 00:00:00.000040662,1,Mumbai,1970-01-01,[],driver forced ride it out truck during tornado tn via
325,Driver forced to ‚Äòride it out‚Äô in truck during tornado in TN http://p.ost.im/p/WtPLc,1970-01-01 00:00:00.000040662,1,Mumbai,1970-01-01,[],driver forced ride it out truck during tornado tn
326,Heartwarming tale..... RT ‚Äú@FionasDogs: Dogs Survive Wild Ride in Tornado http://www.lifewithdogs.tv/2011/04/dogs-survive-wild-ride-in-tornado/¬†‚Ä¶ via @nigelbugger‚Äù,1970-01-01 00:00:00.000040662,0,Hyderabad,1970-01-01,[],heartwarming tale rt dogs survive wild ride tornado via
347,@TreyHemingway if a tornado come.. I'm going outside and catching a ride on the muhfucka to yo houseee,1970-01-01 00:00:00.000040662,0,Mumbai,1970-01-01,[],if tornado come im going outside catching ride muhfucka yo houseee
348,RT @CatapultYYC: RT @lauralassiter: Dogs Survive Wild Ride in Tornado ¬ª Life With Dogs http://www.lifewithdogs.tv/2011/04/dogs-survive-wild-ride-in-tornado/¬†‚Ä¶ #dogs #animals #pets,1970-01-01 00:00:00.000040662,0,Kolkata,1970-01-01,[],rt rt dogs survive wild ride tornado life dogs
349,"Dogs Survive Wild Ride in Tornado ¬ª Life With Dogs: Two dogs from Fayetteville, SC have been reunited with their... http://bit.ly/mITT7O",1970-01-01 00:00:00.000040662,0,Mumbai,1970-01-01,[],dogs survive wild ride tornado life dogs two dogs fayetteville sc have been reunited their
357,Solid ride w Lespy. 2.5 hours MTB riding and apparently a tornado hit Chicopee  about a Minute before we arrived there. CRAZY STUFF!!!,1970-01-01 00:00:00.000040662,1,Kolkata,1970-01-01,[],solid ride w lespy hours mtb riding apparently tornado hit chicopee minute before we arrived crazy stuff
358,The LocoX.com Ride For Autism this weekend has been postponed due to the Tornado damage in Alabama. LocoX.com &... http://fb.me/F9rVso2L,1970-01-01 00:00:00.000040662,1,Bangalore,1970-01-01,[],locoxcom ride autism this weekend has been postponed due tornado damage alabama locoxcom
359,Ringer waits for @MLP_Tornado & @MLP_CloudKicker to fly aboard & whether their calls bring @mlp_spike back outside to ride.,1970-01-01 00:00:00.000040662,0,Kolkata,1970-01-01,[],ringer waits fly aboard whether their calls bring back outside ride
362,=@Ace_Productions ride a TORNADO to my house n Do itttt lol. u have long Or short hair?,1970-01-01 00:00:00.000040662,1,Hyderabad,1970-01-01,[],ride tornado my house n do itttt lol u have long short hair
363,Driver forced to ‚Äòride it out‚Äô in truck during tornado in TN: More than 250 people have died during the month of... http://bit.ly/lu1HCN,1970-01-01 00:00:00.000040662,1,Bangalore,1970-01-01,[],driver forced ride it out truck during tornado tn people have died during month
365,"Former Enterprise students ride out another tornado: After having experienced Enterprise‚Äôs worst disaster ever, ... http://bit.ly/lvoTRs",1970-01-01 00:00:00.000040662,1,Delhi,1970-01-01,[],former enterprise students ride out another tornado having experienced enterprises worst disaster ever
368,RT @Brittknee0: Imma step right in the eye of the tornado and get a free ride to the west coast // lmfao wtf britt?,1970-01-01 00:00:00.000040660,0,Delhi,1970-01-01,[],rt imma step right eye tornado get free ride west coast lmfao wtf britt
370,EVERYONE just think of this tornado as a big water ride ..its OKAY,1970-01-01 00:00:00.000040660,1,Hyderabad,1970-01-01,['water'],everyone think this tornado as big water ride its okay
372,wtf they want me to do....ride the tornado to work #DEAD,1970-01-01 00:00:00.000040660,1,Delhi,1970-01-01,[],wtf they want me doride tornado work
374,"=@UnmistaknBeauty oh ok bet, cause i aint tryin ride thru No tornado...",1970-01-01 00:00:00.000040660,1,Kolkata,1970-01-01,[],oh ok bet cause i aint tryin ride thru tornado
378,What to do in a tornado watch? Ride a scooter down the hill into flood waters!,1970-01-01 00:00:00.000040660,1,Mumbai,1970-01-01,['water'],what do tornado watch ride scooter down hill flood waters
380,"RT @SoleFullReal: 'Dat tornado aint shit to us Avatars, we'll ride in that shit'",1970-01-01 00:00:00.000040660,1,Kolkata,1970-01-01,[],rt dat tornado aint shit us avatars well ride that shit
381,i want to go outside and fucking ride a tornado,1970-01-01 00:00:00.000040660,1,Delhi,1970-01-01,[],i want go outside fucking ride tornado
382,So I'm bout to clean my trunk until this tornado.... It's my last couple of days with my max... We had a great ride,1970-01-01 00:00:00.000040660,0,Hyderabad,1970-01-01,[],im bout clean my trunk until this tornado its my last couple days my max we had great ride
384,LMAO RT @ANTANDERSON Me...u need a ride? RT @OneRadioVixen Hmmm... Who's Riding The Tornado To The Club 2nite??? I'll Wait...,1970-01-01 00:00:00.000040660,1,Chennai,1970-01-01,[],lmao rt meu need ride rt hmmm whos riding tornado club nite ill wait
385,Dawwgg Better Stop Lookiin At My Goodies For I Jump On That Tornado & Ride It Down 301 to Pull His Eyes Out,1970-01-01 00:00:00.000040660,1,Hyderabad,1970-01-01,[],dawwgg better stop lookiin my goodies i jump that tornado ride it down pull his eyes out
407,"Its a tornado, I want pizza hut lol RT @nae88: When tonight? RT @BVCalloway: Crabs. Smh. Can't get no ride lol. @nae88 @RaeTheSocialite",1970-01-01 00:00:00.000040660,1,Chennai,1970-01-01,[],its tornado i want pizza hut lol rt when tonight rt crabs smh cant get ride lol
410,"@Makennah The Weather Channel is showing a massive tornado in downtown Birmingham. Don't ride it to Oz, OK?",1970-01-01 00:00:00.000040660,1,Chennai,1970-01-01,[],weather channel showing massive tornado downtown birmingham dont ride it oz ok
411,My babies & I are ready 2 ride out this Tornado..flashlights (check) bottled water (check) cell phones (check) JESUS double check B safe Fam,1970-01-01 00:00:00.000040660,1,Delhi,1970-01-01,['water'],my babies i ready ride out this tornadoflashlights check bottled water check cell phones check jesus double check b safe fam
412,RT@geekgirlwife Hello...my name is Dorothy...my ride to Oz should be up shortly? Fantastic! #tornado #roadtrip LOL hope you stay safe,1970-01-01 00:00:00.000040660,0,Bangalore,1970-01-01,[],rt hellomy name dorothymy ride oz should be shortly fantastic lol hope you stay safe
413,Whos tryna go ride the tornado? Fuck a rollercoaster.,1970-01-01 00:00:00.000040660,0,Delhi,1970-01-01,[],whos tryna go ride tornado fuck rollercoaster
415,Very Dangerous storm passing SE of #DCMetro will ride along 95.. This storm has very intense lightning and a #TORNADO warning attached to it,1970-01-01 00:00:00.000040660,1,Hyderabad,1970-01-01,[],dangerous storm passing se ride along this storm has intense lightning warning attached it
416,Hello...my name is Dorothy...my ride to Oz should be up shortly? Fantastic! #tornado #roadtrip,1970-01-01 00:00:00.000040660,1,Hyderabad,1970-01-01,[],hellomy name dorothymy ride oz should be shortly fantastic
418,‚Äú@PotomacLocal: Tornado confirmed at Quantico.MTC‚Äù Glad I didn't go for a ride or run!,1970-01-01 00:00:00.000040660,1,Hyderabad,1970-01-01,[],tornado confirmed quanticomtc glad i didnt go ride run
421,Really pump to ride the trainer do to tornado watch and rain NOT !!!!!!,1970-01-01 00:00:00.000040660,1,Mumbai,1970-01-01,[],really pump ride trainer do tornado watch rain
423,@woman_caleb got that right homie.  turn bad weather into badass weather with a saddle and some reins.... ride the tornado!,1970-01-01 00:00:00.000040660,0,Chennai,1970-01-01,[],got that right homie turn bad weather badass weather saddle reins ride tornado
424,"Dark threatening clouds, tornado watch . . . yep, time to head out for a ride.",1970-01-01 00:00:00.000040660,0,Chennai,1970-01-01,[],dark threatening clouds tornado watch yep time head out ride
425,I wanna jump in da tornado while she ride da mata...call dat da indiana jones #LMAO,1970-01-01 00:00:00.000040660,1,Bangalore,1970-01-01,[],i wanna jump da tornado while she ride da matacall dat da indiana jones
426,I need to get out & ride but have been glued to the computer witnessing a significant tornado outbreak in the South unfold.  Craziness.,1970-01-01 00:00:00.000040660,1,Bangalore,1970-01-01,[],i need get out ride but have been glued computer witnessing significant tornado outbreak south unfold craziness
428,Where? RT@albassoon: At the dog park. Probably won't be able to ride tonight because there's a tornado warning. It looks ominous.,1970-01-01 00:00:00.000040660,1,Bangalore,1970-01-01,[],where rt dog park probably wont be able ride tonight because theres tornado warning it looks ominous
429,Tornado and bad thunderstorms about to hit Atl... should be a fun ride home!,1970-01-01 00:00:00.000040660,1,Mumbai,1970-01-01,[],tornado bad thunderstorms hit atl should be fun ride home
430,"OK, decided to cancel the ride home -  possible #Tornado vs. getting home in one piece!",1970-01-01 00:00:00.000040660,1,Delhi,1970-01-01,[],ok decided cancel ride home possible vs getting home one piece
431,Any moment now my Twitter feed could become a twister feed. Who wants to ride the cyclone with me? #wigsandkeys #tornado,1970-01-01 00:00:00.000040660,1,Chennai,1970-01-01,[],moment now my twitter feed could become twister feed who wants ride cyclone me
436,"Radar looked good, so took dogs for quick/brief walk. Tornado sirens went off, started to hurry; lady stopped to offer us a ride, nice! Ack!",1970-01-01 00:00:00.000040660,0,Chennai,1970-01-01,[],radar looked good took dogs quickbrief walk tornado sirens went off started hurry lady stopped offer us ride nice ack
437,All is calm and well here. Tried to rope and ride a tornado. Looks like I have to wait a few hours for another shot at it.,1970-01-01 00:00:00.000040660,0,Kolkata,1970-01-01,[],calm well tried rope ride tornado looks like i have wait hours another shot it
438,=@kmueller62 can i just ride the TORNADO down there And have it drop me off?,1970-01-01 00:00:00.000040660,0,Mumbai,1970-01-01,[],i ride tornado down have it drop me off
440,I'm bored. My white side wanted to go ride around till I seen the tornado then video tape it. But my black side told me to sit my ass down,1970-01-01 00:00:00.000040660,1,Mumbai,1970-01-01,[],im bored my white side wanted go ride around till i seen tornado video tape it but my black side told me sit my ass down
441,Finished today's bicycle ride.  Now it's time to clean up the house. #tornado inside and out!!,1970-01-01 00:00:00.000040660,0,Bangalore,1970-01-01,[],finished todays bicycle ride now its time clean house inside out
442,"Damned good thing I swam, too, cause the afternoon ride was cancelled for tornado watch. It'll be beautiful at 6 I'm sure. #murphyslaw",1970-01-01 00:00:00.000040660,1,Mumbai,1970-01-01,[],damned good thing i swam cause afternoon ride cancelled tornado watch itll be beautiful im sure
443,The ride home from huntsville. Already drove thru 1 tornado today. Intense http://plixi.com/p/96484146,1970-01-01 00:00:00.000040660,0,Mumbai,1970-01-01,[],ride home huntsville already drove thru tornado today intense
445,"Sweet I can finally catch a ride home!! -- RT @LisanneO: Tornado warning for Southern Ontario has been issued for later tonight!""",1970-01-01 00:00:00.000040660,0,Mumbai,1970-01-01,[],sweet i finally catch ride home rt tornado warning southern ontario has been issued later tonight
448,RT @Tylizm_Granny: @CallMe_Jordy your gonna die walking home in the tornado :(‚Ä¢ Lml I'm goin to ask someone for a ride,1970-01-01 00:00:00.000040660,1,Bangalore,1970-01-01,[],rt your gonna die walking home tornado lml im goin ask someone ride
449,i lowkey wanna see a tornado just ride down meridian. but i dnt want anyone to get hurt.  see im not mean,1970-01-01 00:00:00.000040660,1,Delhi,1970-01-01,[],i lowkey wanna see tornado ride down meridian but i dnt want anyone get hurt see im mean
450,"another tornado warning, more sirens and I'm getting a ride back to my apartment with my new bus friend",1970-01-01 00:00:00.000040660,1,Bangalore,1970-01-01,[],another tornado warning sirens im getting ride back my apartment my new bus friend
452,Gurl jus ask the pilot to ride the tornado...no? Lol RT @tinyTAPP: @NikkiAA yeah it is...and im tryna fly home today...fail,1970-01-01 00:00:00.000040660,1,Chennai,1970-01-01,[],gurl jus ask pilot ride tornadono lol rt yeah it isand im tryna fly home todayfail
454,@schsammydeanie what?! not worth it. I haven't had $30 on me for a month. I'd totes ride that tornado than pay that much to be saved.,1970-01-01 00:00:00.000040660,1,Mumbai,1970-01-01,[],what worth it i havent had me month id totes ride that tornado pay that much be saved
455,RT @graceizbeauty: ‚ÄúAtiRANDOMness: I bet it would be fun to ride a tornado.‚Äù<<< omg guess that's y that's ur #twitter name lol <~ hahaha,1970-01-01 00:00:00.000040660,1,Bangalore,1970-01-01,[],rt atirandomness i bet it would be fun ride tornado omg guess thats y thats ur name lol hahaha
456,I bet it would be fun to ride a tornado.,1970-01-01 00:00:00.000040660,1,Bangalore,1970-01-01,[],i bet it would be fun ride tornado
458,"Holy fuck.  The tornado sirens are going off.  Fuck it, I think I will ride a horse",1970-01-01 00:00:00.000040660,1,Kolkata,1970-01-01,[],holy fuck tornado sirens going off fuck it i think i ride horse
460,Last night I dreamed that we ran from the storm and ended up at @jnholmes and @mandieholmes house! That's a long ride to run from a tornado!,1970-01-01 00:00:00.000040660,1,Kolkata,1970-01-01,[],last night i dreamed that we ran storm ended house thats long ride run tornado
461,welp Mr tornado said hed sweep me to ATL cuz he dont fux wit NY niggas and thats a long ass ride. Imma start packin now.,1970-01-01 00:00:00.000040660,1,Kolkata,1970-01-01,[],welp mr tornado said hed sweep me atl cuz he dont fux wit ny niggas thats long ass ride imma start packin now
462,#cosign RT @BKchinaman89: RT @NayaPointBlank_: i hope the tornado sweeps me to brooklyn. free ride home. <funniest tweet of da day #onlynaya,1970-01-01 00:00:00.000040660,0,Chennai,1970-01-01,[],rt rt i hope tornado sweeps me brooklyn free ride home funniest tweet da day
463,RT @Tammy_4rmBklyn: ‚Äú@NayaPointBlank_: i hope the tornado sweeps me to brooklyn. free ride home. *shrugs‚Äù >> Lmxo!<<lol,1970-01-01 00:00:00.000040660,1,Bangalore,1970-01-01,[],rt i hope tornado sweeps me brooklyn free ride home shrugs lmxolol
464,"Lol, you funny. RT @NayaPointBlank_: i hope the tornado sweeps me to brooklyn. free ride home. *shrugs",1970-01-01 00:00:00.000040660,1,Chennai,1970-01-01,[],lol you funny rt i hope tornado sweeps me brooklyn free ride home shrugs
465,RT @NayaPointBlank_: i hope the tornado sweeps me to brooklyn. free ride home. *shrugs< funniest tweet of da day #onlynaya,1970-01-01 00:00:00.000040660,1,Chennai,1970-01-01,[],rt i hope tornado sweeps me brooklyn free ride home shrugs funniest tweet da day
466,i hope the tornado sweeps me to brooklyn. free ride home. *shrugs,1970-01-01 00:00:00.000040660,1,Kolkata,1970-01-01,[],i hope tornado sweeps me brooklyn free ride home shrugs
467,"Called in late for work due to tornado warning this AM, wasn't gonna wait on a bus in that! Blew thru quickly & got a ride so still on time.",1970-01-01 00:00:00.000040660,1,Delhi,1970-01-01,[],called late work due tornado warning this am wasnt gonna wait bus that blew thru quickly got ride still time
468,I'm glad sirens were going off when I was at the barn getting ready to ride because otherwise I had no idea there was a tornado warning...,1970-01-01 00:00:00.000040660,1,Delhi,1970-01-01,[],im glad sirens going off when i barn getting ready ride because otherwise i had idea tornado warning
469,Screw standing in door frames...I'm ride that tornado like a wild bronco!,1970-01-01 00:00:00.000040660,1,Hyderabad,1970-01-01,[],screw standing door framesim ride that tornado like wild bronco
471,"Yeah , dumbass.. Now is a great time to ride a fuckin bike , during a tornado warning . How ignorant can you be ?",1970-01-01 00:00:00.000040660,1,Hyderabad,1970-01-01,[],yeah dumbass now great time ride fuckin bike during tornado warning how ignorant you be
472,"=@codycoil yeah, had to ride it out in the bathroom for a while. TORNADO just missed US, but went thru downtown. crazy weather",1970-01-01 00:00:00.000040660,1,Delhi,1970-01-01,[],yeah had ride it out bathroom while tornado missed us but went thru downtown crazy weather
473,This storm has been a rough ride. The final insult of the night was a tornado siren at 6am. This really sucks.,1970-01-01 00:00:00.000040660,1,Delhi,1970-01-01,[],this storm has been rough ride final insult night tornado siren am this really sucks
475,feelin better after a bike ride under the night sky. thought there was supposed to be a tornado or something tonight?,1970-01-01 00:00:00.000040660,0,Mumbai,1970-01-01,[],feelin better bike ride night sky thought supposed be tornado something tonight
478,If a tornado gets me I'm at least gunna enjoy the ride till I end,1970-01-01 00:00:00.000040660,0,Hyderabad,1970-01-01,[],if tornado gets me im least gunna enjoy ride till i end
479,"@Tornado_grl YES!! Rain check!! Wait, when is Eugene? I have a 4 hour ride next weekend!! LOL",1970-01-01 00:00:00.000040660,0,Kolkata,1970-01-01,[],yes rain check wait when eugene i have hour ride next weekend lol
480,@evildoctorwill7 It's a dream of mine to photograph a Tornado. I'd ride around with stormchasers for a few days if I could get that Opp.,1970-01-01 00:00:00.000040660,0,Mumbai,1970-01-01,[],its dream mine photograph tornado id ride around stormchasers days if i could get that opp
482,The best way to survive a tornado is to get on a bike and ride around in it like that old lady from that one movie. :-*,1970-01-01 00:00:00.000040660,1,Delhi,1970-01-01,[],best way survive tornado get bike ride around it like that old lady that one movie
484,The best way to survive a tornado is to get on a bike and ride around in it like that old lady from that one movie.,1970-01-01 00:00:00.000040660,1,Chennai,1970-01-01,[],best way survive tornado get bike ride around it like that old lady that one movie
485,I hate tornado weather! The car ride I took after a tornado when I was a child traumatized me! Trailer parks looked like scrap yards! #alwx,1970-01-01 00:00:00.000040660,1,Chennai,1970-01-01,[],i hate tornado weather car ride i took tornado when i child traumatized me trailer parks looked like scrap yards
486,"YES!!  Freakish wind on Bee Cave Rd. Great ride, tho! RT @CarleAldrete Cycling with @Allison_Peacock in tornado like winds.",1970-01-01 00:00:00.000040660,1,Bangalore,1970-01-01,[],yes freakish wind bee cave rd great ride tho rt cycling tornado like winds
487,We had a great ride tonight.   Despite tornado watches and t-storm warnings we rode to richland michigan and... http://fb.me/10xT1oGnZ,1970-01-01 00:00:00.000040660,0,Delhi,1970-01-01,[],we had great ride tonight despite tornado watches tstorm warnings we rode richland michigan
488,=@myzzdiamant TORNADO free ride to morrocco coming to beat u up,1970-01-01 00:00:00.000040660,0,Delhi,1970-01-01,[],tornado free ride morrocco coming beat u
490,Parachute + a tornado = a great ride,1970-01-01 00:00:00.000040660,0,Kolkata,1970-01-01,[],parachute tornado great ride
492,A bike ride during a tornado watch probably wasn't a good idea but it was a nice break from studying :) Be careful! http://tinyurl.com/ykms37h¬†,1970-01-01 00:00:00.000040660,0,Mumbai,1970-01-01,[],bike ride during tornado watch probably wasnt good idea but it nice break studying be careful
497,Watching Romie and Michelle's high school with the roomies! Great way to ride out the tornado!!,1970-01-01 00:00:00.000040660,0,Kolkata,1970-01-01,[],watching romie michelles high school roomies great way ride out tornado
499,"I was born in oklahoma during a tornado this aint shit. I use to ride tornadoes to school, fuck a bus.",1970-01-01 00:00:00.000040660,1,Kolkata,1970-01-01,[],i born oklahoma during tornado this aint shit i use ride tornadoes school fuck bus
501,"*Confused, Cloud looks back* @MLP_Tornado !! ^^ If you wanted a ride all you had to do was say so! *She smiles at him*",1970-01-01 00:00:00.000040661,1,Bangalore,1970-01-01,[],confused cloud looks back if you wanted ride you had do say she smiles him
504,Members of Alabama baseball team ride out tornado near its path. Link: http://tinyurl.com/67nmm7j.,1970-01-01 00:00:00.000040661,1,Delhi,1970-01-01,[],members alabama baseball team ride out tornado near its path link
505,=@eLLemackk at bojangles hoe take yo ass out And ride the TORNADO there to get it !Lmao,1970-01-01 00:00:00.000040661,0,Kolkata,1970-01-01,[],bojangles hoe take yo ass out ride tornado get it lmao
506,Dogs Survive Wild Ride in Tornado http://fb.me/WOrOD4b6,1970-01-01 00:00:00.000040661,0,Chennai,1970-01-01,[],dogs survive wild ride tornado
507,Dogs Survive Wild Ride in Tornado ¬ª Life With Dogs http://ping.fm/lJOHX,1970-01-01 00:00:00.000040661,0,Kolkata,1970-01-01,[],dogs survive wild ride tornado life dogs
510,Brrrattt no daaaRT @PAPuff #thuglife RT @MeLLy_NiiCe I tweetd my whole ride home in the middle of a tornado,1970-01-01 00:00:00.000040661,1,Delhi,1970-01-01,[],brrrattt daaart rt i tweetd my whole ride home middle tornado
511,#thuglife RT @MeLLy_NiiCe I tweetd my whole ride home in the middle of a tornado,1970-01-01 00:00:00.000040661,0,Kolkata,1970-01-01,[],rt i tweetd my whole ride home middle tornado
512,I tweetd my whole ride home in the middle of a tornado,1970-01-01 00:00:00.000040661,0,Hyderabad,1970-01-01,[],i tweetd my whole ride home middle tornado
514,RT @trelgotmlaughin: Tornado ahead?? Mite be a fun ride--- u crazy,1970-01-01 00:00:00.000040661,1,Mumbai,1970-01-01,[],rt tornado ahead mite be fun ride u crazy
515,Tornado ahead?? Mite be a fun ride,1970-01-01 00:00:00.000040661,0,Delhi,1970-01-01,[],tornado ahead mite be fun ride
518,Getting a ride home from the lady at the nail salon ... This is epic! Thank you tornado watch,1970-01-01 00:00:00.000040661,0,Kolkata,1970-01-01,[],getting ride home lady nail salon this epic thank you tornado watch
546,"Nice day out after all these tornado warnings, just fixed my fixie and about to ride out downtown #HipsterFlow",1970-01-01 00:00:00.000040661,0,Mumbai,1970-01-01,[],nice day out these tornado warnings fixed my fixie ride out downtown
547,Dogs Survive Wild Ride in Tornado - http://tinyurl.com/3ztysde  #dogs,1970-01-01 00:00:00.000040661,0,Bangalore,1970-01-01,[],dogs survive wild ride tornado
548,@cohenspire @TimHops I was going to look into how much it would be to ride a tornado down to SC Pecos Bill style http://is.gd/uH5Jm6,1970-01-01 00:00:00.000040661,0,Mumbai,1970-01-01,[],i going look how much it would be ride tornado down sc pecos bill style
549,@SimonJCLeBON gales in Toronto today with a tornado not far away. Glad you weren't in this - plane ride would have been a bit bumpy,1970-01-01 00:00:00.000040661,1,Hyderabad,1970-01-01,[],gales toronto today tornado far away glad you werent this plane ride would have been bit bumpy
551,"woohoo! wild weather ride in NJ. tornado warnings in 6 upper counties, nothing confirmed yet, but damage was done.  I live!",1970-01-01 00:00:00.000040661,0,Delhi,1970-01-01,[],woohoo wild weather ride nj tornado warnings upper counties nothing confirmed yet but damage done i live
552,"Must See: Extreme EF4 #tornado hits in  AL Watch from front seat , ride of your life  http://x.co/WqBS  Thankful the TaxBreak team is safe",1970-01-01 00:00:00.000040661,0,Kolkata,1970-01-01,[],must see extreme ef hits al watch front seat ride your life thankful taxbreak team safe
554,‚Äú@hornjimmie: tornado would'nt be a bad way to go out‚Äù it'd be a good ride though,1970-01-01 00:00:00.000040661,1,Chennai,1970-01-01,[],tornado wouldnt be bad way go out itd be good ride though
555,"You know in The Wizard of Oz, when the witch bikes by in the tornado? That  was my ride to work, minus Kansas and the fixation on Toto.",1970-01-01 00:00:00.000040661,1,Kolkata,1970-01-01,[],you know wizard oz when witch bikes tornado that my ride work minus kansas fixation toto
556,"""@pebbsrocks Two Dogs Survive Ride in Tornado, Found Days Later http://bit.ly/klpBIm"" // bow WOW",1970-01-01 00:00:00.000040661,0,Delhi,1970-01-01,[],two dogs survive ride tornado found days later bow wow
559,"After a terrifying car ride & a narrow escape from a potential tornado, we've made it to Myrtle! It's sunny & I spot a Chipotle #lifeisgood",1970-01-01 00:00:00.000040661,0,Hyderabad,1970-01-01,[],terrifying car ride narrow escape potential tornado weve made it myrtle its sunny i spot chipotle
560,She looked up at the tornado and thought she was going to take a ride says a tornado victim.   She just started praying.,1970-01-01 00:00:00.000040661,0,Hyderabad,1970-01-01,[],she looked tornado thought she going take ride says tornado victim she started praying
562,I'm about to go buy a helmet and wait to ride this tornado down 95,1970-01-01 00:00:00.000040661,0,Hyderabad,1970-01-01,[],im go buy helmet wait ride this tornado down
564,Dogs Survive Wild Ride in Tornado http://zite.to/iGl416 via @Ziteapp,1970-01-01 00:00:00.000040661,0,Hyderabad,1970-01-01,[],dogs survive wild ride tornado via
565,RT @Pmarti24: We are officially under the tornado watch radar right now... No bus ride for me.<be careful!,1970-01-01 00:00:00.000040661,1,Chennai,1970-01-01,[],rt we officially tornado watch radar right now bus ride mebe careful
566,RT bout to go buy hanglider and ride this tornado to whitecastle lmao @XrisXtreme @jayjay_83 wuts d haps!!!,1970-01-01 00:00:00.000040661,1,Kolkata,1970-01-01,[],rt bout go buy hanglider ride this tornado whitecastle lmao wuts d haps
567,SO U WANT ME 2 GET SWEPT UP N THIS TORNADO ? SMH !!RT @NoVaselineSmh im in Passaic @GUNS_N_LIPGLOSS lmao take da bus or get a ride lol,1970-01-01 00:00:00.000040661,1,Chennai,1970-01-01,[],u want me get swept n this tornado smh rt im passaic lmao take da bus get ride lol
570,No ride to work because of bad storms. Current weather is dry. Questioning my judgement. I better see a tornado or ima be pissed RAIN DAMMIT,1970-01-01 00:00:00.000040661,1,Mumbai,1970-01-01,[],ride work because bad storms current weather dry questioning my judgement i better see tornado ima be pissed rain dammit
571,if da tornado reach us ima stand in da middle of da street to hike a ride cause gas high and i aint puttin nun in till friday lol,1970-01-01 00:00:00.000040661,1,Delhi,1970-01-01,[],if da tornado reach us ima stand da middle da street hike ride cause gas high i aint puttin nun till friday lol
572,Lovely bike ride cut short by tornado warning STOP sent help and towels STOP,1970-01-01 00:00:00.000040661,1,Kolkata,1970-01-01,[],lovely bike ride cut short tornado warning stop sent help towels stop
573,Lmao #fuckery RT‚Äú@Snap_Aholic: Tornado watch?? Wyf??.. Im still gonna ride my dirtbike..lol‚Äù,1970-01-01 00:00:00.000040661,1,Hyderabad,1970-01-01,[],lmao rt tornado watch wyf im still gonna ride my dirtbikelol
574,Smh be safe ! Lol RT @Snap_Aholic: Tornado watch?? Wyf??.. Im still gonna ride my dirtbike..lol,1970-01-01 00:00:00.000040661,1,Hyderabad,1970-01-01,[],smh be safe lol rt tornado watch wyf im still gonna ride my dirtbikelol
575,Tornado watch? o_O? Of course the day when I have to ride a train into NY. -___-,1970-01-01 00:00:00.000040661,1,Delhi,1970-01-01,[],tornado watch oo course day when i have ride train ny
578,wooord! Agreed lmao RT @LiGhTsKiNziNN: I wouldn't mind if a #tornado hit && took all the Smuts for a ride to nowhere.,1970-01-01 00:00:00.000040661,1,Delhi,1970-01-01,[],wooord agreed lmao rt i wouldnt mind if hit took smuts ride nowhere
581,"#Dogs Survive Wild Ride in Tornado http://www.lifewithdogs.tv/2011/04/dogs-survive-wild-ride-in-tornado/¬†‚Ä¶ via @nigelbugger  Thankfully both are home safe, tks to caring pple",1970-01-01 00:00:00.000040661,1,Mumbai,1970-01-01,[],survive wild ride tornado via thankfully home safe tks caring pple
582,‚Äú@itsbritany_btch: Someone give me a ride home from school :(‚Äù omg me too . Not trying to walk home during this tornado watch lmao,1970-01-01 00:00:00.000040661,1,Chennai,1970-01-01,[],someone give me ride home school omg me trying walk home during this tornado watch lmao
584,@BanksGianni that's right cause you my ride or die..if I get sucked up in the tornado..your ass comin too lol,1970-01-01 00:00:00.000040661,1,Hyderabad,1970-01-01,[],thats right cause you my ride dieif i get sucked tornadoyour ass comin lol
588,"Just saw @lvgirl ride past on a broom and was worried about a tornado like in the Wizard of Oz, then realized it's Thursday.",1970-01-01 00:00:00.000040661,1,Delhi,1970-01-01,[],saw ride past broom worried tornado like wizard oz realized its thursday
589,@Mr_Long_Island @Cell_DeBarge shit ill ride a tornado everywhere with the way these gas prices looking!,1970-01-01 00:00:00.000040661,1,Bangalore,1970-01-01,[],shit ill ride tornado everywhere way these gas prices looking
590,Long as we got first dibs on rides lls RT @Mr_Long_Island @Shauney_BapBap @Cell_DeBarge damn tornado gone give yaw a free ride to KD...,1970-01-01 00:00:00.000040661,1,Mumbai,1970-01-01,[],long as we got first dibs rides lls rt damn tornado gone give yaw free ride kd
600,=@Shauney_BapBap @Cell_DeBarge damn TORNADO gone give yaw a free ride to KD...,1970-01-01 00:00:00.000040661,0,Bangalore,1970-01-01,[],damn tornado gone give yaw free ride kd
601,Dogs Survive Wild Ride in Tornado ¬ª http://www.lifewithdogs.tv/2011/04/dogs-survive-wild-ride-in-tornado/¬†‚Ä¶,1970-01-01 00:00:00.000040661,0,Chennai,1970-01-01,[],dogs survive wild ride tornado
604,Dogs Survive Wild Ride in Tornado ¬ª Life With Dogs: http://bit.ly/mnQ9Cv via @addthis,1970-01-01 00:00:00.000040661,0,Delhi,1970-01-01,[],dogs survive wild ride tornado life dogs via
605,"uuh mending ga usah kim RT @KimFebriani: someday I must be brave enough to ride ""tornado""!!! (Àö‚å£Àö)‡∏á",1970-01-01 00:00:00.000040661,1,Delhi,1970-01-01,[],uuh mending ga usah kim rt someday i must be brave enough ride tornado
608,"someday I must be brave enough to ride ""tornado""!!! (Àö‚å£Àö)‡∏á",1970-01-01 00:00:00.000040661,0,Kolkata,1970-01-01,[],someday i must be brave enough ride tornado
609,Dogs Survive Wild Ride in Tornado http://su.pr/2vf7tx,1970-01-01 00:00:00.000040661,0,Mumbai,1970-01-01,[],dogs survive wild ride tornado
610,‚Äú@PrinceJ5: Let's go ride the tornado... it should be fun! (Hillbilly voice)‚Äù,1970-01-01 00:00:00.000040661,0,Kolkata,1970-01-01,[],lets go ride tornado it should be fun hillbilly voice
612,get static to ride the tornado wit dat bit,1970-01-01 00:00:00.000040661,0,Delhi,1970-01-01,[],get static ride tornado wit dat bit
614,"Rain, then sunshine, now tornado warning...may be smart to just ride the trainer",1970-01-01 00:00:00.000040661,1,Chennai,1970-01-01,[],rain sunshine now tornado warningmay be smart ride trainer
615,"RT@CASHEER: #JustForAnnapolis I'm ready ride out western Maryland n do a live UStream broadcast of the #tornado action.""
Have fun..Lls",1970-01-01 00:00:00.000040661,1,Delhi,1970-01-01,[],rt im ready ride out western maryland n do live ustream broadcast action have funlls
622,I was crossing into Alabama yesterday afternoon when an enormous tornado touched down in Tuscaloosa. I was about to ride into it,1970-01-01 00:00:00.000040661,1,Chennai,1970-01-01,[],i crossing alabama yesterday afternoon when enormous tornado touched down tuscaloosa i ride it
624,@stkmkt1 You're right... I was on my way to Tuscaloosa when I was turned back with a Tornado warning. I was about to ride right into it!,1970-01-01 00:00:00.000040661,1,Mumbai,1970-01-01,[],youre right i my way tuscaloosa when i turned back tornado warning i ride right it
626,"Tornado weather, this should make for a fun ride to work",1970-01-01 00:00:00.000040661,0,Hyderabad,1970-01-01,[],tornado weather this should make fun ride work
628,"I'm to tired for this. 5 hour car ride yesterday, all day in a hospital. A freaking tornado.. Can't get any better.",1970-01-01 00:00:00.000040661,1,Chennai,1970-01-01,[],im tired this hour car ride yesterday day hospital freaking tornado cant get better
629,hahahhahaha i thought the sound of the ride on bus was a tornado hahahah omg,1970-01-01 00:00:00.000040661,0,Bangalore,1970-01-01,[],hahahhahaha i thought sound ride bus tornado hahahah omg
631,"Honestly, this tornado warning is a little scarier to ride out after watching what just happened to my friends in #Clevelandtn",1970-01-01 00:00:00.000040661,1,Mumbai,1970-01-01,[],honestly this tornado warning little scarier ride out watching what happened my friends
632,"@BenBoward, thanks so much for the ride home in this crazy tornado weather!",1970-01-01 00:00:00.000040661,0,Mumbai,1970-01-01,[],thanks much ride home this crazy tornado weather
637,=@GilPound @laurenloucarey gotta say stegeman in the basement would be a great place to ride out a TORNADO,1970-01-01 00:00:00.000040661,1,Bangalore,1970-01-01,[],gotta say stegeman basement would be great place ride out tornado
640,step 4. hold on.. and enjoy the ride.. you'll be able to tell everyone what the inside of a tornado looks like,1970-01-01 00:00:00.000040661,1,Delhi,1970-01-01,[],step hold enjoy ride youll be able tell everyone what inside tornado looks like
642,Glad to be on the ground. Bumpy ride to DC skirting the edge of tornado alley.,1970-01-01 00:00:00.000040661,1,Delhi,1970-01-01,[],glad be ground bumpy ride dc skirting edge tornado alley
643,"RT huh? Lol ""@Zealous80_four: That shit would be cool as hell if you ride a tornado. lol""",1970-01-01 00:00:00.000040661,1,Hyderabad,1970-01-01,[],rt huh lol that shit would be cool as hell if you ride tornado lol
644,That shit would be cool as hell if you ride a tornado. lol,1970-01-01 00:00:00.000040661,1,Chennai,1970-01-01,[],that shit would be cool as hell if you ride tornado lol
647,=@ChiefHava its a damn TORNADO watch And it hail comin down like someone throwin rocks at the house but i might fire up the bucket And ride,1970-01-01 00:00:00.000040661,1,Mumbai,1970-01-01,[],its damn tornado watch it hail comin down like someone throwin rocks house but i might fire bucket ride
651,J ride late nite wit my niggah arriooooo and that fool cab trav and brooke gump ass we chasin the tornado that shit straight wreck u lmao,1970-01-01 00:00:00.000040661,1,Delhi,1970-01-01,[],j ride late nite wit my niggah arriooooo that fool cab trav brooke gump ass we chasin tornado that shit straight wreck u lmao
653,"@saraalee just go to sleep, if you wake up, you'll know everything went okay, if not, you wake up in a tornado and enjoy a wild ride lol",1970-01-01 00:00:00.000040661,0,Hyderabad,1970-01-01,[],go sleep if you wake youll know everything went okay if you wake tornado enjoy wild ride lol
654,@Mr_Ivyleague LMAO! Yesssssssssssssssssss! I needed a snack to hitch a ride on the tornado and stop by here lol.,1970-01-01 00:00:00.000040661,0,Hyderabad,1970-01-01,[],lmao yesssssssssssssssssss i needed snack hitch ride tornado stop lol
655,In Georgia during a tornado watch the Fire department ride round and warn people,1970-01-01 00:00:00.000040661,0,Chennai,1970-01-01,[],georgia during tornado watch fire department ride round warn people
656,"Pitch black, pounding rain, massive lightning strikes and EBS screeching about tornado watches. Not a pleasant ride back.",1970-01-01 00:00:00.000040661,1,Bangalore,1970-01-01,[],pitch black pounding rain massive lightning strikes ebs screeching tornado watches pleasant ride back
658,"Must See: Extreme EF4 #tornado hits in #Alabama. Watch from front seat POV, literally, ride of your life #video: http://x.co/WqBS #weather",1970-01-01 00:00:00.000040661,1,Kolkata,1970-01-01,[],must see extreme ef hits watch front seat pov literally ride your life
662,Ride bicycle home during tornado sirens. Keep the faith alive. #fb,1970-01-01 00:00:00.000040661,1,Mumbai,1970-01-01,[],ride bicycle home during tornado sirens keep faith alive
663,"I rode the twister ride at universal studios, does that mean that I can be a trained tornado spotter?",1970-01-01 00:00:00.000040661,1,Bangalore,1970-01-01,[],i rode twister ride universal studios does that mean that i be trained tornado spotter
665,"=@MastaMp3 lol, i would rather ride a TORNADO than a cast member of Glee. XD",1970-01-01 00:00:00.000040661,0,Chennai,1970-01-01,[],lol i would rather ride tornado cast member glee xd
672,"hiding out in the basement duckin for cover.. got my pillow, blanket, laptop, ipod, phone and charger. ready for this ride. bring it tornado",1970-01-01 00:00:00.000040661,1,Kolkata,1970-01-01,['blanket'],hiding out basement duckin cover got my pillow blanket laptop ipod phone charger ready this ride bring it tornado
674,If u get picked up my the storm Grab a big piece of wood and Ride that tornado like ur surfin RIDE OR DIE FOOL!! Lol #fb,1970-01-01 00:00:00.000040661,1,Kolkata,1970-01-01,[],if u get picked my storm grab big piece wood ride that tornado like ur surfin ride die fool lol
676,If I get picked up my the storm Grab a big piece of wood and Ride that tornado like ur surfin RIDE OR DIE FOOL!! Lol #fb,1970-01-01 00:00:00.000040661,1,Chennai,1970-01-01,[],if i get picked my storm grab big piece wood ride that tornado like ur surfin ride die fool lol
677,I feel like I'm on a real life Twister ride. #tornado,1970-01-01 00:00:00.000040661,0,Bangalore,1970-01-01,[],i feel like im real life twister ride
679,AAYYEE real nigga! jp. RT: @CallMe_Eduardo Ay bruhh we really bout to ride out and find this baby ass whirlwind yall call a tornado,1970-01-01 00:00:00.000040661,1,Hyderabad,1970-01-01,[],aayyee real nigga jp rt ay bruhh we really bout ride out find this baby ass whirlwind yall call tornado
680,Ay bruhh we really bout to ride out and find this baby ass whirlwind yall call a tornado,1970-01-01 00:00:00.000040661,1,Hyderabad,1970-01-01,[],ay bruhh we really bout ride out find this baby ass whirlwind yall call tornado
684,"*pushes the cloud as fast as he can* ‚ô´ I can open your eyes /Take you wonder by wonder/ Over, sideways and under /On a magic carpet ride ‚ô´",1970-01-01 00:00:00.000040661,1,Chennai,1970-01-01,[],pushes cloud as fast as he i open your eyes take you wonder wonder sideways magic carpet ride
685,RT @WickedNemesis: @fasteddielayne is ok!!!!! Was in strip club with no service on phone. Great place to ride out #tornado,1970-01-01 00:00:00.000040661,0,Mumbai,1970-01-01,[],rt ok strip club service phone great place ride out
686,@fasteddielayne is ok!!!!! Was in strip club with no service on phone. Great place to ride out #tornado,1970-01-01 00:00:00.000040661,0,Bangalore,1970-01-01,[],ok strip club service phone great place ride out
687,never been more afraid of a tornado in my life! what a ride home...i can't believe i used to like the movie twister!,1970-01-01 00:00:00.000040661,0,Hyderabad,1970-01-01,[],never been afraid tornado my life what ride homei cant believe i used like movie twister
688,i love how me and mandi are crazy enough to ride our bikes to walmart during a thunder storm and tornado warnings lol,1970-01-01 00:00:00.000040661,0,Hyderabad,1970-01-01,[],i love how me mandi crazy enough ride our bikes walmart during thunder storm tornado warnings lol
689,She said she gone ride the tornado. Jesus be a major safety harness,1970-01-01 00:00:00.000040661,0,Mumbai,1970-01-01,[],she said she gone ride tornado jesus be major safety harness
690,"Nice ride between tornado watches and severe thunderstorm warnings. Sheesh! 32 miles, last 9 with 20mph headwind and rain. #30daysofbiking",1970-01-01 00:00:00.000040661,0,Chennai,1970-01-01,[],nice ride between tornado watches severe thunderstorm warnings sheesh miles last mph headwind rain
691,"@CeliaJONASBIEB If I'm able to go, can find a ride, and there's no storm (tornado watch tomorrow) then YESSS!",1970-01-01 00:00:00.000040661,0,Delhi,1970-01-01,[],if im able go find ride theres storm tornado watch tomorrow yesss
692,As U Should.. Lol RT @phebeaux @DrWhite101 I'm taking a ride on the tornado as far west as it'll take me! Then hitchhike my way to la :),1970-01-01 00:00:00.000040661,0,Mumbai,1970-01-01,[],as u should lol rt im taking ride tornado as far west as itll take me hitchhike my way la
693,@DrWhite101 I'm taking a ride on the tornado as far west as it'll take me! Then hitchhike my way to la :),1970-01-01 00:00:00.000040661,0,Kolkata,1970-01-01,[],im taking ride tornado as far west as itll take me hitchhike my way la
694,"On the Tornado ride yesterday. As I recall, @irawanmichael thought this was ride ""SAMPAHHH!"" LOL :P http://plixi.com/p/96564493",1970-01-01 00:00:00.000040661,0,Chennai,1970-01-01,[],tornado ride yesterday as i recall thought this ride sampahhh lol p
695,Had fun tornado watching <-i think that's the right term with @i_KiWi_SkeeWee ride or die foo lol,1970-01-01 00:00:00.000040661,0,Kolkata,1970-01-01,[],had fun tornado watching i think thats right term ride die foo lol
696,Plan: ride out tornado watch on 2nd floor of old townhouse w fire oven (@ 2 Amys) http://4sq.com/kbAJoa,1970-01-01 00:00:00.000040661,0,Chennai,1970-01-01,[],plan ride out tornado watch nd floor old townhouse w fire oven amys
697,@Blacknell I had an awesome ride this morning in a torrential downpour (no tornado threat though).,1970-01-01 00:00:00.000040661,0,Mumbai,1970-01-01,[],i had awesome ride this morning torrential downpour tornado threat though
700,:-\ gotta ride on the motorcycle back home. .... if I tweet that mean I made it safely if I don't then I died In the tornado.,1970-01-01 00:00:00.000040661,1,Bangalore,1970-01-01,[],gotta ride motorcycle back home if i tweet that mean i made it safely if i dont i died tornado
0,Tornado near Gentry!! I hope all the animals are okay!!! Maybe not the monkeys....yuck. Or the buffalo that tried to maul my car.,1970-01-01 00:00:00.000040655,0,Hyderabad,1970-01-01,[],tornado near gentry i hope animals okay maybe monkeysyuck buffalo that tried maul my car
2,In the car on the way to my moms friends. Good chance of tornado. Joy!,1970-01-01 00:00:00.000040655,0,Hyderabad,1970-01-01,[],car way my moms friends good chance tornado joy
3,Well my car needs a bath but the car wash I usually go to was completely destroyed by the tornado...not getting washed today,1970-01-01 00:00:00.000040655,0,Kolkata,1970-01-01,[],well my car needs bath but car wash i usually go completely destroyed tornadonot getting washed today
4,=@aspiring_BREed Wow i wouldnt know what to Do If i was in a car while there was a TORNADO outside.,1970-01-01 00:00:00.000040655,0,Kolkata,1970-01-01,[],wow i wouldnt know what do if i car while tornado outside
5,the tornado sirens are going off while im in the car on the way home. #fun #not,1970-01-01 00:00:00.000040655,0,Chennai,1970-01-01,[],tornado sirens going off while im car way home
6,"tornado watch in effect..storm chaser car just sped past us. hm, let's follow them",1970-01-01 00:00:00.000040655,0,Hyderabad,1970-01-01,[],tornado watch effectstorm chaser car sped past us hm lets follow them
8,Cool just heard sirens on the speakers in a small town. If its another damn tornado I'm gunna freak exp since I'm in my car!!,1970-01-01 00:00:00.000040655,0,Bangalore,1970-01-01,[],cool heard sirens speakers small town if its another damn tornado im gunna freak exp since im my car
9,"Jimmie Johnson, Rick Hendrick to help replace cars destroyed in tornado http://bit.ly/ePUlE2 What a great way to boost business for Hendrick",1970-01-01 00:00:00.000040655,0,Mumbai,1970-01-01,[],jimmie johnson rick hendrick help replace cars destroyed tornado what great way boost business hendrick
10,AHHH another tornado watch and hale!  My poor car....convertible bugs don't need to b in OK,1970-01-01 00:00:00.000040655,1,Kolkata,1970-01-01,[],ahhh another tornado watch hale my poor carconvertible bugs dont need b ok
12,"Video - Man Films Tornado in his Car as it Passes By: 
Unbelievable video, I would've been freaking out!
Highway... http://bit.ly/gfZrlS",1970-01-01 00:00:00.000040655,1,Delhi,1970-01-01,[],video man films tornado his car as it passes unbelievable video i wouldve been freaking out highway
14,Well.. Just sent Karla to Car Mart to sell cars and storm spot. Tornado Watch likely next hour. LOL,1970-01-01 00:00:00.000040655,0,Bangalore,1970-01-01,[],well sent karla car mart sell cars storm spot tornado watch likely next hour lol
15,Ain't shit. Lost the crib and car in the tornado last week but I'm bout 2 pull a rabbit out the hat in a second @IAMFATMAC,1970-01-01 00:00:00.000040655,1,Chennai,1970-01-01,[],aint shit lost crib car tornado last week but im bout pull rabbit out hat second
17,@CJLeMaster   ...was there for all the nasty storms and the tornado outbreak....actually have some hail dents in my car!,1970-01-01 00:00:00.000040655,1,Bangalore,1970-01-01,[],nasty storms tornado outbreakactually have hail dents my car
18,I'm n the car with these ppl from work. They talkin about stop and get in a ditch if we see a tornado. FUCK ALL THAT!,1970-01-01 00:00:00.000040655,1,Hyderabad,1970-01-01,[],im n car these ppl work they talkin stop get ditch if we see tornado fuck that
40,North Car.: Gov. Perdue Secures Federal Disaster Declaration for Eight More Tornado Ravaged Counties - Press Rel... http://bit.ly/guWs3F,1970-01-01 00:00:00.000040655,1,Mumbai,1970-01-01,[],north car gov perdue secures federal disaster declaration eight tornado ravaged counties press rel
43,"Richmond County got lucky: ...  A tree speared a car on Brentwood Avenue, Raleigh. Contributed A tornado overtur... http://bit.ly/gkY7rc",1970-01-01 00:00:00.000040655,1,Bangalore,1970-01-01,[],richmond county got lucky tree speared car brentwood avenue raleigh contributed tornado overtur
44,7th most tweeted VIDEO in Games || tornado passes by a man in a car on his cell... http://bit.ly/honb6E,1970-01-01 00:00:00.000040655,1,Kolkata,1970-01-01,[],th tweeted video games tornado passes man car his cell
45,5th most tweeted VIDEO in Games || tornado passes by a man in a car on his cell... http://bit.ly/honb6E,1970-01-01 00:00:00.000040655,1,Mumbai,1970-01-01,[],th tweeted video games tornado passes man car his cell
47,Cars get condiments; Molotov tosser gets guilty; Bay Township gets tornado - http://eepurl.com/dvflj,1970-01-01 00:00:00.000040655,1,Mumbai,1970-01-01,[],cars get condiments molotov tosser gets guilty bay township gets tornado
48,6th most tweeted VIDEO in Games || tornado passes by a man in a car on his cell... http://bit.ly/honb6E,1970-01-01 00:00:00.000040655,1,Bangalore,1970-01-01,[],th tweeted video games tornado passes man car his cell
49,3rd most tweeted VIDEO in Games || tornado passes by a man in a car on his cell... http://bit.ly/honb6E,1970-01-01 00:00:00.000040655,1,Bangalore,1970-01-01,[],rd tweeted video games tornado passes man car his cell
52,"""the only way were not getting this fucking pay check is if the tornado sucks our car up on the way there!"" - @DrewZuerlein #typical",1970-01-01 00:00:00.000040655,1,Chennai,1970-01-01,[],way getting this fucking pay check if tornado sucks our car way
53,I liked a @YouTube video http://youtu.be/aijg8hWU4fM?a tornado passes by a man in a car on his cell...,1970-01-01 00:00:00.000040655,1,Chennai,1970-01-01,[],i liked video tornado passes man car his cell
55,How calm can you get? Check this video out -- tornado passes by a man in a car on his cell... http://www.youtube.com/watch?v=aijg8hWU4fM&feature=share¬†‚Ä¶ via @youtube,1970-01-01 00:00:00.000040655,1,Kolkata,1970-01-01,[],how calm you get check this video out tornado passes man car his cell via
56,"Well twitter world since we last talked I got a car, went into hiding due to tornado threats and life is falling into place. How are you?",1970-01-01 00:00:00.000040655,1,Hyderabad,1970-01-01,[],well twitter world since we last talked i got car went hiding due tornado threats life falling place how you
57,"=@abbynormal0ne thats awesome , that man has got some balls to face down a TORNADO in a car",1970-01-01 00:00:00.000040655,1,Mumbai,1970-01-01,[],thats awesome that man has got balls face down tornado car
58,"This nigga said he was in the car eatin lunch and the tornado came and took his burger, fries, and drink. Lmao",1970-01-01 00:00:00.000040655,1,Bangalore,1970-01-01,[],this nigga said he car eatin lunch tornado came took his burger fries drink lmao
59,Hail  and tornado preparation. 2 car garage. BAM! :)  @ Home http://instagr.am/p/DhPQ4/,1970-01-01 00:00:00.000040657,0,Bangalore,1970-01-01,[],hail tornado preparation car garage bam home
61,so there was a crack on my windshield from the tornado & it wasn't too bad but I washed my car today and the crack got bigger.whatthefck?,1970-01-01 00:00:00.000040657,1,Mumbai,1970-01-01,[],crack my windshield tornado it wasnt bad but i washed my car today crack got biggerwhatthefck
63,"Driving threw a tornado, text @RossRatcliff telling him. His response, I'll take your new car..... Thanks, I'm glad you care. :)",1970-01-01 00:00:00.000040657,0,Hyderabad,1970-01-01,[],driving threw tornado text telling him his response ill take your new car thanks im glad you care
65,IG me and my cousin moved to St.Louis just to have our House and Cars fucked up over a tornado,1970-01-01 00:00:00.000040657,1,Bangalore,1970-01-01,[],ig me my cousin moved stlouis have our house cars fucked tornado
68,Bad day with this tornado abusing my car but hopefully tomorrow will be better,1970-01-01 00:00:00.000040657,1,Chennai,1970-01-01,[],bad day this tornado abusing my car but hopefully tomorrow be better
69,"Im tiered of all this tornado stuff my dad stoping the car to take a picture,its to hot for this ishhh",1970-01-01 00:00:00.000040657,1,Delhi,1970-01-01,[],im tiered this tornado stuff my dad stoping car take pictureits hot this ishhh
70,I'm pretty sure a tornado is about to swoop down and take our car. Pulled over cause we can't see in this rain!,1970-01-01 00:00:00.000040657,1,Hyderabad,1970-01-01,[],im pretty sure tornado swoop down take our car pulled cause we cant see this rain
71,"Back to tornado alley, half expecting my car to be through a barn with a cow in the front seat when I arrive.",1970-01-01 00:00:00.000040657,0,Delhi,1970-01-01,[],back tornado alley half expecting my car be through barn cow front seat when i arrive
73,Why do tornado sirens always go off when I'm in the car?! And Davidson County needs a new siren. Ours is so annoying.,1970-01-01 00:00:00.000040657,1,Chennai,1970-01-01,[],why do tornado sirens always go off when im car davidson county needs new siren ours annoying
74,This tornado warning is worthless. Fixing to key this weather reporters car with a hatchet. You r ruining my Easter 1 stormtracker at a time,1970-01-01 00:00:00.000040657,1,Bangalore,1970-01-01,[],this tornado warning worthless fixing key this weather reporters car hatchet you r ruining my easter stormtracker time
75,"North Carolina tornado victims relocated - One week ago, more than two dozen tornados swept across eastern North Car... http://ow.ly/1ck4r1",1970-01-01 00:00:00.000040657,0,Delhi,1970-01-01,[],north carolina tornado victims relocated one week ago two dozen tornados swept across eastern north car
100,"@MikeMGB Am thinking if the tornado had hit your car and the top was down, the carpets might have gotten a good cleaning.  #GladYourOK",1970-01-01 00:00:00.000040657,0,Hyderabad,1970-01-01,[],am thinking if tornado had hit your car top down carpets might have gotten good cleaning
101,Tornado shudda dropped me a new car off... CuxEz.,1970-01-01 00:00:00.000040657,0,Kolkata,1970-01-01,[],tornado shudda dropped me new car off cuxez
102,Holy SHit.. this tornado is angry!! Things are flying &branches are everywhere.! my car is shaking from the wind.. uhm. Should I be scared?,1970-01-01 00:00:00.000040657,1,Mumbai,1970-01-01,[],holy shit this tornado angry things flying branches everywhere my car shaking wind uhm should i be scared
105,@blairlindsey463 Bahaha! Did he go tornado chasing? The guys who dropped me off at my car wanted to do that and I said no thanks!!,1970-01-01 00:00:00.000040657,1,Hyderabad,1970-01-01,[],bahaha did he go tornado chasing guys who dropped me off my car wanted do that i said thanks
106,Irritates me so much when people drive thru a tornado's trail just to gawk. If you want to see it so bad get outta ur car & HELP! #bridgeton,1970-01-01 00:00:00.000040657,1,Bangalore,1970-01-01,[],irritates me much when people drive thru tornados trail gawk if you want see it bad get outta ur car help
108,"So unless the SUVs I parked between banged into my car, it should be ok! If only everyone else could be so lucky. #stl #prayers #tornado",1970-01-01 00:00:00.000040657,1,Kolkata,1970-01-01,[],unless suvs i parked between banged my car it should be ok if everyone else could be lucky
109,"Interesting day so far, test drove cars and found out that our oven is actually a tornado alarm.",1970-01-01 00:00:00.000040657,1,Bangalore,1970-01-01,[],interesting day far test drove cars found out that our oven actually tornado alarm
116,RT @ChrisCarter3 The tornado killed one of my cars.. yfrog.com/h8gmxwzj yfrog.com/gz5lvqzj | OMG Chris!!! I'm sorry that happened to u!!,1970-01-01 00:00:00.000040657,1,Chennai,1970-01-01,[],rt tornado killed one my cars yfrogcomhgmxwzj yfrogcomgzlvqzj omg chris im sorry that happened u
117,"@SociallyLinked: FOR IMMEDIATE RELEASE. ""HEROES UNIFIED for Ala Tornado Relief"" this Tues at Old Car Heaven **PLS RT** http://j.mp/meNFii",1970-01-01 00:00:00.000040664,1,Delhi,1970-01-01,[],immediate release heroes unified ala tornado relief this tues old car heaven pls rt
118,"RT @SociallyLinked: FOR IMMEDIATE RELEASE. ""HEROES UNIFIED for Ala Tornado Relief"" this Tues at Old Car Heaven **PLS RT** http://j.mp/meNFii",1970-01-01 00:00:00.000040664,1,Chennai,1970-01-01,[],rt immediate release heroes unified ala tornado relief this tues old car heaven pls rt
119,"RT @XLprez: FOR IMMEDIATE RELEASE >> ""HEROES UNIFIED for Alabama Tornado Relief"" this Tuesday at Old Car ... http://tmi.me/9Cn0w",1970-01-01 00:00:00.000040664,1,Delhi,1970-01-01,[],rt immediate release heroes unified alabama tornado relief this tuesday old car
120,"He's right. ""@kevin_powell: Driver just told me if tornado is in our path to Memphis we are better off in a ditch than the car. Um, okay.""",1970-01-01 00:00:00.000040664,1,Delhi,1970-01-01,[],hes right driver told me if tornado our path memphis we better off ditch car um okay
121,"FOR IMMEDIATE RELEASE >> ""HEROES UNIFIED for Alabama Tornado Relief"" this Tuesday at Old Car Heaven ***PLS RT*** http://ow.ly/d/eqg",1970-01-01 00:00:00.000040664,1,Chennai,1970-01-01,[],immediate release heroes unified alabama tornado relief this tuesday old car heaven pls rt
125,"RT @kevin_powell: Driver just told me if tornado is in our path to Memphis we are better off in a ditch than the car. Um, okay.",1970-01-01 00:00:00.000040664,1,Delhi,1970-01-01,[],rt driver told me if tornado our path memphis we better off ditch car um okay
126,"#fact RT @kevin_powell: Driver just told me if tornado is in our path to Memphis we are better off in a ditch than the car. Um, okay.",1970-01-01 00:00:00.000040664,1,Hyderabad,1970-01-01,[],rt driver told me if tornado our path memphis we better off ditch car um okay
128,"Driver just told me if tornado is in our path to Memphis we are better off in a ditch than the car. Um, okay.",1970-01-01 00:00:00.000040664,1,Delhi,1970-01-01,[],driver told me if tornado our path memphis we better off ditch car um okay
129,Just uploaded a picture of what the tornado in alabama did to my lil bro house and car smh come home bro yu can live here,1970-01-01 00:00:00.000040664,0,Bangalore,1970-01-01,[],uploaded picture what tornado alabama did my lil bro house car smh come home bro yu live
131,"Quick Photo: In between thunderstorms and tornado warnings, I cleaned the car up a bit and had a chance to take ... http://bit.ly/jl1rPO",1970-01-01 00:00:00.000040664,0,Kolkata,1970-01-01,[],quick photo between thunderstorms tornado warnings i cleaned car bit had chance take
132,Story filed from Birmingham. Now off to find a car and room. More on the ground federal #tornado response coverage continues tomorrow.,1970-01-01 00:00:00.000040664,1,Mumbai,1970-01-01,[],story filed birmingham now off find car room ground federal response coverage continues tomorrow
134,Damn lookin at this tornado damage on 280.....I mean houses and cars all fucked up ..... #blessed,1970-01-01 00:00:00.000040664,1,Mumbai,1970-01-01,[],damn lookin this tornado damage i mean houses cars fucked
136,Coaster Cars: Tornado track: Fast 3D racing game on roller coaster. http://bit.ly/mHgnQO,1970-01-01 00:00:00.000040664,1,Hyderabad,1970-01-01,[],coaster cars tornado track fast d racing game roller coaster
157,Tornado warning cnclld but storm core is supp to go right through our neighborhood around 5pm. We're moving our cars away from the trees.,1970-01-01 00:00:00.000040664,1,Delhi,1970-01-01,[],tornado warning cnclld but storm core supp go right through our neighborhood around pm moving our cars away trees
158,Tornado sirens and I'm in my car. Great!!!!,1970-01-01 00:00:00.000040664,0,Hyderabad,1970-01-01,[],tornado sirens im my car great
159,My car wouldnt start so I had to walk to church. As I walk back in the rain someone tells me to get inside cuz of a tornado warning #lucky,1970-01-01 00:00:00.000040664,0,Mumbai,1970-01-01,[],my car wouldnt start i had walk church as i walk back rain someone tells me get inside cuz tornado warning
160,Driving in the car and the tornado sirens go off Ian never drove in a storm but one time and that shit was fun...#lego,1970-01-01 00:00:00.000040664,1,Kolkata,1970-01-01,[],driving car tornado sirens go off ian never drove storm but one time that shit fun
162,@11in11Embracer same here! have a few friends in AL who were hit by that horrid tornado. they are all ok but their homes and cars are not,1970-01-01 00:00:00.000040664,1,Mumbai,1970-01-01,[],have friends al who hit that horrid tornado they ok but their homes cars
164,=@BenKasica  i live in TORNADO alley!Crazy How something can literally put a car thru telephone pole,1970-01-01 00:00:00.000040664,1,Hyderabad,1970-01-01,[],i live tornado alleycrazy how something literally put car thru telephone pole
165,Hail damage to my car :( - Watch Tornado Videos Online: Frequently Asked Questions About Automotive Hail Damage ... http://bit.ly/iQIUL8,1970-01-01 00:00:00.000040664,1,Kolkata,1970-01-01,[],hail damage my car watch tornado videos online frequently asked questions automotive hail damage
167,Woke up ready 4 church but my moma took my car 2 wrk so I said a prayer 4 myself an also the tornado victims an my tweet fam.... Óêù#blessed,1970-01-01 00:00:00.000040664,1,Delhi,1970-01-01,[],woke ready church but my moma took my car wrk i said prayer myself also tornado victims my tweet fam
169,"RT @aaelsoukkary: If anyone wants a tuscaloosa tornado relief car decal, they're $5. They come in red and houndstooth. Let me know asap!",1970-01-01 00:00:00.000040664,1,Delhi,1970-01-01,[],rt if anyone wants tuscaloosa tornado relief car decal theyre they come red houndstooth let me know asap
170,"If anyone wants a tuscaloosa tornado relief car decal, they're $5. They come in red and houndstooth. Let me know asap!",1970-01-01 00:00:00.000040664,1,Bangalore,1970-01-01,[],if anyone wants tuscaloosa tornado relief car decal theyre they come red houndstooth let me know asap
171,Invincible Tornado Flash Turbo Twister Stunt Truck Multifunctional Lunar Car RC Magic Aerobatic Car: Brand: LXSp... http://bit.ly/jmXGIG,1970-01-01 00:00:00.000040664,1,Chennai,1970-01-01,[],invincible tornado flash turbo twister stunt truck multifunctional lunar car rc magic aerobatic car brand lxsp
172,"This fuckin storm is creeping me out, and where the hell am I... THE CAR it would be just my luck if a tornado came! Lol",1970-01-01 00:00:00.000040664,1,Mumbai,1970-01-01,[],this fuckin storm creeping me out where hell am i car it would be my luck if tornado came lol
173,Tornado Victim Tommy Evans Liked Working On Old Cars: http://extendedweatherforecast.extendedstay7.com/tornado-victim-tommy-evans-liked-...,1970-01-01 00:00:00.000040664,1,Mumbai,1970-01-01,[],tornado victim tommy evans liked working old cars
175,"RT @KaiDavid: Its raining so hard, I couldn't see 15 feet in front of the car. Lowkey thought we were about to be sucked up by a tornado lol",1970-01-01 00:00:00.000040664,1,Mumbai,1970-01-01,[],rt its raining hard i couldnt see feet front car lowkey thought we be sucked tornado lol
176,=@badgerbama88 her area is finally eligible for federal disaster relief. She really NEEDS the help. TORNADO hit their cars & their home,1970-01-01 00:00:00.000040664,1,Chennai,1970-01-01,[],her area finally eligible federal disaster relief she really needs help tornado hit their cars their home
177,"Hello firetruck, ambulance and cop car. Apparently if its not a nightly tornado siren its an emergency button. So eventful in this apart ...",1970-01-01 00:00:00.000040664,1,Chennai,1970-01-01,[],hello firetruck ambulance cop car apparently if its nightly tornado siren its emergency button eventful this apart
178,how do u react when you are within several hundred feet of a massive and destructive tornado protected by only your car,1970-01-01 00:00:00.000040664,1,Chennai,1970-01-01,[],how do u react when you within several hundred feet massive destructive tornado protected your car
181,Concerns so far: the sounds of beccas car. A tornado. Becca ran a txtag. #wemaydie @beccamayyyy @ashtonfierce the new concern: beccas signal,1970-01-01 00:00:00.000040664,1,Mumbai,1970-01-01,[],concerns far sounds beccas car tornado becca ran txtag new concern beccas signal
182,@Had2011 wow hat sux. A guy from church goes 2 Bama. His car's window got busted & that's all. He says the looting is worse than the tornado,1970-01-01 00:00:00.000040664,1,Mumbai,1970-01-01,[],wow hat sux guy church goes bama his cars window got busted thats he says looting worse tornado
185,"I'm freaking myself out. That may have just been a police car circling the block a few times, but it sounded like tornado sirens to me.",1970-01-01 00:00:00.000040664,0,Kolkata,1970-01-01,[],im freaking myself out that may have been police car circling block times but it sounded like tornado sirens me
186,omg... super super big wind in the trader joe's plaza.. created like a tornado of leaves. good thing we got in the car on time ^_^,1970-01-01 00:00:00.000040664,1,Delhi,1970-01-01,[],omg super super big wind trader joes plaza created like tornado leaves good thing we got car time
187,"RT @XLprez: This Tuesday at Old Car Heaven ""HEROES UNITED for B'ham Tornado Relief"" feat over 20+ performances, guest speakers & more!",1970-01-01 00:00:00.000040664,1,Kolkata,1970-01-01,[],rt this tuesday old car heaven heroes united bham tornado relief feat performances guest speakers
189,Race YOUR OWN CAR on the track at Talladega!! Donate $50 to Red Cross for tornado relief May 6-8.  Details: http://bit.ly/kfy9fP #NASCAR,1970-01-01 00:00:00.000040663,1,Bangalore,1970-01-01,[],race your car track talladega donate red cross tornado relief may details
190,PLZ RT Tallegeda Superspeedway offers for a $50 red cross donation a chance to drive your car on the track to benefit tornado victims,1970-01-01 00:00:00.000040663,1,Hyderabad,1970-01-01,[],plz rt tallegeda superspeedway offers red cross donation chance drive your car track benefit tornado victims
194,"RT @SebastianKole: RT @iSpyRW ..this Tuesday at Old Car Heaven ""HEROES UNITED for Birmingham Tornado Relief"" featuring over 20+ performances",1970-01-01 00:00:00.000040663,1,Chennai,1970-01-01,[],rt rt this tuesday old car heaven heroes united birmingham tornado relief featuring performances
195,"RT @iSpyRW ...this Tuesday at Old Car Heaven ""HEROES UNITED for Birmingham Tornado Relief"" featuring over 20+ performances,",1970-01-01 00:00:00.000040663,1,Delhi,1970-01-01,[],rt this tuesday old car heaven heroes united birmingham tornado relief featuring performances
196,"RT @ActionAlabama this Tuesday at Old Car Heaven ""HEROES UNITED 4 Birmingham Tornado Relief"" over 20+ performances, guest speakers & more!",1970-01-01 00:00:00.000040663,1,Bangalore,1970-01-01,[],rt this tuesday old car heaven heroes united birmingham tornado relief performances guest speakers
197,"...this Tuesday at Old Car Heaven ""HEROES UNITED for Birmingham Tornado Relief"" featuring over 20+ performances, guest speakers, and more!",1970-01-01 00:00:00.000040663,1,Bangalore,1970-01-01,[],this tuesday old car heaven heroes united birmingham tornado relief featuring performances guest speakers
201,RC Nitro Nitro Gas RC Buggy 4WD Truck 1/10 Car New TORNADO S30 http://bit.ly/kDqWYh nitro rc parts,1970-01-01 00:00:00.000040663,1,Hyderabad,1970-01-01,[],rc nitro nitro gas rc buggy wd truck car new tornado s nitro rc parts
207,@DeenaNicoleMTV at least this isn't your car...picture from Tuscaloosa Alabama after tornado http://yfrog.com/h7qndbnj,1970-01-01 00:00:00.000040663,1,Mumbai,1970-01-01,[],least this isnt your carpicture tuscaloosa alabama tornado
228,"@LinzLuvs So you're in a country, a bomb goes off, you're okay. Your family is in a tornado, but they're okay. @PhillyD is in a car...",1970-01-01 00:00:00.000040663,1,Mumbai,1970-01-01,[],youre country bomb goes off youre okay your family tornado but theyre okay car
231,Nevr take your wall charger for granted people. It takes 4ever 2 get even half a charge n the car alone. Can't wait for pwr. Tornado u suck!,1970-01-01 00:00:00.000040663,1,Mumbai,1970-01-01,[],nevr take your wall charger granted people it takes ever get even half charge n car alone cant wait pwr tornado u suck
234,"After The Monster Tsunami, The Super Tornado - Truth About Cars (blog) http://ow.ly/1cqgAR",1970-01-01 00:00:00.000040663,1,Delhi,1970-01-01,[],monster tsunami super tornado truth cars blog
235,Going to clean out my car. This beast looks like a tornado hit it with clothes and stuff haha,1970-01-01 00:00:00.000040663,1,Hyderabad,1970-01-01,[],going clean out my car this beast looks like tornado hit it clothes stuff haha
236,Footage from 2 young UA students in their car during the tornado in Tuscaloosa http://j.mp/jq28S9,1970-01-01 00:00:00.000040663,1,Delhi,1970-01-01,[],footage young ua students their car during tornado tuscaloosa
237,RT @SHOESTIED_Shrug: Tht all star car lot gt hit by the tornado damn most of thm cars fckd,1970-01-01 00:00:00.000040663,1,Hyderabad,1970-01-01,[],rt tht star car lot gt hit tornado damn thm cars fckd
238,My mom is in this car singing a song that my great great aunt allegedly wrote about a tornado back in the day lmao.,1970-01-01 00:00:00.000040663,1,Chennai,1970-01-01,[],my mom this car singing song that my great great aunt allegedly wrote tornado back day lmao
239,RC Nitro Nitro Gas RC Buggy 4WD Truck 1/10 Car New TORNADO S30 http://bit.ly/kNxtW3 nitro rc parts,1970-01-01 00:00:00.000040663,1,Bangalore,1970-01-01,[],rc nitro nitro gas rc buggy wd truck car new tornado s nitro rc parts
243,"RT @judahzone: Wow!! $4,500 worth of damage done to my car during the storm/tornado.. Thank God for insurance.. #makesureyourinsured",1970-01-01 00:00:00.000040663,1,Delhi,1970-01-01,[],rt wow worth damage done my car during stormtornado thank god insurance
245,Invincible Tornado Flash Turbo Twister Stunt Truck Multifunctional Lunar Car RC Magic Aerobatic Car: Brand: LXSp... http://bit.ly/kpPpsO,1970-01-01 00:00:00.000040663,1,Delhi,1970-01-01,[],invincible tornado flash turbo twister stunt truck multifunctional lunar car rc magic aerobatic car brand lxsp
246,Well fuck that ruined my strategy now. We can get my car till next weekend now because Steve's trailer broke in the tornado. Damn. :(,1970-01-01 00:00:00.000040663,1,Hyderabad,1970-01-01,[],well fuck that ruined my strategy now we get my car till next weekend now because steves trailer broke tornado damn
247,Tornado Victim Tommy Evans Liked Working On Old Cars http://goo.gl/fb/vBogP,1970-01-01 00:00:00.000040663,1,Mumbai,1970-01-01,[],tornado victim tommy evans liked working old cars
248,"Wow!! $4,500 worth of damage done to my car during the storm/tornado.. Thank God for insurance.. #makesureyourinsured",1970-01-01 00:00:00.000040663,1,Delhi,1970-01-01,[],wow worth damage done my car during stormtornado thank god insurance
253,Nitro Gas RC Buggy 4WD Truck 1/10 Car New TORNADO S30: Nitro Gas RC Buggy 4WD Truck 1/10 Car New TORNADO S30 US ... http://bit.ly/jZW6z7,1970-01-01 00:00:00.000040663,1,Chennai,1970-01-01,[],nitro gas rc buggy wd truck car new tornado s nitro gas rc buggy wd truck car new tornado s us
254,RC Nitro Nitro Gas RC Buggy 4WD Truck 1/10 Car New TORNADO S30 http://bit.ly/lZz3hL nitro rc parts,1970-01-01 00:00:00.000040663,1,Chennai,1970-01-01,[],rc nitro nitro gas rc buggy wd truck car new tornado s nitro rc parts
255,"That tornado down here in Alabama was really off da chain!  I just saw brand new homes with the roof gone, cars totaled, etc!",1970-01-01 00:00:00.000040663,1,Hyderabad,1970-01-01,[],that tornado down alabama really off da chain i saw brand new homes roof gone cars totaled etc
256,"http://trunc.it/g9zcz Marine sits in Car calmly talking on cell phone watches a EF2 Tornado come directly to him, and pass him by ""unreal""",1970-01-01 00:00:00.000040663,1,Bangalore,1970-01-01,[],marine sits car calmly talking cell phone watches ef tornado come directly him pass him unreal
258,"Hysteria, power surge, tornado, Halilintar, and Bumper car (just now), upcoming: kora2, Niagara2, n istana boneka :D #doohvan",1970-01-01 00:00:00.000040663,1,Delhi,1970-01-01,[],hysteria power surge tornado halilintar bumper car now upcoming kora niagara n istana boneka d
259,"Lets help people up north understand that even after a Tornado, people in Alabama are smart, able to rebuild and car... http://bit.ly/f6zipP",1970-01-01 00:00:00.000040663,1,Mumbai,1970-01-01,[],lets help people north understand that even tornado people alabama smart able rebuild car
260,"Tornado hit us in Peterborough, Ontario yesterday.. No power, tree almost fell on friends new car, no money, ATMs shut..it was strange.",1970-01-01 00:00:00.000040663,1,Chennai,1970-01-01,[],tornado hit us peterborough ontario yesterday power tree almost fell friends new car money atms shutit strange
261,"""I bust the windows out yo car...and house and home and mall"" - @MizzTiffy3 ""thats what the tornado said"" LMFAOO i know its wrong...",1970-01-01 00:00:00.000040663,1,Chennai,1970-01-01,[],i bust windows out yo carand house home mall thats what tornado said lmfaoo i know its wrong
263,"Wayne Drash visits tornado-ravaged Alabama and finds cars in trees, homes in ruins and stories of survival http://on.cnn.com/lCpRTt",1970-01-01 00:00:00.000040663,1,Hyderabad,1970-01-01,[],wayne drash visits tornadoravaged alabama finds cars trees homes ruins stories survival
264,@zeus30hightower I'm blessed to be alive. My house was on 15th. Tornado got my car & house.,1970-01-01 00:00:00.000040663,1,Hyderabad,1970-01-01,[],im blessed be alive my house th tornado got my car house
265,Just left the heart of where the tornado hit all I saw was flipped cars and broken down homes #prayforalabama,1970-01-01 00:00:00.000040663,1,Bangalore,1970-01-01,[],left heart where tornado hit i saw flipped cars broken down homes
266,"a car,......a freakin car picked up by an EF 5 tornado hit our water tower............A CAR PICKED UP BY THE MOST POWERFUL THING ON EARTH!!!",1970-01-01 00:00:00.000040663,1,Kolkata,1970-01-01,['water'],cara freakin car picked ef tornado hit our water towera car picked powerful thing earth
268,One of our families lost a car in the Tuscaloosa tornado.  Do you have an extra car that you would be willing to donate to them?,1970-01-01 00:00:00.000040663,0,Chennai,1970-01-01,[],one our families lost car tuscaloosa tornado do you have extra car that you would be willing donate them
272,Listening to the NFL draft 2nd and 3rd rounds on radio in my car with book & lantern is more boring than T.V. #madison #alabama #tornado,1970-01-01 00:00:00.000040663,1,Bangalore,1970-01-01,[],listening nfl draft nd rd rounds radio my car book lantern boring tv
275,Car sick from watching a video of someone driving and filming the tornado aftermath..isn't it enough to make you sick w/o the motion part?,1970-01-01 00:00:00.000040663,1,Hyderabad,1970-01-01,[],car sick watching video someone driving filming tornado aftermathisnt it enough make you sick wo motion part
276,"The tornado took out my house & car but my roommate, Capone, & I are all safe.",1970-01-01 00:00:00.000040663,0,Bangalore,1970-01-01,[],tornado took out my house car but my roommate capone i safe
277,"@Riffy8888 Yeah, that's true. Like I said to Pac, the tornado indented the door on my car and put a hole in the trunck.",1970-01-01 00:00:00.000040663,1,Bangalore,1970-01-01,[],yeah thats true like i said pac tornado indented door my car put hole trunck
278,"@Riffy8888 Rofl, no. I'm 16, but I have my own car (I drive), and I got in an accident. Then, a tornado ripped off a bit of my roof.",1970-01-01 00:00:00.000040663,1,Mumbai,1970-01-01,[],rofl im but i have my car i drive i got accident tornado ripped off bit my roof
279,"Ford Mustang emerges from tornado devastation under its own power Filed under: Convertible , Performance ,  #tampa #cars http://tiny.ly/vadS",1970-01-01 00:00:00.000040663,0,Delhi,1970-01-01,[],ford mustang emerges tornado devastation its power filed convertible performance
285,@ericpullett a tornado siren with clear skies? U sure it's not a cop car ? lol,1970-01-01 00:00:00.000040662,1,Hyderabad,1970-01-01,[],tornado siren clear skies u sure its cop car lol
286,just saw a car loaded down with belongings and all of it's windows blown out from the tornado. we are so #blessed.,1970-01-01 00:00:00.000040662,0,Delhi,1970-01-01,[],saw car loaded down belongings its windows blown out tornado we
291,"RT @dancerraz13: I was sat in my car minding my own business eating my burger, i wasn't too fussed about the tornado until it took my...",1970-01-01 00:00:00.000040662,1,Bangalore,1970-01-01,[],rt i sat my car minding my business eating my burger i wasnt fussed tornado until it took my
292,"I was sat in my car minding my own business eating my burger, i wasn't too fussed about the tornado until it took my burger!",1970-01-01 00:00:00.000040662,1,Mumbai,1970-01-01,[],i sat my car minding my business eating my burger i wasnt fussed tornado until it took my burger
294,Cars are not tornado safe http://fb.me/PqQ8HOJM,1970-01-01 00:00:00.000040662,1,Chennai,1970-01-01,[],cars tornado safe
296,Tuscaloosa gets hit by a tornado and I'm grounded from my car until Monday. I feel useless,1970-01-01 00:00:00.000040662,1,Mumbai,1970-01-01,[],tuscaloosa gets hit tornado im grounded my car until monday i feel useless
300,@juliethuddy Huckabee and Pawlenty were in a car picked up by a tornado? :-),1970-01-01 00:00:00.000040662,0,Chennai,1970-01-01,[],huckabee pawlenty car picked tornado
302,"Alabama hit so hard by tornado, Talladaga Speedway will let anyone who donated $50 2 redcross drive own car around their 33 degree bank trac",1970-01-01 00:00:00.000040662,1,Bangalore,1970-01-01,[],alabama hit hard tornado talladaga speedway let anyone who donated redcross drive car around their degree bank trac
303,"""@erronious: What local charities are raising money for Alabama tornado victims?"" SANDY GODDARD NEW CAR CHARITY...",1970-01-01 00:00:00.000040662,1,Kolkata,1970-01-01,[],what local charities raising money alabama tornado victims sandy goddard new car charity
304,@warriorwoman25 Really? Ur car was damaged by tornado!? Glad you didn't get hurt!,1970-01-01 00:00:00.000040662,0,Mumbai,1970-01-01,[],really ur car damaged tornado glad you didnt get hurt
329,WEB EXCLUSIVE: Do you know what to do if you are in your car when a tornado watch is issued? AAA Oklahoma offers tips: http://ow.ly/4Ju8A,1970-01-01 00:00:00.000040662,1,Delhi,1970-01-01,[],web exclusive do you know what do if you your car when tornado watch issued aaa oklahoma offers tips
330,Anniversary 4/26. 4/27 5F tornado tore the house n the cars apart. Still glad we have each other. I was 30mins from losing my whole fam.,1970-01-01 00:00:00.000040662,1,Mumbai,1970-01-01,[],anniversary f tornado tore house n cars apart still glad we have i mins losing my whole fam
331,Ruby Tuesdays was packed Wed night when tornado hit Ringgold. After> not a car in the lot & only the front door left.  Only 8 dead?,1970-01-01 00:00:00.000040662,1,Kolkata,1970-01-01,[],ruby tuesdays packed wed night when tornado hit ringgold car lot front door left dead
332,"Sad, yet amazing video of the 4/27 EF4 Tornado in Tuscaloosa, AL shot from inside a car http://bit.ly/kSw5l8 #Tornado #Weather",1970-01-01 00:00:00.000040662,1,Hyderabad,1970-01-01,[],sad yet amazing video ef tornado tuscaloosa al shot inside car
333,Is an insurance company really going to pay out for all of those damaged cars at that dealership in Alabama from the tornado. Unreal.,1970-01-01 00:00:00.000040662,1,Bangalore,1970-01-01,[],insurance company really going pay out those damaged cars that dealership alabama tornado unreal
337,Had a weird start to my morning first my car ran outta gas theennn AS SOON as i walk in lab we have a tornado drill #whydoweirdthingsalw ...,1970-01-01 00:00:00.000040662,1,Bangalore,1970-01-01,[],had weird start my morning first my car ran outta gas theennn as soon as i walk lab we have tornado drill
339,Got to get moving. Need to drop off water donation for tornado cleanup before heading to the office. My little car is packed full! LOL,1970-01-01 00:00:00.000040662,1,Mumbai,1970-01-01,['water'],got get moving need drop off water donation tornado cleanup before heading office my little car packed full lol
348,@llolhi oh yeah I grew up in tornado ally and in college I had one cross right in front of the car i was driving on the night of 70 tornados,1970-01-01 00:00:00.000040662,1,Chennai,1970-01-01,[],oh yeah i grew tornado ally college i had one cross right front car i driving night tornados
349,"We are safe & sound. Power out, no direct tornado damage. One bar sometimes. Car charging.",1970-01-01 00:00:00.000040662,1,Delhi,1970-01-01,[],we safe sound power out direct tornado damage one bar sometimes car charging
350,Finnally hearin the full story of my 3 family members that were in the car accident. I'm jus in shock. Tornado definitely picked up the car,1970-01-01 00:00:00.000040662,1,Hyderabad,1970-01-01,[],finnally hearin full story my family members that car accident im jus shock tornado definitely picked car
351,MY DADDY WAS SO SAD WHEN HE HEARD THE TORNADO HiT..i THiNK HiM SEEiN MY CAR JUST BROUGHT THOSE EMOTiONS BACK,1970-01-01 00:00:00.000040662,1,Hyderabad,1970-01-01,[],my daddy sad when he heard tornado hiti think him seein my car brought those emotions back
352,"A wrecked car sits in a tornado-damaged area near Rainsville, ...: (AP) - A wrecked car sits in a tornado-damag... http://yhoo.it/jvXli4",1970-01-01 00:00:00.000040662,1,Bangalore,1970-01-01,[],wrecked car sits tornadodamaged area near rainsville ap wrecked car sits tornadodamag
353,Alabama tornado jumped my brothers house last night - But a big tree broke in half & landed on their neighbors car! So glad the family is OK,1970-01-01 00:00:00.000040662,1,Mumbai,1970-01-01,[],alabama tornado jumped my brothers house last night but big tree broke half landed their neighbors car glad family ok
354,Doctors in US Tornado zone report that the injuries reported from those @ home are consistent with high speed car smashes.,1970-01-01 00:00:00.000040662,1,Mumbai,1970-01-01,[],doctors us tornado zone report that injuries reported those home consistent high speed car smashes
355,"Want to help tornado victims? Don't sightsee in their neighborhoods. It's a big problem in Tuscaloosa, Ala. Many cars and cameras.",1970-01-01 00:00:00.000040662,0,Bangalore,1970-01-01,[],want help tornado victims dont sightsee their neighborhoods its big problem tuscaloosa ala many cars cameras
356,"Safer to be in your car than a mobile home? Tornado recap, links, photos and controversial new findings now posted. http://bit.ly/eJ1ARP",1970-01-01 00:00:00.000040662,0,Kolkata,1970-01-01,[],safer be your car mobile home tornado recap links photos controversial new findings now posted
358,"This is one scary video of the Tuscaloosa Tornado filmed from a car
http://bit.ly/hsEjhX/watch?v=5ohIVzIZLuQ&feature=player_embedded",1970-01-01 00:00:00.000040662,1,Chennai,1970-01-01,[],this one scary video tuscaloosa tornado filmed car
362,"Alabama tornadoes: Cars tossed around, buildings smashed by Walker County tornado: View full sizeRob Gurganus, 4... http://bit.ly/ihlZlz",1970-01-01 00:00:00.000040662,1,Bangalore,1970-01-01,[],alabama tornadoes cars tossed around buildings smashed walker county tornado view full sizerob gurganus
364,Lost 4 cousins and 2 missing in Hale County! Tornado took their trailer and cars and they can't find them #prayforthem nd our family,1970-01-01 00:00:00.000040662,1,Kolkata,1970-01-01,[],lost cousins missing hale county tornado took their trailer cars they cant find them nd our family
366,"Ok North Carolina we had two tornado in one month ,houses & cars destroyed.But on a S/N we got #CAMNEWTON :-)!",1970-01-01 00:00:00.000040662,0,Mumbai,1970-01-01,[],ok north carolina we had two tornado one month houses cars destroyedbut sn we got
368,Why don't people get in their cars when a tornado comes and drive away fast?,1970-01-01 00:00:00.000040662,0,Bangalore,1970-01-01,[],why dont people get their cars when tornado comes drive away fast
370,Horrific WX RT @markthompsontv  Interviewing the dude who shot that tornado from moving car last night.. It'll be on #Fox11 tonight at 10pm,1970-01-01 00:00:00.000040662,1,Hyderabad,1970-01-01,[],horrific wx rt interviewing dude who shot that tornado moving car last night itll be tonight pm
373,"@xCarling Got 1 too.  ""Tornado took home, all cars damaged, will call back when he has phone.""  Sad.",1970-01-01 00:00:00.000040662,1,Chennai,1970-01-01,[],got tornado took home cars damaged call back when he has phone sad
375,RT @WxChris2011: Another reason to avoid a car in a tornado. RT @wfaaweather: The damage is horrible here. http://twitpic.com/4qqzil,1970-01-01 00:00:00.000040662,1,Hyderabad,1970-01-01,[],rt another reason avoid car tornado rt damage horrible
376,Oh gosh...I think I have a higher chance of getting killed in a car crash than a tornado.,1970-01-01 00:00:00.000040662,1,Chennai,1970-01-01,[],oh goshi think i have higher chance getting killed car crash tornado
377,"Amazing video of the Tuscaloosa tornado taken from a car window. The first 3 minutes of video are impressive, but... http://fb.me/J3Vsq8VH",1970-01-01 00:00:00.000040662,1,Kolkata,1970-01-01,[],amazing video tuscaloosa tornado taken car window first minutes video impressive but
379,"I talked to a woman who has a brother in Alabama. He is okay, but has broken bones, after his car flipped during the tornado.",1970-01-01 00:00:00.000040662,1,Chennai,1970-01-01,[],i talked woman who has brother alabama he okay but has broken bones his car flipped during tornado
382,"A friends house and car were destroyed by tornado yesterday. She could not be found. Family saw house, said no way could she be alive. 1/2",1970-01-01 00:00:00.000040662,1,Kolkata,1970-01-01,[],friends house car destroyed tornado yesterday she could be found family saw house said way could she be alive
384,one of my best friends family car dealership was destroyed by a tornado last night sadness,1970-01-01 00:00:00.000040662,1,Chennai,1970-01-01,[],one my best friends family car dealership destroyed tornado last night sadness
385,"Not the best day. Although our wedding on the beach (w/ tornado watch) is good, I almost got hit by car on foot & Michael Scott is leaving.",1970-01-01 00:00:00.000040662,1,Chennai,1970-01-01,[],best day although our wedding beach w tornado watch good i almost got hit car foot michael scott leaving
386,"These are the most amazing tornado videos I've ever seen. In the first one, a guy is chasing one in his car as it... http://dlvr.it/Q34L3",1970-01-01 00:00:00.000040662,0,Hyderabad,1970-01-01,[],these amazing tornado videos ive ever seen first one guy chasing one his car as it
389,"One thing for sure, between the tornado and all the additional rain my car shinin like s*#t #freepowerwash that's what's up",1970-01-01 00:00:00.000040662,1,Kolkata,1970-01-01,[],one thing sure between tornado additional rain my car shinin like s thats whats
390,Ohh we were on tornado watch? I definitely was chillin in my car like it was nothing major,1970-01-01 00:00:00.000040658,1,Delhi,1970-01-01,[],ohh we tornado watch i definitely chillin my car like it nothing major
391,@InnerEPICBeauty well I made it to the door before he did (I was in my car). But he just looked like he'd been in a tornado lol,1970-01-01 00:00:00.000040658,1,Chennai,1970-01-01,[],well i made it door before he did i my car but he looked like hed been tornado lol
392,OH COOL. a tornado came and a branch fell on my car. so there's that.,1970-01-01 00:00:00.000040658,0,Bangalore,1970-01-01,[],oh cool tornado came branch fell my car theres that
393,=@TheAbeSmith i commend your persistence in trying to see a tornado. i love weather spotting. We Should get together And build an armored car,1970-01-01 00:00:00.000040658,0,Hyderabad,1970-01-01,[],i commend your persistence trying see tornado i love weather spotting we should get together build armored car
394,"RT @LOVEmyPINKy1908 Wants to run to my car but has a feeling the tornado is going to get me then lol .< lol, don't do it !",1970-01-01 00:00:00.000040658,1,Kolkata,1970-01-01,[],rt wants run my car but has feeling tornado going get me lol lol dont do it
395,Wants to run to my car but has a feeling the tornado is going to get me then lol .,1970-01-01 00:00:00.000040658,1,Hyderabad,1970-01-01,[],wants run my car but has feeling tornado going get me lol
398,Just witnessed a tornado. Thank you random Baylor girl for letting me sit in your car and cry under the overpass. #WORSTFEAR,1970-01-01 00:00:00.000040658,0,Delhi,1970-01-01,[],witnessed tornado thank you random baylor girl letting me sit your car cry overpass
400,This person said if the sirens are going off for a tornado she will hop in her car instead of staying sheltered!!! #wtf!!!!,1970-01-01 00:00:00.000040658,1,Bangalore,1970-01-01,['shelter'],this person said if sirens going off tornado she hop her car instead staying sheltered
401,"Knoxville 10 minute tornado just hit. Just happened to be driving through hail, car shaking winds, trees and branches flying, crazy insanity",1970-01-01 00:00:00.000040658,1,Mumbai,1970-01-01,[],knoxville minute tornado hit happened be driving through hail car shaking winds trees branches flying crazy insanity
402,@allifulmer tornado? Storm? If its headed south I need to know...it would be a waste to wash my car!!!,1970-01-01 00:00:00.000040658,1,Delhi,1970-01-01,[],tornado storm if its headed south i need knowit would be waste wash my car
403,RT @AmberRuth3: After being in a tornado in the car on the road I'm not as scared of them when I'm in the house not getting moved! :),1970-01-01 00:00:00.000040658,0,Delhi,1970-01-01,[],rt being tornado car road im as scared them when im house getting moved
404,Tornado cancels our volleyball game again. And a tree falls about 6 feet from our car. Good times. http://twitgoo.com/28817t,1970-01-01 00:00:00.000040658,1,Bangalore,1970-01-01,[],tornado cancels our volleyball game tree falls feet our car good times
405,After being in a tornado in the car on the road I'm not as scared of them when I'm in the house not getting moved! :) @Adlongj,1970-01-01 00:00:00.000040658,0,Mumbai,1970-01-01,[],being tornado car road im as scared them when im house getting moved
406,Stuck in my car on the side of the road during a torrential downpour with tornado and flood warnings being issued. Soooo fun. #sarcasm.,1970-01-01 00:00:00.000040658,1,Hyderabad,1970-01-01,[],stuck my car side road during torrential downpour tornado flood warnings being issued soooo fun
407,Jamming out with @KSmiithers makes being stuck in a car hiding from this tornado ten times better,1970-01-01 00:00:00.000040658,1,Delhi,1970-01-01,[],jamming out makes being stuck car hiding this tornado ten times better
408,Seriously? Seriously. (@ Foolishly In My Car During A Tornado) http://4sq.com/hQY9Dm,1970-01-01 00:00:00.000040658,1,Kolkata,1970-01-01,[],seriously seriously foolishly my car during tornado
409,On spme real shit im in the car on my way thru arkansa and its a tornado 20 miles away somebody pray for me and my family,1970-01-01 00:00:00.000040658,0,Hyderabad,1970-01-01,[],spme real shit im car my way thru arkansa its tornado miles away somebody pray me my family
430,":| RT @xyrotr1: @WrenDaWise Back in '09, I got hit by a tornado while I was in the car. It was exactly like what you see on TV, but scarier",1970-01-01 00:00:00.000040658,1,Hyderabad,1970-01-01,[],rt back i got hit tornado while i car it exactly like what you see tv but scarier
431,I thought every car that drove by this mornin was a tornado lmao,1970-01-01 00:00:00.000040658,0,Delhi,1970-01-01,[],i thought every car that drove this mornin tornado lmao
432,RT @TrillGang_Jack Please Let A Tornado Hit And Take My Car I'm Sick Of Dat Shit --lmfao. well damn!,1970-01-01 00:00:00.000040658,1,Kolkata,1970-01-01,[],rt please let tornado hit take my car im sick dat shit lmfao well damn
433,‚Äú@TrillGang_Jack: Please Let A Tornado Hit And Take My Car I'm Sick Of Dat Shit‚Äù but then yu will have no car ?,1970-01-01 00:00:00.000040658,1,Mumbai,1970-01-01,[],please let tornado hit take my car im sick dat shit but yu have car
434,Please Let A Tornado Hit And Take My Car I'm Sick Of Dat Shit,1970-01-01 00:00:00.000040658,1,Bangalore,1970-01-01,[],please let tornado hit take my car im sick dat shit
435,So I wuz on tha interstate n sn a funny built car...it suppose to b wur a tornado cnt pick it up...I dnt believe it...if dat tornado strong,1970-01-01 00:00:00.000040658,0,Chennai,1970-01-01,[],i wuz tha interstate n sn funny built carit suppose b wur tornado cnt pick it upi dnt believe itif dat tornado strong
436,Wow it's raining and the wind is blowing so fast that the cars are barely wet #tornado,1970-01-01 00:00:00.000040658,1,Chennai,1970-01-01,[],wow its raining wind blowing fast that cars barely wet
437,I'm stuck outside in the car for the next few hours  and we're under a tornado watch. Livin' on the edge baby!,1970-01-01 00:00:00.000040658,1,Kolkata,1970-01-01,[],im stuck outside car next hours tornado watch livin edge baby
438,Feel like a tornado bout to come through Shreveport this wind pushing tha fuck outta my car!!!,1970-01-01 00:00:00.000040658,1,Mumbai,1970-01-01,[],feel like tornado bout come through shreveport this wind pushing tha fuck outta my car
441,And u just got that car too Smh ...RT @LoveRandi: Tornado down the street from my job..time to go,1970-01-01 00:00:00.000040658,1,Kolkata,1970-01-01,[],u got that car smh rt tornado down street my jobtime go
444,I thought I was going to die a few minutes ago! I might have if it was a tornado warning instead of just a watch. Your car is not a good...,1970-01-01 00:00:00.000040658,1,Bangalore,1970-01-01,[],i thought i going die minutes ago i might have if it tornado warning instead watch your car good
446,Austin's completely dry for weeks. I wash my car and within 24 hours it sprinkles and we have tornado watches #NotAppropriate,1970-01-01 00:00:00.000040658,1,Bangalore,1970-01-01,[],austins completely dry weeks i wash my car within hours it sprinkles we have tornado watches
447,Day 1 without car and there's a Tornado Warning?! http://bit.ly/hX3DAm This should be interesting... #7days,1970-01-01 00:00:00.000040658,1,Delhi,1970-01-01,[],day without car theres tornado warning this should be interesting
448,Either I just drove through a forming tornado or a gust front. Shit went flying up in front of my car.,1970-01-01 00:00:00.000040658,1,Hyderabad,1970-01-01,[],either i drove through forming tornado gust front shit went flying front my car
450,"@DouchyTomBrady Yeah, but it won't be pretty if it hails on my car!  I may break down and cry!  It's tornado season in Texas! : (",1970-01-01 00:00:00.000040658,1,Hyderabad,1970-01-01,[],yeah but it wont be pretty if it hails my car i may break down cry its tornado season texas
452,5 tornado warnings right now in north texas and I'm in a car. Cool.,1970-01-01 00:00:00.000040658,1,Delhi,1970-01-01,[],tornado warnings right now north texas im car cool
453,Whew saw what looked like a tornado forming while driving back to NOK! Ppl stopped to take pics and I'm in my car crying. #smh,1970-01-01 00:00:00.000040658,1,Bangalore,1970-01-01,[],whew saw what looked like tornado forming while driving back nok ppl stopped take pics im my car crying
454,"As if the flooding in #NWA isn't bad enough, one of the tornado cars from Storm Chasers was spotted nearby. Flood + twister warnings. #arwx",1970-01-01 00:00:00.000040658,1,Hyderabad,1970-01-01,[],as if flooding isnt bad enough one tornado cars storm chasers spotted nearby flood twister warnings
456,"@MustafamusPrime wow, i like the tornado car :)",1970-01-01 00:00:00.000040658,0,Delhi,1970-01-01,[],wow i like tornado car
457,"Mother Nature, I would LOVE it if a tornado blew my car away but it would be even better if a tree smashed it #pleaseandthanks",1970-01-01 00:00:00.000040658,0,Chennai,1970-01-01,[],mother nature i would love it if tornado blew my car away but it would be even better if tree smashed it
459,It sure would be nice if a tornado blew my car away today #okbye,1970-01-01 00:00:00.000040658,0,Mumbai,1970-01-01,[],it sure would be nice if tornado blew my car away today
460,Last Year I Got Head In A Car Wash During A Tornado!!! #ProudMomentTweet lol #OnGod,1970-01-01 00:00:00.000040658,0,Mumbai,1970-01-01,[],last year i got head car wash during tornado lol
462,=@cottonr Did you see the episode of storm Chasers Where the TIV was passing cars in that Huge line that was chasing a tornado?,1970-01-01 00:00:00.000040658,1,Mumbai,1970-01-01,[],did you see episode storm chasers where tiv passing cars that huge line that chasing tornado
463,"Tornado warning, sirens, rain scary sky.  One tv weatherman talking to the other who is in his car driving. Does that seem like a good idea?",1970-01-01 00:00:00.000040658,0,Mumbai,1970-01-01,[],tornado warning sirens rain scary sky one tv weatherman talking who his car driving does that seem like good idea
464,Went to my car to get @themanderson7 headphones. Couldn't make myself run back in the tornado. Now contently rained in at @mamacarmens #win,1970-01-01 00:00:00.000040658,1,Chennai,1970-01-01,[],went my car get headphones couldnt make myself run back tornado now contently rained
466,"Tornado sirens going off in Horn Lake, MS. Heavy rain. Sitting in my car. :-/ #memstorm",1970-01-01 00:00:00.000040658,1,Kolkata,1970-01-01,[],tornado sirens going off horn lake ms heavy rain sitting my car
470,Got home @ 4am! I left my window down on my car! It was a dam tornado so I had to dive n2 da sunfire to start it! Then it wouldn't start!,1970-01-01 00:00:00.000040658,1,Mumbai,1970-01-01,[],got home am i left my window down my car it dam tornado i had dive n da sunfire start it it wouldnt start
471,"Sunday friend in AbileneTX trapped in WalMart by tornado. She's OK but had tennis ball size hail. Car over 79 dents, cracked hood & w/shield",1970-01-01 00:00:00.000040658,0,Bangalore,1970-01-01,[],sunday friend abilenetx trapped walmart tornado shes ok but had tennis ball size hail car dents cracked hood wshield
472,Dude calmly takes video of tornado as a piece of roof hits his car: ____________________________________________... http://bit.ly/hLMTMe,1970-01-01 00:00:00.000040658,1,Delhi,1970-01-01,[],dude calmly takes video tornado as piece roof hits his car
475,In chicago. Almost back to st. louis and anxious to see if my car is damaged from the tornado at the airport on friday,1970-01-01 00:00:00.000040658,1,Chennai,1970-01-01,[],chicago almost back st louis anxious see if my car damaged tornado airport friday
476,@stephinok Heres your tornado outlook ;) better rent a car and start driving if your want to catch one today. http://twitpic.com/4pcsc7,1970-01-01 00:00:00.000040658,0,Bangalore,1970-01-01,[],heres your tornado outlook better rent car start driving if your want catch one today
478,Tornado?! Japan seems the disaster department. RT @DailyYomiuri: Strong winds damaged 6 cars today at parking (cont) http://tl.gd/a2k5co,1970-01-01 00:00:00.000040658,1,Mumbai,1970-01-01,[],tornado japan seems disaster department rt strong winds damaged cars today parking cont
479,"#disappointingfilms Tornado Alley, IMAX film. Nothing happened. We watched scientists fiddle w equipment and drive cars. Galapagos is better",1970-01-01 00:00:00.000040658,1,Bangalore,1970-01-01,[],tornado alley imax film nothing happened we watched scientists fiddle w equipment drive cars galapagos better
480,Ok ummm after that tornado blew down Chambers in STL I wonder how much that car that got hit by the dumpster on the lot going for?,1970-01-01 00:00:00.000040658,1,Kolkata,1970-01-01,[],ok ummm that tornado blew down chambers stl i wonder how much that car that got hit dumpster lot going
481,I almost got blown away too. ‚Äú@stevenagata: Crazy weather! Tornado touches down in Chiba and turns over a car... http://bit.ly/fjx72p¬†‚Äù,1970-01-01 00:00:00.000040658,1,Chennai,1970-01-01,[],i almost got blown away crazy weather tornado touches down chiba turns car
482,Chiba is not in Virginia! RT @stevenagata Crazy weather! Tornado touches down in Chiba and turns over a car. Sankei(JP) http://bit.ly/fjx72p,1970-01-01 00:00:00.000040658,1,Delhi,1970-01-01,[],chiba virginia rt crazy weather tornado touches down chiba turns car sankeijp
483,Crazy weather! Tornado touches down in Chiba and turns over a car. Sankei (JP) http://bit.ly/fjx72p,1970-01-01 00:00:00.000040658,1,Chennai,1970-01-01,[],crazy weather tornado touches down chiba turns car sankei jp
484,"1954 - A tornado near Nanaimo, British Columbia, Canada destroyed a garage, but left the car inside undamaged.",1970-01-01 00:00:00.000040658,0,Mumbai,1970-01-01,[],tornado near nanaimo british columbia canada destroyed garage but left car inside undamaged
487,"through all the rain, hail and tornado storm tonight my dirty car got washed for the week",1970-01-01 00:00:00.000040658,1,Hyderabad,1970-01-01,[],through rain hail tornado storm tonight my dirty car got washed week
488,The Tornado done killed my car. I hope these engagement photos were worth the life of Subaru Sally.,1970-01-01 00:00:00.000040658,1,Hyderabad,1970-01-01,[],tornado done killed my car i hope these engagement photos worth life subaru sally
489,"holy crap. the tornado came right at him, and he was so cool about it -- tornado passes by a man in a car on his cell... http://www.youtube.com/watch?v=aijg8hWU4fM&feature=share¬†‚Ä¶",1970-01-01 00:00:00.000040658,1,Bangalore,1970-01-01,[],holy crap tornado came right him he cool it tornado passes man car his cell
490,"=@cherry75 Thanks. in our house. cars in the garage. Raining a bit now, WHich We need. there is a TORNADO watch in effect until midnight.",1970-01-01 00:00:00.000040658,1,Hyderabad,1970-01-01,[],thanks our house cars garage raining bit now which we need tornado watch effect until midnight
492,a drive back to abilene is infinitely more exciting when it includes a hailstorm and potential tornado cloud swirling above the car.,1970-01-01 00:00:00.000040658,0,Mumbai,1970-01-01,[],drive back abilene infinitely exciting when it includes hailstorm potential tornado cloud swirling above car
494,"the cars magic Invincible Tornado Flash Turbo Twister Stunt Truck Multifunctional Lunar Car RC .... Read http://bit.ly/dTtvfB
 #shopping #fb",1970-01-01 00:00:00.000040658,1,Hyderabad,1970-01-01,[],cars magic invincible tornado flash turbo twister stunt truck multifunctional lunar car rc read
495,"Major damage to roofs, cars, windows. Large hail in central and
 eastern Big Country. Tornado Warning till 8:45pm Coleman County.",1970-01-01 00:00:00.000040658,1,Delhi,1970-01-01,[],major damage roofs cars windows large hail central eastern big country tornado warning till pm coleman county
496,"The best thing about hearing loss? I don't hear the wayward car alarms, smoke alarms, or tornado sirens.",1970-01-01 00:00:00.000040658,1,Bangalore,1970-01-01,[],best thing hearing loss i dont hear wayward car alarms smoke alarms tornado sirens
497,omg just did some epic running through this rain/tornado storm on campus tryna get to my car!,1970-01-01 00:00:00.000040658,1,Hyderabad,1970-01-01,[],omg did epic running through this raintornado storm campus tryna get my car
498,@JamesKAlexander on our way back went through incredible storm. Hail hard rain. Saw tornado n of I20 at Ranger. Wow! Wife's car hailed bad!,1970-01-01 00:00:00.000040658,1,Delhi,1970-01-01,[],our way back went through incredible storm hail hard rain saw tornado n i ranger wow wifes car hailed bad
499,Everyone will be happy to know that my car (parked at the airport) avoided damage during Friday's F3 tornado! Huzzah! #fb,1970-01-01 00:00:00.000040658,1,Delhi,1970-01-01,[],everyone be happy know that my car parked airport avoided damage during fridays f tornado huzzah
501,More cypress lot c photos all the cars I can see are ok #stl #tornado http://twitpic.com/4p5waa¬†,1970-01-01 00:00:00.000040658,1,Kolkata,1970-01-01,[],cypress lot c photos cars i see ok
503,"Storms coming, under severe thunderstorm warning, tornado watch, probable hail, I hope my car will be okay.",1970-01-01 00:00:00.000040658,1,Kolkata,1970-01-01,[],storms coming severe thunderstorm warning tornado watch probable hail i hope my car be okay
505,@BasseyworldLive right on...kinda like watching a bad car wreck...or a tornado.. I feel what you're saying,1970-01-01 00:00:00.000040654,1,Bangalore,1970-01-01,[],right onkinda like watching bad car wreckor tornado i feel what youre saying
507,Springtime in tornado alley -> RT @stlactivisthub: Crazy -tornado passes by a man in a car on his cell... http://youtu.be/aijg8hWU4fM,1970-01-01 00:00:00.000040654,0,Kolkata,1970-01-01,[],springtime tornado alley rt crazy tornado passes man car his cell
508,"So during a tornado...you have the option to hide under a matress...Tf? If that shit can pick up cars, what a matress suppose to do for me?",1970-01-01 00:00:00.000040654,1,Kolkata,1970-01-01,[],during tornadoyou have option hide matresstf if that shit pick cars what matress suppose do me
510,Crazy -- tornado passes by a man in a car on his cell... http://www.youtube.com/watch?v=aijg8hWU4fM&feature=share¬†‚Ä¶ via @youtube,1970-01-01 00:00:00.000040654,1,Chennai,1970-01-01,[],crazy tornado passes man car his cell via
511,1st most tweeted VIDEO in Games || tornado passes by a man in a car on his cell... http://bit.ly/honb6E,1970-01-01 00:00:00.000040654,1,Kolkata,1970-01-01,[],st tweeted video games tornado passes man car his cell
512,"Going down 401 north the tornado that hit this way did some damage. Trees torn down, smashed car, broken fences.",1970-01-01 00:00:00.000040654,1,Hyderabad,1970-01-01,[],going down north tornado that hit this way did damage trees torn down smashed car broken fences
513,Ah! Reporter on channel 10 just said that tornado in Heath caused cars at enterprise rental to EXPLODE! That's intense!,1970-01-01 00:00:00.000040654,0,Kolkata,1970-01-01,[],ah reporter channel said that tornado heath caused cars enterprise rental explode thats intense
515,All I can say is wow - RT @mattketron: Check this video out -- tornado passes by a man in a car on his cell...  http://youtu.be/aijg8hWU4fM,1970-01-01 00:00:00.000040654,0,Hyderabad,1970-01-01,[],i say wow rt check this video out tornado passes man car his cell
523,"So, under tornado watch..Golf ball sized hail..lots of car damage. Joy :/",1970-01-01 00:00:00.000040654,0,Hyderabad,1970-01-01,[],tornado watchgolf ball sized haillots car damage joy
545,Holy #mothernature Cawm down Check this video out -- tornado passes by a man in a car on his cell... http://www.youtube.com/watch?v=aijg8hWU4fM&feature=share¬†‚Ä¶ via @youtube,1970-01-01 00:00:00.000040654,1,Bangalore,1970-01-01,[],holy cawm down check this video out tornado passes man car his cell via
547,http://bit.ly/gzpLIK vid: very calm guy sits in his car and videos the tornado going by him... #PeeingMypantsJustwatchingThis,1970-01-01 00:00:00.000040654,1,Hyderabad,1970-01-01,[],vid calm guy sits his car videos tornado going him
548,YO I jus seen where the tornado it looked crazy ima take a pic on the way back i seen a car inside a house,1970-01-01 00:00:00.000040654,1,Bangalore,1970-01-01,[],yo i jus seen where tornado it looked crazy ima take pic way back i seen car inside house
551,"Found my cat under parked car, scared, hungry and mewing, after a tornado had devastated our area. Adopted her. She is now happy and healthy",1970-01-01 00:00:00.000040654,1,Mumbai,1970-01-01,[],found my cat parked car scared hungry mewing tornado had devastated our area adopted her she now happy healthy
554,"this fool @1_Heartless_Guy  said during the tornado he was gona get out his car, run to a pole, & wrap his belt around it so he wnt fly away",1970-01-01 00:00:00.000040654,1,Mumbai,1970-01-01,[],this fool said during tornado he gona get out his car run pole wrap his belt around it he wnt fly away
555,I noticed my dad's car keys in my cupholder. I started to freak but then I remembered a tree is on top of his car. #tornado,1970-01-01 00:00:00.000040654,1,Delhi,1970-01-01,[],i noticed my dads car keys my cupholder i started freak but i remembered tree top his car
558,"@JimCantore: A little humor in the midst of these Severe reports MT  ""Car Flipped Over"" http://twitpic.com/4nd0mq #tornado",1970-01-01 00:00:00.000040654,0,Delhi,1970-01-01,[],little humor midst these severe reports mt car flipped
561,"a tornado took out cars&houses in Mississippi.  But one guy complains about his burger being taken away by the tornado, WDF idiot ahaha",1970-01-01 00:00:00.000040654,1,Hyderabad,1970-01-01,[],tornado took out carshouses mississippi but one guy complains his burger being taken away tornado wdf idiot ahaha
562,"omg #ARWX own @ryanvaughan got a shout out from‚Äú@JimCantore:RT @ryanvaughan ""Car Flipped Over"" http://twitpic.com/4nd0mq¬† #tornado‚Äù",1970-01-01 00:00:00.000040654,1,Delhi,1970-01-01,[],omg got shout out fromrt car flipped
568,"RT @JimCantore:A little humor in the midst of these #Severe reports MT RT @ryanvaughan ""Car Flipped Over"" http://twitpic.com/4nd0mq #tornado",1970-01-01 00:00:00.000040654,0,Kolkata,1970-01-01,[],rt little humor midst these reports mt rt car flipped
569,More likely for Corey to crash the car than for us to die in a tornado at @bethelloves with our peeps. #realtalk,1970-01-01 00:00:00.000040654,0,Hyderabad,1970-01-01,[],likely corey crash car us die tornado our peeps
571,"@monicaacosta6 A little humor to calm ur nerves(: RT @ryanvaughan ""Car Flipped Over"" http://twitpic.com/4nd0mq #tornado",1970-01-01 00:00:00.000040654,0,Mumbai,1970-01-01,[],little humor calm ur nerves rt car flipped
573,"A little humor in the midst of these #Severe reports MT @AndreaButera RT @ryanvaughan ""Car Flipped Over"" http://twitpic.com/4nd0mq #tornado",1970-01-01 00:00:00.000040654,0,Bangalore,1970-01-01,[],little humor midst these reports mt rt car flipped
574,"Wildfires, tornado warnings, golfsize hail, a 52 car pileup outside of dallas, a whole town evacuated because of fire, prayers to all in tx.",1970-01-01 00:00:00.000040654,0,Mumbai,1970-01-01,[],wildfires tornado warnings golfsize hail car pileup outside dallas whole town evacuated because fire prayers tx
575,"Tornado Takes Burger, Fries & Drink RIGHT Out of Dudes Hand While He in the Car About to Eat.. - http://creambmp.com/videos/tornado-takes-burger-fries-drink-right-out-of-dudes-hand-while-he-in-the-car-about-to-eat-lol/¬†‚Ä¶ ...DAMN..LOL",1970-01-01 00:00:00.000040654,0,Bangalore,1970-01-01,[],tornado takes burger fries drink right out dudes hand while he car eat damnlol
576,why wuld u try 2 beat a tornado with a car.? #stupid,1970-01-01 00:00:00.000040654,0,Chennai,1970-01-01,[],why wuld u try beat tornado car
577,"I uploaded a @YouTube video http://youtu.be/bLpVvv2UQUs?a Sun n' Fun 2011 Golf Car Tour, Day Before Tornado",1970-01-01 00:00:00.000040654,0,Mumbai,1970-01-01,[],i uploaded video sun n fun golf car tour day before tornado
578,"This is sad! 
A car from the tornado in Clinton
 http://yfrog.com/h88oslrj¬†",1970-01-01 00:00:00.000040654,1,Chennai,1970-01-01,[],this sad car tornado clinton
579,Energy News: Luck Spares Some From Deadly Tornado Swarm: Despite death and devastation in a corner of North Car... http://nyti.ms/f12OY4,1970-01-01 00:00:00.000040654,0,Delhi,1970-01-01,[],energy news luck spares deadly tornado swarm despite death devastation corner north car
606,"Tornado Takes Burger, Fries & Drink RIGHT Out of Dudes Hand While He in the Car About to Eat.. - http://creambmp.com/videos/tornado-takes-burger-fries-drink-right-out-of-dudes-hand-while-he-in-the-car-about-to-eat-lol/¬†‚Ä¶ ..lol",1970-01-01 00:00:00.000040654,0,Mumbai,1970-01-01,[],tornado takes burger fries drink right out dudes hand while he car eat lol
608,Definitely just witnessed a tornado and golfball sized hail while sitting in a car #fail,1970-01-01 00:00:00.000040654,0,Chennai,1970-01-01,[],definitely witnessed tornado golfball sized hail while sitting car
609,"Even a tornado couldnt lift ur big ass up hahaha ;) ily RT @nadia_nikole24 Sitting in my car, eating froyo, wa‚Ä¶ (cont) http://deck.ly/~hNDw1",1970-01-01 00:00:00.000040659,0,Mumbai,1970-01-01,[],even tornado couldnt lift ur big ass hahaha ily rt sitting my car eating froyo wa cont
610,"Instead of chasing the tornado in his car, my husband decides to get up on the roof to watch it. somehow that does NOT make me feel better",1970-01-01 00:00:00.000040659,0,Bangalore,1970-01-01,[],instead chasing tornado his car my husband decides get roof watch it somehow that does make me feel better
614,"TORNADO WARNING SW TN TORNADO NEAR WEST MEMPHIS...OR NEAR MARION...MOVING EAST AT 20
http://livewxradar.com #news #weather #car #sports #wx",1970-01-01 00:00:00.000040659,1,Mumbai,1970-01-01,[],tornado warning sw tn tornado near west memphisor near marionmoving east
619,"my step mom called me talkin bout "" where are you at!? are you in a car theres a tornado coming!"" i aint never scared lol",1970-01-01 00:00:00.000040659,1,Hyderabad,1970-01-01,[],my step mom called me talkin bout where you you car theres tornado coming i aint never scared lol
621,More tornado watches. I wish I had a car- would make these moments more exciting.,1970-01-01 00:00:00.000040659,0,Hyderabad,1970-01-01,[],tornado watches i wish i had car would make these moments exciting
624,"Dear neighbors,their no sense in washing your car, when the tornado comes,it'll just get dirty again",1970-01-01 00:00:00.000040659,1,Bangalore,1970-01-01,[],dear neighborstheir sense washing your car when tornado comesitll get dirty
626,@thatlittleIamb // In a car while tornado sirens go off and it's raining horribly. O.0,1970-01-01 00:00:00.000040659,1,Hyderabad,1970-01-01,[],car while tornado sirens go off its raining horribly o
627,My hubby just called to tell me while coming home from work in Pine Bluff his car pool beat a tornado near #Redfield. #goodgrief #arwx,1970-01-01 00:00:00.000040659,1,Chennai,1970-01-01,[],my hubby called tell me while coming home work pine bluff his car pool beat tornado near
649,"Just got back to STL- Parked in lot tornado went through. A lot of broken cars, I luckily just have my window out http://yfrog.com/h0oj7wuj¬†",1970-01-01 00:00:00.000040659,1,Kolkata,1970-01-01,[],got back stl parked lot tornado went through lot broken cars i luckily have my window out
650,"Drove to son's away lacrosse game only to find it had been cancelled due to tornado warning..... nice, quality time in car with him, talking",1970-01-01 00:00:00.000040659,1,Kolkata,1970-01-01,[],drove sons away lacrosse game find it had been cancelled due tornado warning nice quality time car him talking
652,"this tornado can kiss my ass, i wanna fucking play. @Thomoptilyadrop @hotnsueti @chowe09 @ehotaling23 @sserhane11",1970-01-01 00:00:00.000040659,1,Delhi,1970-01-01,[],this tornado kiss my ass i wanna fucking play
653,What to do if caught in a tornado while you're in the car: AAA Oklahoma offers the following tips for motorists ... http://bit.ly/h4zO9l,1970-01-01 00:00:00.000040659,1,Mumbai,1970-01-01,[],what do if caught tornado while youre car aaa oklahoma offers following tips motorists
655,When's the best time to jump a dead battery? Seriously.  @ Foolishly In My Car During A Tornado http://instagr.am/p/DlVUE/,1970-01-01 00:00:00.000040659,1,Chennai,1970-01-01,[],whens best time jump dead battery seriously foolishly my car during tornado
657,Drive fast? RT @SheilaAbbott RT @KXIITV What to do if caught in a tornado while you're in the car http://bit.ly/hXWrOJ,1970-01-01 00:00:00.000040659,1,Hyderabad,1970-01-01,[],drive fast rt rt what do if caught tornado while youre car
658,"Oh boy, tornado watch just west of us. New car is on the insurance, though, thank God. If anything happens to it, I will lose it.",1970-01-01 00:00:00.000040659,1,Chennai,1970-01-01,[],oh boy tornado watch west us new car insurance though thank god if anything happens it i lose it
664,Damaging hail. Tornado warning. My poor car. This wouldn't be happening if I was at home and not in Waxahachie!! Óå±ÓÄõÓëÉ,1970-01-01 00:00:00.000040659,1,Chennai,1970-01-01,[],damaging hail tornado warning my poor car this wouldnt be happening if i home waxahachie
665,Ok I am watching a Tornado chasers car cam at the moment. This is crazy: http://ow.ly/4Hyb7 http://ow.ly/4Hyby,1970-01-01 00:00:00.000040659,1,Mumbai,1970-01-01,[],ok i am watching tornado chasers car cam moment this crazy
666,I liked a @YouTube video http://youtu.be/_OIJ_Tul1zM?a Tornado in North Carolina forms in front of couple's car,1970-01-01 00:00:00.000040659,1,Hyderabad,1970-01-01,[],i liked video tornado north carolina forms front couples car
672,=@JiXeRMDR We had a hour long TORNADO monsoon disaster lol. so many streets ARE closed. cars crushed. the university buildings were damaged.,1970-01-01 00:00:00.000040659,1,Chennai,1970-01-01,[],we had hour long tornado monsoon disaster lol many streets closed cars crushed university buildings damaged
675,"""@MelthaGreatest: Is the tornado over? I need my fucking car washed.."" better stay ya ass inside toto lol",1970-01-01 00:00:00.000040659,1,Mumbai,1970-01-01,[],tornado i need my fucking car washed better stay ya ass inside toto lol
677,Tornado swept through the back of our neighborhood and through the base. Car at the exchange on base.  http://twitpic.com/4ptats,1970-01-01 00:00:00.000040659,1,Delhi,1970-01-01,[],tornado swept through back our neighborhood through base car exchange base
678,SEARCH .......Bust my windows out your car for some chicken .............. On You Tube funny lil rap,1970-01-01 00:00:00.000040659,1,Mumbai,1970-01-01,[],search bust my windows out your car chicken you tube funny lil rap
679,I am standing in the very spot i got hit by the tornado! I have goosebumps. How did i get thru this in a car?,1970-01-01 00:00:00.000040659,1,Bangalore,1970-01-01,[],i am standing spot i got hit tornado i have goosebumps how did i get thru this car
684,What happened. - There was a tornado near my home..my car is safe. So happy about that. Seeing all the... http://tumblr.com/xi329z865p,1970-01-01 00:00:00.000040659,1,Kolkata,1970-01-01,[],what happened tornado near my homemy car safe happy that seeing
686,"I have never cried in my work car until now! I jus shared a biscuit with a 6 year old tornado victim, who had one toy in her hand.",1970-01-01 00:00:00.000040659,1,Delhi,1970-01-01,[],i have never cried my work car until now i jus shared biscuit year old tornado victim who had one toy her hand
692,EF4 tornado leaves its mark on car dealership: It may come as no surprise that many of the 150 cars at All... http://tinyurl.com/3v4m3te,1970-01-01 00:00:00.000040659,1,Kolkata,1970-01-01,[],ef tornado leaves its mark car dealership it may come as surprise that many cars
694,"@Davewithill After one tornado near here I volunteered for @RedCross it was horrible, like from a movie. Cars in trees, houses just gone :(",1970-01-01 00:00:00.000040659,0,Mumbai,1970-01-01,[],one tornado near i volunteered it horrible like movie cars trees houses gone
696,EF4 tornado leaves its mark on car dealership: It may come as no surprise that many of the 150 cars at All Star ... http://bit.ly/hkvyY1,1970-01-01 00:00:00.000040659,1,Bangalore,1970-01-01,[],ef tornado leaves its mark car dealership it may come as surprise that many cars star
712,#niggatweet RT @BlakkMagikk10: If the tornado hits my car Imma be in somethin STOOOPID next week. Lol,1970-01-01 00:00:00.000040659,1,Chennai,1970-01-01,[],rt if tornado hits my car imma be somethin stooopid next week lol
713,=@MusicOfTheStars i will. Ive been told Where to go incase of a tornado...as long as i keep gas in my little car,1970-01-01 00:00:00.000040659,1,Delhi,1970-01-01,[],i ive been told where go incase tornadoas long as i keep gas my little car
718,Omg my hometown just got torn up by a tornado. Someone died and there are people trapped in cars and buildings. #prayforvilonia,1970-01-01 00:00:00.000040659,1,Chennai,1970-01-01,[],omg my hometown got torn tornado someone died people trapped cars buildings
719,=@Kenny_Wallace the rumor is that you ARE giving a portion of the fan car money to st Louis TORNADO relief--is that true?,1970-01-01 00:00:00.000040659,1,Hyderabad,1970-01-01,[],rumor that you giving portion fan car money st louis tornado reliefis that true
720,"Cars overturned on I-40 near Conway , AR..homes damaged in North Little Rock, AR, Vilonia major tornado, homes damaged..STATE OF EMERGENCY",1970-01-01 00:00:00.000040659,1,Mumbai,1970-01-01,[],cars overturned i near conway arhomes damaged north little rock ar vilonia major tornado homes damagedstate emergency
721,"Damn 1st my cooking, then a tornado & now a flood? Is it bad that patrol cars are stranded on the streets with water over their hoods? #FML",1970-01-01 00:00:00.000040659,1,Kolkata,1970-01-01,['water'],damn st my cooking tornado now flood it bad that patrol cars stranded streets water their hoods
723,"RT @svrwxchaser: BREAKING: Little Rock, AR: AFB and houses reporting damage. Cars tossed. Thousands w/o power. #arwx #tornado #littlerock",1970-01-01 00:00:00.000040659,1,Hyderabad,1970-01-01,[],rt breaking little rock ar afb houses reporting damage cars tossed thousands wo power
724,"Town is flooded, most of it evacuated, tornado came thru, car fucked and probably lost alot of my stuff in my apt...",1970-01-01 00:00:00.000040659,1,Bangalore,1970-01-01,[],town flooded it evacuated tornado came thru car fucked probably lost alot my stuff my apt
725,"@TWCBreaking SvrWxChaser    BREAKING: Little Rock, AR:AFB andhouses reporting damage. Cars tossed. Thousands with out power. #arwx #tornado",1970-01-01 00:00:00.000040659,1,Mumbai,1970-01-01,[],svrwxchaser breaking little rock arafb andhouses reporting damage cars tossed thousands out power
727,"BREAKING: Little Rock, AR: AFB and houses reporting damage. Cars tossed. Thousands with out power. #arwx #tornado #littlerock",1970-01-01 00:00:00.000040659,1,Delhi,1970-01-01,[],breaking little rock ar afb houses reporting damage cars tossed thousands out power
728,"Me and @DreWhittle21 just went through the tornado!!!!! A bird hit my car, a tree on the interstate, street lights going off #successful",1970-01-01 00:00:00.000040659,1,Kolkata,1970-01-01,[],me went through tornado bird hit my car tree interstate street lights going off
729,The tornado chaser's cam is showing the inside of the car...can't be good. http://yfrog.com/hslitnij,1970-01-01 00:00:00.000040659,1,Chennai,1970-01-01,[],tornado chasers cam showing inside carcant be good
730,#Random imagine driving over the river bridge while the wind was blowing like a tornado...I would have blown away in my lil car,1970-01-01 00:00:00.000040659,1,Kolkata,1970-01-01,[],imagine driving river bridge while wind blowing like tornadoi would have blown away my lil car
731,"RT @Home_Grown1985: Dear Tornado 
Please pick up my car carry it 2 miles away and make sure u total that bitch (cont) http://tl.gd/a31cuo",1970-01-01 00:00:00.000040659,1,Kolkata,1970-01-01,[],rt dear tornado please pick my car carry it miles away make sure u total that bitch cont
734,@foxnews RT@SvrWxChaser BREAKING:1injury. Windows blown out of car on I-40 near the path of a large #tornado. This tor hit Vilomia as well.,1970-01-01 00:00:00.000040659,1,Bangalore,1970-01-01,[],rt breakinginjury windows blown out car i near path large this tor hit vilomia as well
735,In the range of the tornado...I really hope my car is ok...,1970-01-01 00:00:00.000040659,1,Mumbai,1970-01-01,[],range tornadoi really hope my car ok
736,BREAKING: 1injury. Windows blown out of car on I-40 near the path of a large #tornado. This tor hit Vilomia as well. #arwx,1970-01-01 00:00:00.000040659,1,Kolkata,1970-01-01,[],breaking injury windows blown out car i near path large this tor hit vilomia as well
737,"Two-hundred and something tornado's in the valley and Tulsa made the News here jst nw, Flooded roads & stranded cars...Awww, I feel bad",1970-01-01 00:00:00.000040659,1,Mumbai,1970-01-01,[],twohundred something tornados valley tulsa made news jst nw flooded roads stranded carsa i feel bad
739,=@wxbrad during a sporting event a TORNADO watch was issue.  they said to go their car And fasten thier seatbelts is this right i,1970-01-01 00:00:00.000040659,1,Hyderabad,1970-01-01,[],during sporting event tornado watch issue they said go their car fasten thier seatbelts this right i
740,I am scared of this weather. Lord please protect us in this car. Cuz we are really close to this lighting and the tornado watch.,1970-01-01 00:00:00.000040659,1,Hyderabad,1970-01-01,[],i am scared this weather lord please protect us this car cuz we really close this lighting tornado watch
741,Me: 'Mama will you go to the car &get my backpack out just incase the tornado tak the car away?I dont have full coverage on my Lit book' lol,1970-01-01 00:00:00.000040659,1,Hyderabad,1970-01-01,[],me mama you go car get my backpack out incase tornado tak car awayi dont have full coverage my lit book lol
742,Oh my I'm glad you're okay That's what matters. RT @ChrisCarter3 The tornado killed one of my cars.. http://yfrog.com/h8gmxwzj¬† http://yfrog.com/gz5lvqzj¬†,1970-01-01 00:00:00.000040656,1,Chennai,1970-01-01,[],oh my im glad youre okay thats what matters rt tornado killed one my cars
743,The tornado killed one of my cars.. http://yfrog.com/h8gmxwzj¬† http://yfrog.com/gz5lvqzj¬†,1970-01-01 00:00:00.000040656,1,Mumbai,1970-01-01,[],tornado killed one my cars
744,"At least the owner of a car destroyed from the St. Louis tornado has a sense of humor. They put a sign on the car saying ""For Sale: As Is""",1970-01-01 00:00:00.000040656,1,Mumbai,1970-01-01,[],least owner car destroyed st louis tornado has sense humor they put sign car saying sale as
745,"3"" hail and broken car windshields on I-35 north of Gainesville. #tornado trying to form over Gainesville now.",1970-01-01 00:00:00.000040656,1,Kolkata,1970-01-01,[],hail broken car windshields i north gainesville trying form gainesville now
746,"What not to do - casually chat on the telly while in your car when a tornado is bearing down on you: 
http://wimp.com/casuallychats/",1970-01-01 00:00:00.000040656,1,Kolkata,1970-01-01,[],what do casually chat telly while your car when tornado bearing down you
747,Watch there be a tornado when I go see @simply_rhiley and my car gets swept up and I'm like the witch in the wizard of oz ok guys.,1970-01-01 00:00:00.000040656,1,Delhi,1970-01-01,[],watch be tornado when i go see my car gets swept im like witch wizard oz ok guys
748,Due to the tornado in St Louis these ppl rented a U-Haul to drive to Nashville. They didn't have any car rentals available.,1970-01-01 00:00:00.000040656,1,Mumbai,1970-01-01,[],due tornado st louis these ppl rented uhaul drive nashville they didnt have car rentals available
751,Crazy tornado at Stl airport. Still waiting to see what condition @susiegauzy car is in,1970-01-01 00:00:00.000040656,1,Chennai,1970-01-01,[],crazy tornado stl airport still waiting see what condition car
752,"Got in my car and I felt a little discombobulated. A lot is gone, blown away, turned on it's head, inside-out...#lambertairport #tornado",1970-01-01 00:00:00.000040656,1,Mumbai,1970-01-01,[],got my car i felt little discombobulated lot gone blown away turned its head insideout
755,I'm sure his car was like that before the tornado. http://www.youtube.com/watch?v=8mXVK9ddRB4,1970-01-01 00:00:00.000040656,1,Mumbai,1970-01-01,[],im sure his car like that before tornado
793,Topix: Tornado shuts down St Louis' airport: ...  tossed cars and knocked out power. 1 of 1 US - A shuttle bus h... http://bit.ly/fMYxJ6,1970-01-01 00:00:00.000040656,1,Hyderabad,1970-01-01,[],topix tornado shuts down st louis airport tossed cars knocked out power us shuttle bus h
797,"Lame ""@AGussert: We get an advance warning when a tornado or severe storm may destroy our lives, car or house. #govtworksforme""",1970-01-01 00:00:00.000040656,1,Chennai,1970-01-01,[],lame we get advance warning when tornado severe storm may destroy our lives car house
820,"Friend's car crushed by tornado tossed tree. He busted out rear windshield, crawled in and retrieved his fencing gear.",1970-01-01 00:00:00.000040656,1,Bangalore,1970-01-01,[],friends car crushed tornado tossed tree he busted out rear windshield crawled retrieved his fencing gear
821,Sitting in this car waiting on this tornado to pass. jk Yall lol,1970-01-01 00:00:00.000040656,0,Kolkata,1970-01-01,[],sitting this car waiting this tornado pass jk yall lol
822,"We get an advance warning when a tornado or severe storm may destroy our lives, car or house. #govtworksforme",1970-01-01 00:00:00.000040656,1,Delhi,1970-01-01,[],we get advance warning when tornado severe storm may destroy our lives car house
828,"new tornado warning isn't keeping us from @cincinnatimuseumcenter. Safe, huge bldg. Now I just need to wake my kid from her comfy car seat.",1970-01-01 00:00:00.000040656,1,Mumbai,1970-01-01,[],new tornado warning isnt keeping us safe huge bldg now i need wake my kid her comfy car seat
844,"So i was def in a tornado while driving and my car blew off the road. I peed my pants. And now im in a hotel, waiting. Im terrrrrrified:(",1970-01-01 00:00:00.000040656,1,Mumbai,1970-01-01,[],i def tornado while driving my car blew off road i peed my pants now im hotel waiting im terrrrrrified
846,still in the car on the way to flo-town. those pools on the side of 95 near Dunn were shattered and sprayed everywhere from the tornado,1970-01-01 00:00:00.000040656,1,Chennai,1970-01-01,[],still car way flotown those pools side near dunn shattered sprayed everywhere tornado
847,I need to take a pic of this tree in @MzDaryIUN car! She hella #BoutThatLife for driving thru the eye of a tornado lol,1970-01-01 00:00:00.000040656,1,Delhi,1970-01-01,[],i need take pic this tree car she hella driving thru eye tornado lol
848,Parents car was 1 of few NOT damaged by tornado at #lambertairport in stl....one brightspot as they continue 2 try 2 get to DC 2 C grandkid,1970-01-01 00:00:00.000040656,1,Delhi,1970-01-01,[],parents car damaged tornado stlone brightspot as they continue try get dc c grandkid
849,"Death in the family, tornado hits stl, and a car accident...at least its not cloudy and raining? #easterbreak",1970-01-01 00:00:00.000040656,1,Chennai,1970-01-01,[],death family tornado hits stl car accidentat least its cloudy raining
851,"Flying back to STL just learned a tornado hit the airport. Glad friends r ok, car may be in ruins :-/",1970-01-01 00:00:00.000040656,1,Bangalore,1970-01-01,[],flying back stl learned tornado hit airport glad friends r ok car may be ruins
852,the tornado has really fu** up some places in my hood....But other than my nephew in his car accident last my my ppl r ok...,1970-01-01 00:00:00.000040656,1,Mumbai,1970-01-01,[],tornado has really fu places my hoodbut my nephew his car accident last my my ppl r ok
853,We've been able to see aerial footage of the lot. Cars seem to be still in rows but the actual condition is still on question #stl #tornado,1970-01-01 00:00:00.000040656,1,Hyderabad,1970-01-01,[],weve been able see aerial footage lot cars seem be still rows but actual condition still question
854,"@markymarc70 Better! But we got stuck in St Louis airport last night when tornado hit, so we rented a car to drive home! Quite the vacation!",1970-01-01 00:00:00.000040656,0,Kolkata,1970-01-01,[],better but we got stuck st louis airport last night when tornado hit we rented car drive home quite vacation
859,"Stuck in St.Louis after tornado- long line at Hertz, driving home I can get a car. http://yfrog.com/h8zdbvmj¬† http://yfrog.com/h39vehej¬†",1970-01-01 00:00:00.000040656,1,Mumbai,1970-01-01,[],stuck stlouis tornado long line hertz driving home i get car
861,FUKKIN CAR FUCKED UP....TORNADO HIT ON MY STREET WTF ELSE???....UGH...#pissed,1970-01-01 00:00:00.000040656,1,Chennai,1970-01-01,[],fukkin car fucked uptornado hit my street wtf elseugh
863,"This weather is so crummy! I am tired of waking up and the dogs being upset, tornado sirens going off, hail on my car... Ugh! #needtomove",1970-01-01 00:00:00.000040656,1,Hyderabad,1970-01-01,[],this weather crummy i am tired waking dogs being upset tornado sirens going off hail my car ugh
865,"@sandytraub You get used to it. No more tornado's, earthquakes, or blizzards, just enough heat that you can make microwave popcorn in  car",1970-01-01 00:00:00.000040656,1,Mumbai,1970-01-01,[],you get used it tornados earthquakes blizzards enough heat that you make microwave popcorn car
866,"Tornado damage Wow! I hope everyone is okay. If your family, home, car & etc okay. ***Help the ones that's in need. *Crazy weather",1970-01-01 00:00:00.000040656,1,Kolkata,1970-01-01,[],tornado damage wow i hope everyone okay if your family home car etc okay help ones thats need crazy weather
867,St. Louis Airport in Missouri closed due to tornado - http://edition.cnn.com/2011/US/04/22/missouri.severe.weather/index.html?hpt=T2,1970-01-01 00:00:00.000040656,1,Kolkata,1970-01-01,[],st louis airport missouri closed due tornado
869,"Rental car reserved, Southwest unsure of operations past noon tomorrow.  Will drive home tomorrow from Kansas City!  #tornado #stl #lambert",1970-01-01 00:00:00.000040656,0,Hyderabad,1970-01-01,[],rental car reserved southwest unsure operations past noon tomorrow drive home tomorrow kansas city
872,"morning, not liking waking up to news of tornado in the #STL area. up an at em early meant to be off work but going in to fix sians mums car",1970-01-01 00:00:00.000040656,1,Chennai,1970-01-01,[],morning liking waking news tornado area em early meant be off work but going fix sians mums car
873,"This tornado definitely shut St Louis airport down. Got a car, going to Indianapolis . Road TRIP, yey",1970-01-01 00:00:00.000040656,0,Kolkata,1970-01-01,[],this tornado definitely shut st louis airport down got car going indianapolis road trip yey
875,Anyone in #stl #lambert #tornado have word on cars in the cypress lot? Lot c if you will. They apparently just got power restored.,1970-01-01 00:00:00.000040656,0,Mumbai,1970-01-01,[],anyone have word cars cypress lot lot c if you they apparently got power restored
876,=@YasmineGalenorn  all ok in the St. Charles/St. Louis area. Except a TORNADO decided to relocate some cars at the airport.  O_O,1970-01-01 00:00:00.000040656,0,Kolkata,1970-01-01,[],ok st charlesst louis area except tornado decided relocate cars airport oo
877,"Tornado uprooted trees, cars r threw peoples garages, other peoples roofs r on top of their neighbors roof",1970-01-01 00:00:00.000040656,1,Hyderabad,1970-01-01,[],tornado uprooted trees cars r threw peoples garages peoples roofs r top their neighbors roof
878,Prediction: every KC news program will be live @kciairport in AM looking for pax affected by STL tornado. Some booking rental cars MCI-STL,1970-01-01 00:00:00.000040656,0,Mumbai,1970-01-01,[],prediction every kc news program be live am looking pax affected stl tornado booking rental cars mcistl
880,"Omg @jtbruschi you ok?! RT: ‚Äú@JenDelgadoCNN: Powerful Tornado shuts down Saint Louis #Lambert airport. Roof torn off, cars flipped...""",1970-01-01 00:00:00.000040656,1,Kolkata,1970-01-01,[],omg you ok rt powerful tornado shuts down saint louis airport roof torn off cars flipped
882,"=@golfSTUD_93 lol i Did not ditch her, i had to leave cause it was fenna storm & as soon as i got in the car the TORNADO sirens wnt off",1970-01-01 00:00:00.000040656,1,Mumbai,1970-01-01,[],lol i did ditch her i had leave cause it fenna storm as soon as i got car tornado sirens wnt off
886,"in the car nd the radio says there's a tornado warning for the town beside us, moving 65mph. Might stay up for a minute or 2. Lol",1970-01-01 00:00:00.000040656,0,Delhi,1970-01-01,[],car nd radio says theres tornado warning town beside us moving mph might stay minute lol
888,It's one thing to be in a scary tornado. It's another to have a box of fries in one hand as the car spun around in the wind off the road.,1970-01-01 00:00:00.000040656,1,Chennai,1970-01-01,[],its one thing be scary tornado its another have box fries one hand as car spun around wind off road
889,Having a tornado warning interrupt my country music gam out in the car was a new experience for me. #welcometothesouth,1970-01-01 00:00:00.000040656,0,Kolkata,1970-01-01,[],having tornado warning interrupt my country music gam out car new experience me
890,Lol! Tornado messed it up real bad too! Cars got picked up RT @PierdaJEFE_: STL really gettin ready to be off the map now....no airport,1970-01-01 00:00:00.000040656,1,Mumbai,1970-01-01,[],lol tornado messed it real bad cars got picked rt stl really gettin ready be off map nowno airport
893,"@disasteraverted we are good. Pretty scary stuff just North of us. Tornado tossed cars, trucks, & planes around like toys.",1970-01-01 00:00:00.000040656,1,Bangalore,1970-01-01,[],we good pretty scary stuff north us tornado tossed cars trucks planes around like toys
895,Just barely missed the crazy tornado in STL just a few hours ago... Hope I still have a car left to get back to school in.,1970-01-01 00:00:00.000040656,1,Mumbai,1970-01-01,[],barely missed crazy tornado stl hours ago hope i still have car left get back school
896,I thank the lord 4letting me leave the house when I did the Tornado cane over my house everything is fine I had2leave my car&walk home,1970-01-01 00:00:00.000040656,1,Kolkata,1970-01-01,[],i thank lord letting me leave house when i did tornado cane my house everything fine i hadleave my carwalk home
897,"tornado came through..There's roofs missing, cars flipped,power lines DOWN and lives being taken. pray for mee guys<3 reply/RT",1970-01-01 00:00:00.000040656,1,Kolkata,1970-01-01,[],tornado came throughtheres roofs missing cars flippedpower lines down lives being taken pray mee guys replyrt
900,My sister-in-laws and mother-in-law are at st louis airport which just got hit by a tornado. All are fine but their car is messed up :(,1970-01-01 00:00:00.000040656,1,Chennai,1970-01-01,[],my sisterinlaws motherinlaw st louis airport which got hit tornado fine but their car messed
901,"Lhfh i slid my seat back in the car n it mad a loud noise my cuzzin looked n said ""Ohhh shyt Tornado"" ..she was hella serious lhfh",1970-01-01 00:00:00.000040656,1,Bangalore,1970-01-01,[],lhfh i slid my seat back car n it mad loud noise my cuzzin looked n said ohhh shyt tornado she hella serious lhfh
902,"Just heard 2 friends totaled their car in the Tornado, They are OK but send them Positive energy they will need it!",1970-01-01 00:00:00.000040656,0,Bangalore,1970-01-01,[],heard friends totaled their car tornado they ok but send them positive energy they need it
903,"@mattschuh Not sure about ""closed indefinitely"" but Lambert was definitely hit by a tornado.  Footage on the news of flipped cars.",1970-01-01 00:00:00.000040656,1,Chennai,1970-01-01,[],sure closed indefinitely but lambert definitely hit tornado footage news flipped cars
904,Breaking Lambert airport is closed And will probably be closed tomorrow too ! Hundreds stranded in cars on 270 #STL #Tornado #stlwx,1970-01-01 00:00:00.000040656,1,Kolkata,1970-01-01,[],breaking lambert airport closed probably be closed tomorrow hundreds stranded cars
905,"My parents visiting from St. Louis this weekend, parked car at airport where tornado hit, needless to say, they are wondering about car.",1970-01-01 00:00:00.000040656,1,Bangalore,1970-01-01,[],my parents visiting st louis this weekend parked car airport where tornado hit needless say they wondering car
906,"They allowed the Cards game to go on to prevent 20,000 cars from getting in the way of emergency traffic. #tornado #cardinals #baseball",1970-01-01 00:00:00.000040656,1,Mumbai,1970-01-01,[],they allowed cards game go prevent cars getting way emergency traffic
907,The cars around Lambert Airport got nailed pretty badly: http://tumblr.com/xhj28aieul #tornado,1970-01-01 00:00:00.000040656,1,Hyderabad,1970-01-01,[],cars around lambert airport got nailed pretty badly
908,Lambert Airport in St.Louis a mess after tornado ripped through tonight. Cars were thrown around everywhere. Hope everyone is safe tonight.,1970-01-01 00:00:00.000040656,0,Delhi,1970-01-01,[],lambert airport stlouis mess tornado ripped through tonight cars thrown around everywhere hope everyone safe tonight
909,*draw a card* black? where is that one at? *looks on the board* uh... there it is *moves his race car a few spaces* what does that get me?,1970-01-01 00:00:00.000040656,1,Kolkata,1970-01-01,[],draw card black where that one looks board uh it moves his race car spaces what does that get me
911,In car on interstate. It's dark n raining. Tornado sirens start to sound off. Wtf. Home 30 minutes later. News says airport direct hit!!!!!,1970-01-01 00:00:00.000040656,1,Bangalore,1970-01-01,[],car interstate its dark n raining tornado sirens start sound off wtf home minutes later news says airport direct hit
913,"Lambert St. Louis Airport closed Tornado hit airport. Debris everywhere, cars raised on barriers, automatic doors to terminal torn off.",1970-01-01 00:00:00.000040656,1,Kolkata,1970-01-01,[],lambert st louis airport closed tornado hit airport debris everywhere cars raised barriers automatic doors terminal torn off
914,"The bff just called...A tornado hit St. Louis along w/ 4"" hail balls pretty much destroying cars and busting out the windows of the airport",1970-01-01 00:00:00.000040656,1,Mumbai,1970-01-01,[],bff calleda tornado hit st louis along w hail balls pretty much destroying cars busting out windows airport
917,Hearing so many sirens and car horns right now.... Wow!!! That tornado did major damage... Praying for everyone!!!,1970-01-01 00:00:00.000040656,0,Chennai,1970-01-01,[],hearing many sirens car horns right now wow that tornado did major damage praying everyone
918,uh... ok? *draws a a red card* so...I just move my piece here then? *moves his race car to the red square on the board* right?,1970-01-01 00:00:00.000040656,1,Bangalore,1970-01-01,[],uh ok draws red card soi move my piece moves his race car red square board right
921,"Powerful Tornado shuts down Saint Louis #Lambert airport. Roof torn off, cars flipped, Air National #Guard building damaged.
#CNN weather",1970-01-01 00:00:00.000040656,1,Bangalore,1970-01-01,[],powerful tornado shuts down saint louis airport roof torn off cars flipped air national building damaged weather
922,Extensive coverage of STL tornado tonight on the Weather Channel - reporting some trapped in cars on I-70 and heavy gas odors in city,1970-01-01 00:00:00.000040656,1,Hyderabad,1970-01-01,[],extensive coverage stl tornado tonight weather channel reporting trapped cars i heavy gas odors city
928,@rukavin8  Yay for just damage to the car! (Likely a few rattled nerves too) #stl #wpsd #tornado,1970-01-01 00:00:00.000040656,1,Kolkata,1970-01-01,[],yay damage car likely rattled nerves
929,(@JimCantore) Our photog Mark Owen was caught in #stl tornado. Car caught the worst of it. #wpsd #tornado http://yfrog.com/h48evjjj,1970-01-01 00:00:00.000040656,1,Delhi,1970-01-01,[],our photog mark owen caught tornado car caught worst it
930,A tornado hit the Lambert St. Louis airport parking garage earlier. Good thing that's where my car is parked. #thanksMOweather,1970-01-01 00:00:00.000040656,1,Chennai,1970-01-01,[],tornado hit lambert st louis airport parking garage earlier good thing thats where my car parked
931,My sister is the biggest idiot. She was driving with the tornado and it shattered all her car windows... She bleeding and everything...SMFH,1970-01-01 00:00:00.000040656,1,Hyderabad,1970-01-01,[],my sister biggest idiot she driving tornado it shattered her car windows she bleeding everythingsmfh
934,RT @rukavin8: Our photog Mark Owen was caught in #stl tornado. Car caught the worst of it. #wpsd #tornado http://yfrog.com/h48evjjj,1970-01-01 00:00:00.000040656,1,Kolkata,1970-01-01,[],rt our photog mark owen caught tornado car caught worst it
935,the tornado fckd up lambert airport .. bustd windows. cars fckd up. a van on top of the building nshit.,1970-01-01 00:00:00.000040656,1,Delhi,1970-01-01,[],tornado fckd lambert airport bustd windows cars fckd van top building nshit
936,Our photog Mark Owen was caught in #stl tornado. Car caught the worst of it. #wpsd #tornado http://yfrog.com/h48evjjj,1970-01-01 00:00:00.000040656,1,Bangalore,1970-01-01,[],our photog mark owen caught tornado car caught worst it
939,Pix of tornado damage at the airport are terrifying. One plane was lifted on tarmac. Many cars damaged. Shuttle almost blown off roof.,1970-01-01 00:00:00.000040656,1,Chennai,1970-01-01,[],pix tornado damage airport terrifying one plane lifted tarmac many cars damaged shuttle almost blown off roof
941,The @weatherchannel said stay in your car in a tornado. I know from as a kid that isn't always safe. We were safer in a ditch.,1970-01-01 00:00:00.000040656,1,Hyderabad,1970-01-01,[],said stay your car tornado i know as kid that isnt always safe we safer ditch
942,"RT @TWCBreaking: More car damage at Lambert Airport, via @LakishaJackson:  http://twitpic.com/4o8gr9  #tornado",1970-01-01 00:00:00.000040656,1,Delhi,1970-01-01,[],rt car damage lambert airport via
943,@MelanieFromMars yes I did.. Sorry... It's busy since I got out of my car so... Weather is hot and windy so probably a tornado.. Tweet later,1970-01-01 00:00:00.000040656,1,Bangalore,1970-01-01,[],yes i did sorry its busy since i got out my car weather hot windy probably tornado tweet later
944,"Not good in St. Louis RT @TWCBreaking More car damage at Lambert Airport, via @LakishaJackson: http://twitpic.com/4o8gr9 #tornado",1970-01-01 00:00:00.000040656,1,Bangalore,1970-01-01,[],good st louis rt car damage lambert airport via
945,"Notice the wood thru the door RT @TWCBreaking: More car damage at Lambert Airport, via @LakishaJackson:  http://twitpic.com/4o8gr9  #tornado",1970-01-01 00:00:00.000040656,1,Delhi,1970-01-01,[],notice wood thru door rt car damage lambert airport via
948,"Wow!  Amazing! RT @TWCBreaking: More car damage at Lambert Airport, via @LakishaJackson:  http://twitpic.com/4o8gr9  #tornado",1970-01-01 00:00:00.000040656,1,Hyderabad,1970-01-01,[],wow amazing rt car damage lambert airport via
950,"@wxbrad  amazing! ‚Äú@TWCBreaking: More car damage at Lambert Airport, via @LakishaJackson:  http://twitpic.com/4o8gr9¬† #tornado‚Äù",1970-01-01 00:00:00.000040656,1,Mumbai,1970-01-01,[],amazing car damage lambert airport via
952,"More car damage at Lambert Airport, via @LakishaJackson:  http://twitpic.com/4o8gr9  #tornado",1970-01-01 00:00:00.000040656,1,Delhi,1970-01-01,[],car damage lambert airport via
954,@StitesIsTheHype Holy crap. I can't imagine flying home to find my car upside down thanks to a tornado.,1970-01-01 00:00:00.000040656,0,Hyderabad,1970-01-01,[],holy crap i cant imagine flying home find my car upside down thanks tornado
958,My car and trunk are full of Easter baskets from people wanting to help kids affected by the tornado...love it! http://campl.us/YcV,1970-01-01 00:00:00.000040656,0,Kolkata,1970-01-01,[],my car trunk full easter baskets people wanting help kids affected tornadolove it
959,"RT @SchwartzNow: ""People reported trapped in their cars on I-70 in St. Louis due to debris,"" TWC. #Tornado #MOwx",1970-01-01 00:00:00.000040656,1,Delhi,1970-01-01,[],rt people reported trapped their cars i st louis due debris twc
960,Okay tornado warning is over! But people are trapped in their cars on I-70 and also 20 people trapped in a building in Maryland Heights :'(,1970-01-01 00:00:00.000040656,1,Bangalore,1970-01-01,[],okay tornado warning but people trapped their cars i also people trapped building maryland heights
963,Stopped on I-70 west between St. Charles & airport. First cars are just now passing. Tornado just passed. it's blocked ALL of the highway.,1970-01-01 00:00:00.000040656,1,Delhi,1970-01-01,[],stopped i west between st charles airport first cars now passing tornado passed its blocked highway
965,Was at airport in the tornado. My car is fucked. But my brother and friend and I are ok. Cannot hear out of phone too wet. Txt me!,1970-01-01 00:00:00.000040656,1,Mumbai,1970-01-01,[],airport tornado my car fucked but my brother friend i ok cannot hear out phone wet txt me
966,"I grilled steaks & Amber made okra as the two tornado sirens blasted, hailed hit her car & a tornado touched down miles away. Hello South.",1970-01-01 00:00:00.000040656,0,Hyderabad,1970-01-01,[],i grilled steaks amber made okra as two tornado sirens blasted hailed hit her car tornado touched down miles away hello south
967,"""People reported trapped in their cars on I-70 in St. Louis due to debris,"" TWC. #Tornado #MOwx",1970-01-01 00:00:00.000040656,1,Bangalore,1970-01-01,[],people reported trapped their cars i st louis due debris twc
968,I-70 strong tornado st louis metor ...riverview...people trapped in their cars on interstate...trapped by debris,1970-01-01 00:00:00.000040656,1,Bangalore,1970-01-01,[],i strong tornado st louis metor riverviewpeople trapped their cars interstatetrapped debris
969,So I'm gonna be super pissed if this tornado whips my car away. Soooo pissed,1970-01-01 00:00:00.000040656,1,Hyderabad,1970-01-01,[],im gonna be super pissed if this tornado whips my car away soooo pissed
970,they said the Tornado going down 70 like its a car L0L yall silly..be care st.louis!!!,1970-01-01 00:00:00.000040656,1,Chennai,1970-01-01,[],they said tornado going down like its car ll yall sillybe care stlouis
972,me + gretchen + jen + down town st charles + Locked keys in car + pouring rain + picassos + tornado syrins = cray awesome adventure!,1970-01-01 00:00:00.000040656,1,Kolkata,1970-01-01,[],me gretchen jen down town st charles locked keys car pouring rain picassos tornado syrins cray awesome adventure
974,Tornado at STL airport so we diverted to KC!  When I'll get back & if my car is still there is a known unknown.,1970-01-01 00:00:00.000040656,1,Hyderabad,1970-01-01,[],tornado stl airport we diverted kc when ill get back if my car still known unknown
975,Just ran like an idiot with @AndreaRenee87 down Grand in the pouring rain as tornado sirens went off. Now in the car @_@,1970-01-01 00:00:00.000040656,1,Chennai,1970-01-01,[],ran like idiot down grand pouring rain as tornado sirens went off now car
976,I just drove right into a tornado I St Louis. I'm fine but my car is not,1970-01-01 00:00:00.000040656,1,Kolkata,1970-01-01,[],i drove right tornado i st louis im fine but my car
977,KMOV: Cars flipped over. Large tornado went over STL Lambert field. Highly populated area. #stl #MOWX #ILWX,1970-01-01 00:00:00.000040656,1,Bangalore,1970-01-01,[],kmov cars flipped large tornado went stl lambert field highly populated area
980,Wow....hail is coming down so hard that car alarms are goin off.....tornado anyone?,1970-01-01 00:00:00.000040656,1,Delhi,1970-01-01,[],wowhail coming down hard that car alarms goin offtornado anyone
982,"Started to reorganize my books, suddenly I hear tornado sirens. Is this part of that whole ""Wash the car and it rains"" effect?",1970-01-01 00:00:00.000040656,1,Kolkata,1970-01-01,[],started reorganize my books suddenly i hear tornado sirens this part that whole wash car it rains effect
983,Great. Once again im in a car when the tornado sirens go off :(,1970-01-01 00:00:00.000040656,1,Chennai,1970-01-01,[],great im car when tornado sirens go off
984,Tornado warning and we're in the car. This is NOT good. #homenowplease,1970-01-01 00:00:00.000040656,1,Mumbai,1970-01-01,[],tornado warning car this good
986,"Hope you brought your protractor along RT @PERTZFOX: In car, drive away from tornado at right angles.",1970-01-01 00:00:00.000040656,1,Hyderabad,1970-01-01,[],hope you brought your protractor along rt car drive away tornado right angles
987,"Now, let's see how many fans try to leave in their cars ... RT @Buster_ESPN The tornado sirens just sounded here in downtown St. Louis.",1970-01-01 00:00:00.000040656,1,Delhi,1970-01-01,[],now lets see how many fans try leave their cars rt tornado sirens sounded downtown st louis
988,"In car, drive away from tornado at right angles.",1970-01-01 00:00:00.000040656,0,Mumbai,1970-01-01,[],car drive away tornado right angles
989,"Its a tornado coming right, and I'm sitting in the car looking dumb cuz my mama wanted Wing Stop -_- #insurancepolicy?",1970-01-01 00:00:00.000040656,0,Kolkata,1970-01-01,[],its tornado coming right im sitting car looking dumb cuz my mama wanted wing stop
990,Seriously? Tornado warnings yet again? Sirens going off like crazy. Guessing I won't hop in the car to find dinner after all.,1970-01-01 00:00:00.000040656,1,Chennai,1970-01-01,[],seriously tornado warnings yet sirens going off like crazy guessing i wont hop car find dinner
992,Tornado touch down.....Warning if your in your car like I am...Well fuck!!,1970-01-01 00:00:00.000040656,1,Bangalore,1970-01-01,[],tornado touch downwarning if your your car like i amwell fuck
995,Tornado sirens go off and my mom tells me to get in the car with my fam. Really mom?,1970-01-01 00:00:00.000040656,1,Chennai,1970-01-01,[],tornado sirens go off my mom tells me get car my fam really mom
998,"@morganjpalmer and I just ran for our lives. I'm 90% positive we were just in a tornado, stuck in @Betsybeckyy 's car. #nojoke #scurred",1970-01-01 00:00:00.000040653,0,Hyderabad,1970-01-01,[],i ran our lives im positive we tornado stuck s car
999,Wow tornado sirens going off and daddy calls freaking out about..MY CAR getting hit by hail #thanksdad,1970-01-01 00:00:00.000040653,1,Kolkata,1970-01-01,[],wow tornado sirens going off daddy calls freaking out aboutmy car getting hit hail
1002,=@nekosensei i know!Or at least just stopped the car If he felt they were at a Safe distance..Racing a TORNADO is like racing a train. Fail.,1970-01-01 00:00:00.000040653,1,Mumbai,1970-01-01,[],i knowor least stopped car if he felt they safe distanceracing tornado like racing train fail
1003,@T_Weed007  DAAMN just got bak on tushka ok. tornado had my service i was thinkin hmm they trippin nope it was on the other side of my car |,1970-01-01 00:00:00.000040653,1,Chennai,1970-01-01,[],daamn got bak tushka ok tornado had my service i thinkin hmm they trippin nope it side my car
1004,Tonight my job is apparently to babysit the new car so that it doesn't get hit by hail. Or stolen by a tornado. #gratefulfortherainanyway,1970-01-01 00:00:00.000040653,1,Delhi,1970-01-01,[],tonight my job apparently babysit new car that it doesnt get hit hail stolen tornado
1005,im all excited tryna see this tornado kml so yall will kno wat happen if u see me laid out on top of ur car,1970-01-01 00:00:00.000040653,1,Mumbai,1970-01-01,[],im excited tryna see this tornado kml yall kno wat happen if u see me laid out top ur car
1006,S/O to the old maintenance man in campus trails that fixed my car window!!! This tornado can sweep up Auto Zone hell,1970-01-01 00:00:00.000040653,1,Bangalore,1970-01-01,[],old maintenance man campus trails that fixed my car window this tornado sweep auto zone hell
1007,The video I just retweeted is freaking INSANE. A family with kids in the car try to outrun a tornado but it hits them. Are you stupid?!?!,1970-01-01 00:00:00.000040653,1,Chennai,1970-01-01,[],video i retweeted freaking insane family kids car try outrun tornado but it hits them you stupid
1008,Outrun a tornado? nope. RT @jimcantore: Please don't do this!!!  especially WITH YOUR KIDS IN THE CAR !!!   GOOD LORD! http://ht.ly/4EBAV,1970-01-01 00:00:00.000040653,0,Hyderabad,1970-01-01,[],outrun tornado nope rt please dont do this especially your kids car good lord
1012,New Tornado Video - shot by a 12 year old riding in a car on the interstate near Dunn!  CRAZY! http://soc.li/aZaWo9l¬†,1970-01-01 00:00:00.000040653,1,Chennai,1970-01-01,[],new tornado video shot year old riding car interstate near dunn crazy
1013,RT @USWeatherExpert Why a car is NOT good protection in a tornado. http://twitpic.com/4nau33 / why did i move from hurricanes to tornadoes?,1970-01-01 00:00:00.000040653,1,Bangalore,1970-01-01,[],rt why car good protection tornado why did i move hurricanes tornadoes
1016,Thanks for  the RT @xkimmayx Why a car is NOT good protection in a tornado. http://twitpic.com/4nau33,1970-01-01 00:00:00.000040653,1,Bangalore,1970-01-01,[],thanks rt why car good protection tornado
1017,Why a car is NOT good protection in a tornado. http://twitpic.com/4nau33,1970-01-01 00:00:00.000040653,1,Kolkata,1970-01-01,[],why car good protection tornado
1038,"why do cars not have built in little trash cans? seriously, it looks there was a receipt tornado in my car.",1970-01-01 00:00:00.000040653,1,Bangalore,1970-01-01,[],why do cars have built little trash cans seriously it looks receipt tornado my car
1039,"Waited out confirmed tornado in basement of a bar with @savetherobot. Tree fell on my car, minor damage. Pix of campus: http://goo.gl/PZOEC",1970-01-01 00:00:00.000040653,1,Kolkata,1970-01-01,[],waited out confirmed tornado basement bar tree fell my car minor damage pix campus
1040,"Besides re-programming garage door openers and cars, relocating washer/dryer, fixing the patio screen door, roomie gives tornado alerts. WIN",1970-01-01 00:00:00.000040653,0,Bangalore,1970-01-01,[],besides reprogramming garage door openers cars relocating washerdryer fixing patio screen door roomie gives tornado alerts win
1043,"basketball goal pushed over on my car during tornado/winds last night.Feel blessed that is only damage,prayers for those who suffered worse.",1970-01-01 00:00:00.000040653,1,Mumbai,1970-01-01,[],basketball goal pushed my car during tornadowinds last nightfeel blessed that damageprayers those who suffered worse
1044,Would you sit in your car and make a video of a tornado coming right at you? http://fb.me/zjDEza4Q,1970-01-01 00:00:00.000040653,1,Kolkata,1970-01-01,[],would you sit your car make video tornado coming right you
1045,"=@dailymile cycling through thunderclouds, crazy winds, And TORNADO sirens going off around me. not a car in sight. Creepy.",1970-01-01 00:00:00.000040653,1,Bangalore,1970-01-01,[],cycling through thunderclouds crazy winds tornado sirens going off around me car sight creepy
1046,My car got destroyed in the tornado but nothing is going to stop me from missing @BIGKRIT's show tomorrow night @ Cat's Cradle!!!,1970-01-01 00:00:00.000040653,1,Chennai,1970-01-01,[],my car got destroyed tornado but nothing going stop me missing s show tomorrow night cats cradle
1050,"Tornado Takes Burger, Fries & Drink RIGHT Out of Dudes Hand While He in the Car About to Eat.. - http://creambmp.com/videos/tornado-takes-burger-fries-drink-right-out-of-dudes-hand-while-he-in-the-car-about-to-eat-lol/¬†‚Ä¶ <--TOO FUNNY!",1970-01-01 00:00:00.000040653,1,Chennai,1970-01-01,[],tornado takes burger fries drink right out dudes hand while he car eat funny
1078,if theres a tornado why the fuck would you gett outt ya car & watch it?,1970-01-01 00:00:00.000040653,1,Kolkata,1970-01-01,[],if theres tornado why fuck would you gett outt ya car watch it
1088,Just got in my car and realized my windows were rolled down during the tornado..#dumbmoments,1970-01-01 00:00:00.000040653,1,Hyderabad,1970-01-01,[],got my car realized my windows rolled down during tornado
1089,"Tornado Takes Burger, Fries & Drink RIGHT Out of Dudes Hand While He in the Car About to Eat..LOL - http://creambmp.com/videos/tornado-takes-burger-fries-drink-right-out-of-dudes-hand-while-he-in-the-car-about-to-eat-lol/¬†‚Ä¶ <--TOO FUNNY!",1970-01-01 00:00:00.000040653,1,Bangalore,1970-01-01,[],tornado takes burger fries drink right out dudes hand while he car eatlol funny
1117,Welcome to tornado season everyone:  Did you know you need to drive over 70mph in your car to outrun the fastest tornadoes...not recommended,1970-01-01 00:00:00.000040653,1,Hyderabad,1970-01-01,[],welcome tornado season everyone did you know you need drive mph your car outrun fastest tornadoesnot recommended
1118,"Can you guess what I hate today? Late nights, and beer. I guess last night we had Tornado warnings while I was drinking Irish Car Bombs.",1970-01-01 00:00:00.000040653,1,Kolkata,1970-01-01,[],you guess what i hate today late nights beer i guess last night we had tornado warnings while i drinking irish car bombs
1119,"Why a Car Does Not Give Good Protection in a Tornado: The damage done to this car was from a tornado rated ""only... http://bit.ly/fdZpnT",1970-01-01 00:00:00.000040653,1,Chennai,1970-01-01,[],why car does give good protection tornado damage done this car tornado rated
1120,Gonna send color books and crayons and some cases of cars to the hard hit Tornado areas in NC. Will be doing a toy drive for these kids,1970-01-01 00:00:00.000040653,1,Hyderabad,1970-01-01,[],gonna send color books crayons cases cars hard hit tornado areas nc be doing toy drive these kids
1121,Lol I asked to borrow my bosses car for the next two wks till I get mine. He said yeah if I can find it. Lol the tornado moved it,1970-01-01 00:00:00.000040653,1,Hyderabad,1970-01-01,[],lol i asked borrow my bosses car next two wks till i get mine he said yeah if i find it lol tornado moved it
1122,We had 2 big trees down. I used car to move them lol.  No one had lights. Not even pilot. Big tornado storm came threw.,1970-01-01 00:00:00.000040653,1,Hyderabad,1970-01-01,[],we had big trees down i used car move them lol one had lights even pilot big tornado storm came threw
1124,MT @terrymeiners: You know they hate you at work when they pick you to go out with a camera and operate the LIVE DRIVE car in a tornado.,1970-01-01 00:00:00.000040653,1,Kolkata,1970-01-01,[],mt you know they hate you work when they pick you go out camera operate live drive car tornado
1125,Made it through the tornado ... kind of fell asleep through it actually. Hope my car is still outside.,1970-01-01 00:00:00.000040653,1,Delhi,1970-01-01,[],made it through tornado kind fell asleep through it actually hope my car still outside
1126,"A tornado walks onto a car lot, sees a nice sports car, and asks the dealer, ""Mind if I take this for a spin?"" #tornadopuns",1970-01-01 00:00:00.000040653,1,Bangalore,1970-01-01,[],tornado walks onto car lot sees nice sports car asks dealer mind if i take this spin
1127,Wow. Heavy peal of thunder Just made my car alarm beep! Tornado warning cancelled for Delaware Co says @jerrywsyx6.,1970-01-01 00:00:00.000040653,1,Mumbai,1970-01-01,[],wow heavy peal thunder made my car alarm beep tornado warning cancelled delaware co says
1128,‚Äú@Yo_Trinity: no cars turned over nor do i see trees in the street fake as tornado‚Äù you silly man lmao,1970-01-01 00:00:00.000040653,1,Mumbai,1970-01-01,[],cars turned do i see trees street fake as tornado you silly man lmao
1129,"Its nearly two in the morning, in henderson, in tornado weather. What the heck are cars doing out on the road?! #shaaaaaaady",1970-01-01 00:00:00.000040653,1,Kolkata,1970-01-01,[],its nearly two morning henderson tornado weather what heck cars doing out road
1130,"So dey tell us to take cover for dis tornado warning,y do I hear a car beatn down ma street #niggas smh only a nigga",1970-01-01 00:00:00.000040653,1,Chennai,1970-01-01,[],dey tell us take cover dis tornado warningy do i hear car beatn down ma street smh nigga
1131,RT @MarsDaBlackman: Its windy af out tornado watch tonight I hope my car gets damged badly for I can cash in lol--acts of nature gets no $,1970-01-01 00:00:00.000040653,1,Mumbai,1970-01-01,[],rt its windy af out tornado watch tonight i hope my car gets damged badly i cash lolacts nature gets
1133,God is outside washing my car right now... Hope he don't [WAX] it with a tree! <---[#TORNADO]flow!,1970-01-01 00:00:00.000040653,0,Kolkata,1970-01-01,[],god outside washing my car right now hope he dont wax it tree flow
1134,"dear mr. tornado, please don't blow the feeble tree in my backyard onto my car. thanks.",1970-01-01 00:00:00.000040653,0,Mumbai,1970-01-01,[],dear mr tornado please dont blow feeble tree my backyard onto my car thanks
1136,Just read about someone who BARELY escaped a tornado in her car. Do ppl who didn't grow up in tornado alley not know to WATCH THE WEATHER?!,1970-01-01 00:00:00.000040653,1,Mumbai,1970-01-01,[],read someone who barely escaped tornado her car do ppl who didnt grow tornado alley know watch weather
1137,"Well woke up to tornado sirens but no tornado...just alot of rain and wind, oh yeah can't forget the half a tree that fell on my car Yay",1970-01-01 00:00:00.000040653,1,Chennai,1970-01-01,[],well woke tornado sirens but tornadojust alot rain wind oh yeah cant forget half tree that fell my car yay
1139,Soo tired. I'm not fond of being in my car when a tornado is just a few miles away & coming my direction! #Veryscary,1970-01-01 00:00:00.000040653,1,Mumbai,1970-01-01,[],soo tired im fond being my car when tornado miles away coming my direction
1141,@gbpf127 that sucks!!  I just had to talk SB out of wanting to go sit in our cars while the tornado passes.,1970-01-01 00:00:00.000040653,1,Mumbai,1970-01-01,[],that sucks i had talk sb out wanting go sit our cars while tornado passes
1142,"A semi on it's sid Ch 12 but WHERE? I remember 15 yrs ago, my sisters boss on way to work got killed in car :( from tornado",1970-01-01 00:00:00.000040653,1,Bangalore,1970-01-01,[],semi its sid ch but where i remember yrs ago my sisters boss way work got killed car tornado
1143,"Mobile Storm Tracker? Really Fox? It's a tornado and you send someone out in a car??? As Ryan said, ""Man it sucks to be an intern.""",1970-01-01 00:00:00.000040653,1,Mumbai,1970-01-01,[],mobile storm tracker really fox its tornado you send someone out car as ryan said man it sucks be intern
1144,im more worried bout my shii n my car durin this tornado than anythin...well n of course for the ppl close to me to stay safe,1970-01-01 00:00:00.000040653,1,Bangalore,1970-01-01,[],im worried bout my shii n my car durin this tornado anythinwell n course ppl close me stay safe
1146,You know they hate you at work when the TV manager picks you to go out with a camera and operate the LIVE DRIVE car in a tornado.,1970-01-01 00:00:00.000040653,1,Chennai,1970-01-01,[],you know they hate you work when tv manager picks you go out camera operate live drive car tornado
1147,"=@Blayzinator ((when i was little, i was in a car when my mom outran a tornado. i have also been through one last summer))",1970-01-01 00:00:00.000040653,1,Hyderabad,1970-01-01,[],when i little i car when my mom outran tornado i have also been through one last summer
1150,steph get your little ass car in the garage there a tornado warning! - love my mom lol,1970-01-01 00:00:00.000040653,1,Bangalore,1970-01-01,[],steph get your little ass car garage tornado warning love my mom lol
1151,@CDGivens can I have your car if the tornado takes u away? =),1970-01-01 00:00:00.000040653,0,Bangalore,1970-01-01,[],i have your car if tornado takes u away
1152,"Tornado watch issued for most parts of Cincinnati until 5 am... Hmm. Come on tornado, I've got a car for ya!",1970-01-01 00:00:00.000040653,1,Delhi,1970-01-01,[],tornado watch issued parts cincinnati until am hmm come tornado ive got car ya
1153,=@pullTHE_GUNSout damn!I think i can top that. a few years ago my dad was this close to being sucked up in a tornado. his car got some,1970-01-01 00:00:00.000040653,1,Kolkata,1970-01-01,[],damni think i top that years ago my dad this close being sucked tornado his car got
1155,"I don't wanna talk about Juan... Is you bout to come smoke, fuck this tornado, you gon be in the car @FlyyestGirl",1970-01-01 00:00:00.000040653,1,Hyderabad,1970-01-01,[],i dont wanna talk juan you bout come smoke fuck this tornado you gon be car
1157,Tornado sirens just went off. Good thing my car is parked in what I hope is a sturdy structure...,1970-01-01 00:00:00.000040653,1,Delhi,1970-01-01,[],tornado sirens went off good thing my car parked what i hope sturdy structure
1158,@bereolaesque Great to meet you! Glad you enjoyed your first tornado! We were in the car cracking up!,1970-01-01 00:00:00.000040653,1,Delhi,1970-01-01,[],great meet you glad you enjoyed your first tornado we car cracking
1159,that's funny...Just thinkin what if it was a real tornado...would the cops be in they cars drivin around?,1970-01-01 00:00:00.000040653,1,Delhi,1970-01-01,[],thats funnyjust thinkin what if it real tornadowould cops be they cars drivin around
1161,Scary weather ahoy. I feel like I'm in a car wash. O_o Apparently there's an actual tornado warning.,1970-01-01 00:00:00.000040653,1,Chennai,1970-01-01,[],scary weather ahoy i feel like im car wash oo apparently theres actual tornado warning
1162,"Im about to go chill in my car, cuz if the tornado hits my house im drivin down the street..#everyMAN4themSELVES",1970-01-01 00:00:00.000040653,1,Delhi,1970-01-01,[],im go chill my car cuz if tornado hits my house im drivin down street
1163,It's a tornado outside and i'm in my car on my phone texting tryna charge it. Lol,1970-01-01 00:00:00.000040653,1,Mumbai,1970-01-01,[],its tornado outside im my car my phone texting tryna charge it lol
1164,"Safe after 1st tornado. Next one on its way. There's a tree on my neighbors car and 75,000 peeps without power.",1970-01-01 00:00:00.000040653,1,Kolkata,1970-01-01,[],safe st tornado next one its way theres tree my neighbors car peeps without power
1166,If A Tornado comes & I'm In A Car & The News People Expect My Little Ass To Lay Face Down In A Ditch ?! That Shxt Would Snap Me In Half !,1970-01-01 00:00:00.000040653,1,Delhi,1970-01-01,[],if tornado comes im car news people expect my little ass lay face down ditch that shxt would snap me half
1167,Video: Just had to share this tornado footage. It goes right over the driver‚Äôs car. http://tumblr.com/x6326uymg4,1970-01-01 00:00:00.000040653,1,Bangalore,1970-01-01,[],video had share this tornado footage it goes right drivers car
1169,RT @Yeeeeaaaabitch: @BRiTTeRS_26 Lmmfao I can see u now it's a tornado and u runnin to the car tryin charge ur phone lol ¬´ #truth. Lol,1970-01-01 00:00:00.000040653,1,Hyderabad,1970-01-01,[],rt lmmfao i see u now its tornado u runnin car tryin charge ur phone lol lol
1170,@BRiTTeRS_26 Lmmfao I can see u now it's a tornado and u runnin to the car tryin charge ur phone lol,1970-01-01 00:00:00.000040653,1,Chennai,1970-01-01,[],lmmfao i see u now its tornado u runnin car tryin charge ur phone lol
1171,"@jack_phipps im like the captain on his ship, if the tornado takes my car im going with it. #smart #herewego #stormtime",1970-01-01 00:00:00.000040653,1,Bangalore,1970-01-01,[],im like captain his ship if tornado takes my car im going it
1172,"Pouring rain, wind, hail, and tornado sirens...then my low fuel light comes on in my car. I was pretty confident I was going to die.",1970-01-01 00:00:00.000040653,1,Mumbai,1970-01-01,[],pouring rain wind hail tornado sirensthen my low fuel light comes my car i pretty confident i going die
1173,"Dnt say that :( RT @MarquisDonta: I aint gotta work til 4 pm tomm. But I might call in. ""Uuhhh yea. My car Is wit that tornado somewhere""",1970-01-01 00:00:00.000040653,1,Kolkata,1970-01-01,[],dnt say that rt i aint gotta work til pm tomm but i might call uuhhh yea my car wit that tornado somewhere
1174,"hell if the tornado doesn't fuck up my car, the hail sure will",1970-01-01 00:00:00.000040653,1,Kolkata,1970-01-01,[],hell if tornado doesnt fuck my car hail sure
1175,Melly is so scared for the tornado tonight. Wish we had a 3 car garage so my little passat isn't out there alone :/,1970-01-01 00:00:00.000040653,1,Kolkata,1970-01-01,[],melly scared tornado tonight wish we had car garage my little passat isnt out alone
1176,‚Äú@L0ui: Tornado is coming! I hope my car doesn't fly away.. #CrazyTweet‚Äù>> r u serious?!,1970-01-01 00:00:00.000040653,1,Mumbai,1970-01-01,[],tornado coming i hope my car doesnt fly away r u serious
1178,(via @jaybol) Tornado Steals Guy‚Äôs Hamburger (VIDEO) - Sure it may have tossed cars and 18-wheelers around and even ... http://ht.ly/1cgzWw,1970-01-01 00:00:00.000040653,1,Delhi,1970-01-01,[],via tornado steals guys hamburger video sure it may have tossed cars wheelers around even
1179,I would really appreciate if this tornado didn't turn my car into a flying one..I spent $130 on it today & I don't think Meineke covers that,1970-01-01 00:00:00.000040653,0,Delhi,1970-01-01,[],i would really appreciate if this tornado didnt turn my car flying onei spent it today i dont think meineke covers that
1180,Gotta love tornado alley...if another tree falls on my car I quit louisville,1970-01-01 00:00:00.000040653,0,Kolkata,1970-01-01,[],gotta love tornado alleyif another tree falls my car i quit louisville
1181,My Sistur asked my mom if she can use the car to chase the tornado? -_- dumb ass girl my mom said,1970-01-01 00:00:00.000040653,1,Hyderabad,1970-01-01,[],my sistur asked my mom if she use car chase tornado dumb ass girl my mom said
1182,"I'm right there with you. RT ‚Äú@aubreypeppers: Well if there's a tornado, I hope it takes my car. I'd really like a new one.‚Äù",1970-01-01 00:00:00.000040653,0,Delhi,1970-01-01,[],im right you rt well if theres tornado i hope it takes my car id really like new one
1183,I really wanna go tornado chasing sometime... Preferably not in my own car... Maybe a tank or something:/,1970-01-01 00:00:00.000040653,0,Kolkata,1970-01-01,[],i really wanna go tornado chasing sometime preferably my car maybe tank something
1184,=@dottkov TORNADO watch here in cols. Raining hard right NOW. eatin lunch in my car,1970-01-01 00:00:00.000040653,1,Kolkata,1970-01-01,[],tornado watch cols raining hard right now eatin lunch my car
1185,"They say animal behavior can warn of natural disasters. Last time a tornado hit, my dog took the car keys and drove to Arizona#petsaregreat",1970-01-01 00:00:00.000040653,1,Hyderabad,1970-01-01,[],they say animal behavior warn natural disasters last time tornado hit my dog took car keys drove arizona
1186,Well Tornado warning gone...I think Ima go outside and sit on my car under the carport cuz it feels really good outside,1970-01-01 00:00:00.000040653,0,Kolkata,1970-01-01,[],well tornado warning gonei think ima go outside sit my car carport cuz it feels really good outside
1188,It's sad cause we have thunder/tornado warnings and all I'm worried about is my car getting messed up #newowner ;),1970-01-01 00:00:00.000040653,1,Bangalore,1970-01-01,[],its sad cause we have thundertornado warnings im worried my car getting messed
1190,@tinaalva @PartyBrit haha oh it was out 10mins. ago! Not too worried about a tornado though since I live downtown. Just hail on my car.,1970-01-01 00:00:00.000040653,1,Delhi,1970-01-01,[],haha oh it out mins ago worried tornado though since i live downtown hail my car
1191,Tornado sirens just sounded. Golf ball size hail?! I'm gonna be sooo mad if this storm dents my new car!,1970-01-01 00:00:00.000040653,1,Mumbai,1970-01-01,[],tornado sirens sounded golf ball size hail im gonna be sooo mad if this storm dents my new car
1193,Tornado warning! Eek! Oh lovely and hail. My car is safe now... Fucking shit.,1970-01-01 00:00:00.000040653,1,Hyderabad,1970-01-01,[],tornado warning eek oh lovely hail my car safe now fucking shit
1198,all ima tell this tornado is if you do touchdown plese dn`t touch my car please & thanks !,1970-01-01 00:00:00.000040653,0,Mumbai,1970-01-01,[],ima tell this tornado if you do touchdown plese dnt touch my car please thanks
1199,"Hm. Storms. Crazy. I guess tornado sirens went off just before I got back into town. The streets were totally empty, cars under overpasses.",1970-01-01 00:00:00.000040653,1,Delhi,1970-01-01,[],hm storms crazy i guess tornado sirens went off before i got back town streets totally empty cars overpasses
1200,we are driving in this shit! just know our car got hit by the tornado if im not at school tomorrow,1970-01-01 00:00:00.000040653,1,Mumbai,1970-01-01,[],we driving this shit know our car got hit tornado if im school tomorrow
1201,"Iwebslog.com- Obama declares parts of North Carolina a disaster 
    (AP): AP - The tornado that car... http://l.mytr.in/gqUAKf #Popular",1970-01-01 00:00:00.000040653,1,Mumbai,1970-01-01,[],iwebslogcom obama declares parts north carolina disaster ap ap tornado that car
1202,"I know, let's sound a tornado warning when there is no tornado. They are know car alarms, no one cares when they go off.",1970-01-01 00:00:00.000040653,1,Chennai,1970-01-01,[],i know lets sound tornado warning when tornado they know car alarms one cares when they go off
1203,"You know it's the week before a half marathon when you run in place for 45 minutes during a tornado. Also, my car's full of dents :(",1970-01-01 00:00:00.000040653,1,Kolkata,1970-01-01,[],you know its week before half marathon when you run place minutes during tornado also my cars full dents
1204,"Ever been so mad you wanna mess up your spouses car, If u park it in the right spot now, u can tell the police it wasn't your fault #tornado",1970-01-01 00:00:00.000040653,1,Bangalore,1970-01-01,[],ever been mad you wanna mess your spouses car if u park it right spot now u tell police it wasnt your fault
1206,Stuck in the hot basement for the tornado warning and my car prly has hail damange #notahappycamper,1970-01-01 00:00:00.000040653,1,Hyderabad,1970-01-01,[],stuck hot basement tornado warning my car prly has hail damange
1208,"@10rdBen Yep. To be fair, it's not a full tornado - it's just raining on a bastard and a tree fell on @brainygamer's car.",1970-01-01 00:00:00.000040653,1,Delhi,1970-01-01,[],yep be fair its full tornado its raining bastard tree fell s car
1209,Unless i hear trees and cars being thrown around then fuck a #tornado and the weather channel for interrupting the #playoffs,1970-01-01 00:00:00.000040653,1,Kolkata,1970-01-01,[],unless i hear trees cars being thrown around fuck weather channel interrupting
1210,Why me Im scared AF Sittin in th car under the bridge while this stupid storm goin on Not to mention my son with me.With the tornado sirens,1970-01-01 00:00:00.000040653,1,Mumbai,1970-01-01,[],why me im scared af sittin th car bridge while this stupid storm goin mention my son mewith tornado sirens
1213,@SentientMist Oooh! Tornado warning is worse! And your uni is about an hr away by car right? That's too close IMO!,1970-01-01 00:00:00.000040653,0,Mumbai,1970-01-01,[],oooh tornado warning worse your uni hr away car right thats close imo
1215,Lord it's a tornado warning. I get scared and get in the car headed to @SIUCoachHarlow's house and as I get up the street crazy rain & wind!,1970-01-01 00:00:00.000040653,1,Chennai,1970-01-01,[],lord its tornado warning i get scared get car headed s house as i get street crazy rain wind
1216,For real? RT @ErlSwirl: Yeah my dog threw up and then I drove thru a tornado n a t bell sign hit my car then me (cont) http://tl.gd/9v0esi,1970-01-01 00:00:00.000040653,1,Mumbai,1970-01-01,[],real rt yeah my dog threw i drove thru tornado n t bell sign hit my car me cont
1217,@TKDWolf I've been in one my. Dad decided to go tornado chasing with me in the car. It landed about 200 yards Scary stuff,1970-01-01 00:00:00.000040653,1,Chennai,1970-01-01,[],ive been one my dad decided go tornado chasing me car it landed yards scary stuff
1221,"Lol I was in the car and the radio people were like, ""listen to this tornado of wisdom... And shut the hell up"" 

Lmaoo. xD",1970-01-01 00:00:00.000040653,1,Hyderabad,1970-01-01,[],lol i car radio people like listen this tornado wisdom shut hell lmaoo xd
1222,"""Behind Every Tornado... Is A Car Fulla White People Chasing It""",1970-01-01 00:00:00.000040653,1,Chennai,1970-01-01,[],behind every tornado car fulla white people chasing it
1227,"And by get excited, I mean watch from the garage or porch or hop in the car and drive around until you see a tornado or tornado damage",1970-01-01 00:00:00.000040653,0,Delhi,1970-01-01,[],get excited i mean watch garage porch hop car drive around until you see tornado tornado damage
1228,In the car during the tornado #great,1970-01-01 00:00:00.000040653,1,Mumbai,1970-01-01,[],car during tornado
1230,Tornado sirens! I'm gonna vacuum real quick - the home equivalent of wearing clean underwear in case you're in a car wreck. #fb,1970-01-01 00:00:00.000040653,0,Kolkata,1970-01-01,[],tornado sirens im gonna vacuum real quick home equivalent wearing clean underwear case youre car wreck
1231,This storm is massive. Strong winds. Tornado sirens going off. Cars exploding. People on fire. Meteor headed towards my house.,1970-01-01 00:00:00.000040653,1,Bangalore,1970-01-01,[],this storm massive strong winds tornado sirens going off cars exploding people fire meteor headed towards my house
1232,Tornado in STL and I'm n the car... Wtf,1970-01-01 00:00:00.000040653,1,Chennai,1970-01-01,[],tornado stl im n car wtf
1233,Tornado Warning.  That means Abby and I go hide in my car under our apartment. :),1970-01-01 00:00:00.000040653,1,Hyderabad,1970-01-01,[],tornado warning that means abby i go hide my car our apartment
1236,"Just woke up with good news of a  tornado warning, smh guess il go back to sleep n hope it dont mess up my car lol",1970-01-01 00:00:00.000040653,0,Hyderabad,1970-01-01,[],woke good news tornado warning smh guess il go back sleep n hope it dont mess my car lol
1241,"=@BigDaddyyy_Jay Ctfuu. We were driving Inna car through North Carolina during a tornado. Uur a good ass driver, We were Dodging everything",1970-01-01 00:00:00.000040653,0,Chennai,1970-01-01,[],ctfuu we driving inna car through north carolina during tornado uur good ass driver we dodging everything
1243,"O M G, Me And My Aunt Is Blessed We Saw The Tornado . It Was A Tornado In Clinton MD . When We Was In The Car We The Wind Was Blowing Hard.",1970-01-01 00:00:00.000040660,1,Kolkata,1970-01-01,[],o m g me my aunt blessed we saw tornado it tornado clinton md when we car we wind blowing hard
1244,RT @johnlepp: this is all kinds of awesome ‚Äú@anthonymarco: Tornado passes by calmest man alive in a car on hi‚Ä¶ (cont) http://deck.ly/~AkSNI,1970-01-01 00:00:00.000040660,1,Kolkata,1970-01-01,[],rt this kinds awesome tornado passes calmest man alive car hi cont
1248,So Drunkass White Boys Standin' On top Of they Car Screamin' at The Tornado.,1970-01-01 00:00:00.000040660,1,Bangalore,1970-01-01,[],drunkass white boys standin top they car screamin tornado
1249,Until I c a car 50 ft in the air ion wanna c another tornado warning lol,1970-01-01 00:00:00.000040660,1,Mumbai,1970-01-01,[],until i c car ft air ion wanna c another tornado warning lol
1250,Car accidents/accidental porn shops/magic hangover pills/uncapped gas tank/2 tornado warnings....and its only day 2! Gotta love #kentucky!,1970-01-01 00:00:00.000040660,1,Hyderabad,1970-01-01,[],car accidentsaccidental porn shopsmagic hangover pillsuncapped gas tank tornado warningsand its day gotta love
1251,So ready to go home I hope my car still there wit this tornado watch idk y we don't get to leave.. Lil blue is not built for this weather,1970-01-01 00:00:00.000040660,1,Chennai,1970-01-01,[],ready go home i hope my car still wit this tornado watch idk y we dont get leave lil blue built this weather
1253,"Omfg. So the first time I decide to drive my fucking new car, there's a tornado, and a HUGE hail storm, then I hit a curb #scurred",1970-01-01 00:00:00.000040660,1,Hyderabad,1970-01-01,[],omfg first time i decide drive my fucking new car theres tornado huge hail storm i hit curb
1254,aye kill moms just said if dis tornado really do go down 2 hop in da car cus we out lmao,1970-01-01 00:00:00.000040660,1,Kolkata,1970-01-01,[],aye kill moms said if dis tornado really do go down hop da car cus we out lmao
1255,I'll be mad as hell if this tornado takes out my car. I just changed my oil this morning ‡≤†_‡≤†,1970-01-01 00:00:00.000040660,1,Kolkata,1970-01-01,[],ill be mad as hell if this tornado takes out my car i changed my oil this morning
1256,Lol yesssssss RT @vivalajuicy85 @UrHeartzDezyr hopefully this tornado can blow a single straight man my way wit a job an a car,1970-01-01 00:00:00.000040660,1,Chennai,1970-01-01,[],lol yesssssss rt hopefully this tornado blow single straight man my way wit job car
1258,Some  random number text mne and told me to be safe ..  must know i want to jump in me tornado man and pull my car out lol,1970-01-01 00:00:00.000040660,0,Mumbai,1970-01-01,[],random number text mne told me be safe must know i want jump me tornado man pull my car out lol
1259,Kairi yellin like shit cause I swea we just seen a tornado lls im laghin but I am SCARED in this car lls lawddd,1970-01-01 00:00:00.000040660,1,Bangalore,1970-01-01,[],kairi yellin like shit cause i swea we seen tornado lls im laghin but i am scared this car lls lawddd
1260,Aw man is she ok? RT @hedakid Man damn the tornado just tore my lil sister house & car up fuck,1970-01-01 00:00:00.000040660,1,Mumbai,1970-01-01,[],aw man she ok rt man damn tornado tore my lil sister house car fuck
1261,=@LilAstranomical lmaoooooo lol next time u can Stay in my car during the TORNADO And sing the la la song lls,1970-01-01 00:00:00.000040660,1,Delhi,1970-01-01,[],lmaoooooo lol next time u stay my car during tornado sing la la song lls
1283,"ihope we have a tornado. if we do, it should hit mr. johnson car, gales house, and the whole rennaisance school.",1970-01-01 00:00:00.000040660,1,Chennai,1970-01-01,[],ihope we have tornado if we do it should hit mr johnson car gales house whole rennaisance school
1284,Tornado watch until ten tonight. Bad storm now. Thunder and lightning caused Connor's car lights to flash.Flashlight by my side just in case,1970-01-01 00:00:00.000040660,1,Mumbai,1970-01-01,[],tornado watch until ten tonight bad storm now thunder lightning caused connors car lights flashflashlight my side case
1285,Just watched a tornado go right over my car....pretty cool to say the least!,1970-01-01 00:00:00.000040660,1,Kolkata,1970-01-01,[],watched tornado go right my carpretty cool say least
1287,=@UrHeartzDezyr hopefully this TORNADO can blow a single straight man my Way wit a job an a car,1970-01-01 00:00:00.000040660,1,Kolkata,1970-01-01,[],hopefully this tornado blow single straight man my way wit job car
1288,it takes an awesome type of girl to be able to successfully drive a stick shift car in tornado-warning weather whilst applying eyeliner. #me,1970-01-01 00:00:00.000040660,1,Mumbai,1970-01-01,[],it takes awesome type girl be able successfully drive stick shift car tornadowarning weather whilst applying eyeliner
1289,this is all kinds of awesome ‚Äú@anthonymarco: Tornado passes by calmest man alive in a car on his cell... http://www.youtube.com/watch?v=aijg8hWU4fM&feature=share¬†‚Ä¶,1970-01-01 00:00:00.000040660,1,Chennai,1970-01-01,[],this kinds awesome tornado passes calmest man alive car his cell
1291,"OMG me tooooo lol RT @BRIAsaid: #Confession, I kinda wanna grab a camera , get in the car and chase this tornado ! :)' )",1970-01-01 00:00:00.000040660,0,Mumbai,1970-01-01,[],omg me tooooo lol rt i kinda wanna grab camera get car chase this tornado
1292,all i no is this tornado better not fuck up my car,1970-01-01 00:00:00.000040660,1,Kolkata,1970-01-01,[],i this tornado better fuck my car
1295,RT @LADi_TEE323: I'm hella sad the tornado got my car :(...<yo car fucked up,1970-01-01 00:00:00.000040660,1,Chennai,1970-01-01,[],rt im hella sad tornado got my car yo car fucked
1296,RT @TWEETHESE pray for my uncle he was flipped in a car by a tornado sorry to hear dat....here n alabama doe?,1970-01-01 00:00:00.000040660,1,Bangalore,1970-01-01,[],rt pray my uncle he flipped car tornado sorry hear dathere n alabama doe
1297,Tornado passes by calmest man alive in a car on his cell... http://www.youtube.com/watch?v=aijg8hWU4fM&feature=share¬†‚Ä¶ via @youtube,1970-01-01 00:00:00.000040660,1,Bangalore,1970-01-01,[],tornado passes calmest man alive car his cell via
1298,Aww man! Thats crazy! RT @prissybritty: @DJTH3KID I was in a tornado last Nov so I'm tryna protect my car just in case we have 1 2nite,1970-01-01 00:00:00.000040660,1,Bangalore,1970-01-01,[],aww man thats crazy rt i tornado last nov im tryna protect my car case we have nite
1302,let me go inside before another tornado comes && pushes this car im in like a domino. i dont have the time for it. bye storm. its been real.,1970-01-01 00:00:00.000040660,1,Bangalore,1970-01-01,[],let me go inside before another tornado comes pushes this car im like domino i dont have time it bye storm its been real
1303,But I'm tornado watching!!! From the car..RT @STILLCONN3CTED @miskisseyface OK,1970-01-01 00:00:00.000040660,1,Kolkata,1970-01-01,[],but im tornado watching carrt ok
1307,I just hope the tornado don't take my power away again...I got groceries this time lol...oh or fuck my car up I got work at 7am,1970-01-01 00:00:00.000040660,1,Bangalore,1970-01-01,[],i hope tornado dont take my power away againi got groceries this time loloh fuck my car i got work am
1310,Cars keep driving by w/loud bass & I keep thinking it's a tornado!!! I'm not even near storms right now. #Scared,1970-01-01 00:00:00.000040660,1,Chennai,1970-01-01,[],cars keep driving wloud bass i keep thinking its tornado im even near storms right now
1312,Ayeee Am Scared Am In Da Car And Its A Tornado Watch Da Clouds Dark,1970-01-01 00:00:00.000040660,1,Bangalore,1970-01-01,[],ayeee am scared am da car its tornado watch da clouds dark
1317,"@capemberton we are okay, house is fine cars are fine. Tornado missed us by about 50 yards. Fifteenth is destroyed.",1970-01-01 00:00:00.000040660,1,Bangalore,1970-01-01,[],we okay house fine cars fine tornado missed us yards fifteenth destroyed
1319,"Praying that I,my house & my car will be ok. Cause that NC tornado did some real good fucking DAMAGE!",1970-01-01 00:00:00.000040660,1,Hyderabad,1970-01-01,[],praying that imy house my car be ok cause that nc tornado did real good fucking damage
1321,so im in the car and my  mom and brother r freakin  out because the tornado was forming right over us,1970-01-01 00:00:00.000040660,1,Chennai,1970-01-01,[],im car my mom brother r freakin out because tornado forming right us
1323,I Wonder What It Would Be Like To Be In The Middle Of A Tornado....I Bet That Shit Be Fun Until You Land On Top Of A House Or A Car,1970-01-01 00:00:00.000040660,1,Bangalore,1970-01-01,[],i wonder what it would be like be middle tornadoi bet that shit be fun until you land top house car
1324,@vitaminp my roommate says there is a 2 mile wide tornado headed this way from Birmingham. And it's spawning little ones. Get in the car!,1970-01-01 00:00:00.000040660,1,Delhi,1970-01-01,[],my roommate says mile wide tornado headed this way birmingham its spawning little ones get car
1326,Glad your ok though RT @BluKing5: Damn tornado dropped shit on my car. That's just plain rude!,1970-01-01 00:00:00.000040660,1,Chennai,1970-01-01,[],glad your ok though rt damn tornado dropped shit my car thats plain rude
1327,Damn tornado dropped shit on my car. That's just plain rude!,1970-01-01 00:00:00.000040660,1,Delhi,1970-01-01,[],damn tornado dropped shit my car thats plain rude
1329,"Good thing we're driving back by car not Segway? MT @capitalweather: Tornado Warning for Anne Arundel, PG till 7:45 PM http://wapo.st/idovaI",1970-01-01 00:00:00.000040660,1,Bangalore,1970-01-01,[],good thing driving back car segway mt tornado warning anne arundel pg till pm
1330,My brother is ok but tornado went over his house. Its badly damaged and windows out on his car!! Please pray for him. My bro is by himself!,1970-01-01 00:00:00.000040660,1,Bangalore,1970-01-01,[],my brother ok but tornado went his house its badly damaged windows out his car please pray him my bro himself
1332,Lol RT @PreddyDreadhead: RT @ManiMascoto: grabs camcorder and hops in car chasing tornado down* fuck dat im tryin b on worldstar,1970-01-01 00:00:00.000040660,1,Mumbai,1970-01-01,[],lol rt rt grabs camcorder hops car chasing tornado down fuck dat im tryin b worldstar
1333,i'm happier than a tornado in a trailer park :) #cars,1970-01-01 00:00:00.000040660,0,Kolkata,1970-01-01,[],im happier tornado trailer park
1334,"Yoooooo that tornado video was scary af, i would've got in my car and driven the opposite way",1970-01-01 00:00:00.000040660,0,Hyderabad,1970-01-01,[],yoooooo that tornado video scary af i wouldve got my car driven opposite way
1336,I dunno what's wider - that tornado in Birmingham or one of the boxes Alyssa and I tried to fit in her car.,1970-01-01 00:00:00.000040660,1,Chennai,1970-01-01,[],i dunno whats wider that tornado birmingham one boxes alyssa i tried fit her car
1337,Worse than a tornado? @wheresmycoffee car's computer just tried to play that hey there delila song. I thought I knew you @wheresmycoffee,1970-01-01 00:00:00.000040660,1,Kolkata,1970-01-01,[],worse tornado cars computer tried play that hey delila song i thought i knew you
1338,"so, the man who stole my car had his trailer stole by a tornado today. eliza reminds me karmas a loop. she wants a fiber diet poem abt her.",1970-01-01 00:00:00.000040660,1,Chennai,1970-01-01,[],man who stole my car had his trailer stole tornado today eliza reminds me karmas loop she wants fiber diet poem abt her
1339,Yeah it kinda sucks when ur car breaks down right in the middle of a tornado watch AND pouring rain. Anyone got some ruby heels ? SMH....,1970-01-01 00:00:00.000040660,1,Bangalore,1970-01-01,[],yeah it kinda sucks when ur car breaks down right middle tornado watch pouring rain anyone got ruby heels smh
1340,Prayers to my Uncle Lee man a tornado just came threw and destroyed his house and cars. Glad he and his wife okay.,1970-01-01 00:00:00.000040660,1,Mumbai,1970-01-01,[],prayers my uncle lee man tornado came threw destroyed his house cars glad he his wife okay
1342,"Wow! ""@jess_squared: stuck in my car in a parking during a freakin tornado! well... intense storm. thank gah i brought vodka with me :}""",1970-01-01 00:00:00.000040660,0,Hyderabad,1970-01-01,[],wow stuck my car parking during freakin tornado well intense storm thank gah i brought vodka me
1343,I've never seen a tornado in my whole life an don't wanna start now ! I swear if it even looks like one I'm getting in my car an driving !!,1970-01-01 00:00:00.000040660,0,Kolkata,1970-01-01,[],ive never seen tornado my whole life dont wanna start now i swear if it even looks like one im getting my car driving
1344,Its raining like shit it's a tornado warning now and I'm no where near my car or my house I'm bout to walk to my girl house,1970-01-01 00:00:00.000040660,1,Bangalore,1970-01-01,[],its raining like shit its tornado warning now im where near my car my house im bout walk my girl house
1348,"@foREVerNaomi I've seen 2 small ones in my lifetime, one waterspout and I was IN a small tornado by FIU in my car.  Scary shit #TrueStory",1970-01-01 00:00:00.000040660,1,Kolkata,1970-01-01,['water'],ive seen small ones my lifetime one waterspout i small tornado fiu my car scary shit
1349,tornado warning...awesome. it better not touch my car!,1970-01-01 00:00:00.000040660,0,Chennai,1970-01-01,[],tornado warningawesome it better touch my car
1351,"I need this tornado to wait a little, til i'm at least in my car",1970-01-01 00:00:00.000040660,1,Hyderabad,1970-01-01,[],i need this tornado wait little til im least my car
1354,"Car windows broken, apparently in wake of Tuscaloosa tornado - via @WAGE_PILLS: Car windows broken,... http://j.mp/lOZu79 #NaijaMobs",1970-01-01 00:00:00.000040660,1,Bangalore,1970-01-01,[],car windows broken apparently wake tuscaloosa tornado via car windows broken
1355,a tornado just hit my aunt's house... my cousins's car is destroyed and there is a tree in their house D: bad tornadoes here :O,1970-01-01 00:00:00.000040660,1,Hyderabad,1970-01-01,[],tornado hit my aunts house my cousinss car destroyed tree their house d bad tornadoes o
1356,Tornado warning. Haha. My sister was freaking out in the car.,1970-01-01 00:00:00.000040660,1,Kolkata,1970-01-01,[],tornado warning haha my sister freaking out car
1358,Cool this has been a great day. Sick. Someone won't speak to me. There's a tornado. An my car won't start. Woooo,1970-01-01 00:00:00.000040660,1,Hyderabad,1970-01-01,[],cool this has been great day sick someone wont speak me theres tornado my car wont start woooo
1359,"Yall scarin me wit this tornado shit, im out wit no protection :/ . . . Just the car",1970-01-01 00:00:00.000040660,1,Bangalore,1970-01-01,[],yall scarin me wit this tornado shit im out wit protection car
1360,So my gma won't let me leave and drive my own car cuz of the tornado smh,1970-01-01 00:00:00.000040660,1,Mumbai,1970-01-01,[],my gma wont let me leave drive my car cuz tornado smh
1361,"So we tlkn bout if we in the car and a tornado picks the car up. @Guapa_Mami is says, ""I'm jumping out"" LOL",1970-01-01 00:00:00.000040660,1,Mumbai,1970-01-01,[],we tlkn bout if we car tornado picks car says im jumping out lol
1365,OMG YOU GUYSSSS. WHAT IF AS IM DRIVING TO DANCE THE TORNADO COMES AND SUCKS MY CAR UP O__O,1970-01-01 00:00:00.000040660,1,Delhi,1970-01-01,[],omg you guyssss what if as im driving dance tornado comes sucks my car oo
1366,Damn glad you ok RT @KelKel8908: Damn the tornado formed right over my job. It picked my car up and moved it. My car fucked up.,1970-01-01 00:00:00.000040660,1,Hyderabad,1970-01-01,[],damn glad you ok rt damn tornado formed right my job it picked my car moved it my car fucked
1368,"I got a feelin tht my car mite get messed up n this tornado ... smh gne have a niggah singin ""like a good neighbor.....statefarm is there""",1970-01-01 00:00:00.000040660,1,Chennai,1970-01-01,[],i got feelin tht my car mite get messed n this tornado smh gne have niggah singin like good neighborstatefarm
1369,RT @GumpTownSade: RT @TheeKodaK http://twitpic.com/4qa3bu #severe <Ever seen a real tornado??? | Aayyee..i used to wash my car there #random,1970-01-01 00:00:00.000040660,1,Hyderabad,1970-01-01,[],rt rt ever seen real tornado aayyeei used wash my car
1372,"@ibachphoto we heard the tornado from Stanford Pl. Just drove down 193. House debris everywhere behind Eagle Landing, plus a car. #CHAwx #fb",1970-01-01 00:00:00.000040660,1,Chennai,1970-01-01,[],we heard tornado stanford pl drove down house debris everywhere behind eagle landing plus car
1373,@talkendo I remember that awful hailstorm/tornado stuff in 95. I was in my car downtown IN the tornado in 2000. I thought it was the end.,1970-01-01 00:00:00.000040660,1,Delhi,1970-01-01,[],i remember that awful hailstormtornado stuff i my car downtown tornado i thought it end
1375,I'm alive thank GOD! The tornado tore my whole apartment complex to shreds I'm technically homeless as we speak. Car totally fucked as well,1970-01-01 00:00:00.000040660,1,Mumbai,1970-01-01,[],im alive thank god tornado tore my whole apartment complex shreds im technically homeless as we speak car totally fucked as well
1376,@A_NuBnQueen true. Well I hope my car is tornado insured. I'll have a new one in no time!,1970-01-01 00:00:00.000040660,0,Kolkata,1970-01-01,[],true well i hope my car tornado insured ill have new one time
1378,Please tornado. If you damage anything. Please damage my car!! Lol,1970-01-01 00:00:00.000040660,1,Bangalore,1970-01-01,[],please tornado if you damage anything please damage my car lol
1379,"Ustream link only has sound for me - just hearing alarms, car horns, and fire trucks. Tuscaloosa #tornado",1970-01-01 00:00:00.000040660,0,Hyderabad,1970-01-01,[],ustream link has sound me hearing alarms car horns fire trucks tuscaloosa
1381,"1/2 mile wide tornado just ripped through Tuscaloosa & straight through the Woodlands- cars flying, destruction everywhere. So. Scared.",1970-01-01 00:00:00.000040660,1,Delhi,1970-01-01,[],mile wide tornado ripped through tuscaloosa straight through woodlands cars flying destruction everywhere scared
1382,Mannn I aint bouta be work durin no Tornado...all these cars round here too shittttt,1970-01-01 00:00:00.000040660,1,Delhi,1970-01-01,[],mannn i aint bouta be work durin tornadoall these cars round shittttt
1383,"If we get hit by a tornado tonight and my new car gets damaged somehow, I will fist fight Mother Nature.",1970-01-01 00:00:00.000040660,1,Chennai,1970-01-01,[],if we get hit tornado tonight my new car gets damaged somehow i fist fight mother nature
1384,Yeah I'm going to need another back window to my car.... thanks tornado,1970-01-01 00:00:00.000040660,0,Mumbai,1970-01-01,[],yeah im going need another back window my car thanks tornado
1385,"If we have a tornado, and the neighbor's big pile of bulk garbage touches my car, it's gon get ugly up in here.",1970-01-01 00:00:00.000040660,1,Mumbai,1970-01-01,[],if we have tornado neighbors big pile bulk garbage touches my car its gon get ugly
1388,RT @magnetic2: Omg the tornado is 72 ppl in there damm cars! My coworkers said they want to c the storm wtf!<== typical office depot workers,1970-01-01 00:00:00.000040660,1,Kolkata,1970-01-01,[],rt omg tornado ppl damm cars my coworkers said they want c storm wtf typical office depot workers
1390,Chillin with Chelsea and Nicole at work during this tornado drill. Haha hope my cars still outside.,1970-01-01 00:00:00.000040660,0,Kolkata,1970-01-01,[],chillin chelsea nicole work during this tornado drill haha hope my cars still outside
1391,RT @Kristopher_Rob: Dang I'm feeling bad for them two cars driving through that tornado I just got weak though <<--- EVIL ! lol.,1970-01-01 00:00:00.000040660,1,Hyderabad,1970-01-01,[],rt dang im feeling bad them two cars driving through that tornado i got weak though evil lol
1392,Evacuation again. Large hail. Tornado. Worried about my car. :(,1970-01-01 00:00:00.000040660,1,Hyderabad,1970-01-01,[],evacuation large hail tornado worried my car
1394,"lls , the news woman said if its a tornado && if you inna car , get out && lay flat onna ground ! ctfuuuu , shitttttttttttttttttttt !",1970-01-01 00:00:00.000040660,1,Bangalore,1970-01-01,[],lls news woman said if its tornado if you inna car get out lay flat onna ground ctfuuuu shitttttttttttttttttttt
1395,So I went to the store to her paper towels to dry out the car. Ended up waiting out a tornado warning.,1970-01-01 00:00:00.000040660,1,Hyderabad,1970-01-01,[],i went store her paper towels dry out car ended waiting out tornado warning
1396,Dang I'm feeling bad for them two cars driving through that tornado I just got weak though,1970-01-01 00:00:00.000040660,1,Hyderabad,1970-01-01,[],dang im feeling bad them two cars driving through that tornado i got weak though
1397,TORNADO HERE! & I'm stuck in the car... that's what my dumb ass get for trying to changer thiss weak ass Verizon!  I'm finna run likee hell,1970-01-01 00:00:00.000040660,1,Bangalore,1970-01-01,[],tornado im stuck car thats what my dumb ass get trying changer thiss weak ass verizon im finna run likee hell
1398,Be careful! RT @c_breezi: Soo the wind blew me and my little car over 3 lanes. This tornado tonight is gonna be no joke.,1970-01-01 00:00:00.000040660,1,Bangalore,1970-01-01,[],be careful rt soo wind blew me my little car lanes this tornado tonight gonna be joke
1399,A tornado just went over Regency Oaks. Pretty sure my car is destroyed. THIS IS NOT A JOKE YALL.,1970-01-01 00:00:00.000040660,1,Chennai,1970-01-01,[],tornado went regency oaks pretty sure my car destroyed this joke yall
1401,Please let this tornado lift my car and throw that bitch as far as possible but keep everybody safe.....Ks,1970-01-01 00:00:00.000040660,1,Mumbai,1970-01-01,[],please let this tornado lift my car throw that bitch as far as possible but keep everybody safeks
1402,Stuck in the basement in dad's car with my parents and their kid cause of the tornado. Their paranoia is making them irritable. Lucky me -_-,1970-01-01 00:00:00.000040660,0,Chennai,1970-01-01,[],stuck basement dads car my parents their kid cause tornado their paranoia making them irritable lucky me
1404,"This nigga on the new said ""the tornado is picking up cars and throwing em like matchbox toys.."" OHH FUCK THAT..",1970-01-01 00:00:00.000040660,1,Kolkata,1970-01-01,[],this nigga new said tornado picking cars throwing em like matchbox toys ohh fuck that
1405,Did James Spann say it was okay to be in a car during a tornado emergency??,1970-01-01 00:00:00.000040660,1,Chennai,1970-01-01,[],did james spann say it okay be car during tornado emergency
1407,"Found a parking spot right outside of class. My luck, a tornado will touch down and blow my car down campus. #ohwell",1970-01-01 00:00:00.000040660,1,Delhi,1970-01-01,[],found parking spot right outside class my luck tornado touch down blow my car down campus
1409,Damn another tornado FUCK FUCK FUCK my car @Shaw!!!!!!,1970-01-01 00:00:00.000040660,1,Kolkata,1970-01-01,[],damn another tornado fuck fuck fuck my car
1413,@brennajohnson I'd brave the tornado for that one!!! Stay safe...car plows can't help you now!,1970-01-01 00:00:00.000040660,1,Chennai,1970-01-01,[],id brave tornado that one stay safecar plows cant help you now
1415,lol it be funny if a tree fell on my girl car during this tornado.. she just got it painted pink lmao,1970-01-01 00:00:00.000040660,1,Kolkata,1970-01-01,[],lol it be funny if tree fell my girl car during this tornado she got it painted pink lmao
1416,so im in car listening to a tornado warning for knoxville...and my mom says wanna go to toyama? #wow,1970-01-01 00:00:00.000040660,1,Delhi,1970-01-01,[],im car listening tornado warning knoxvilleand my mom says wanna go toyama
1417,Can only my car be hit by a tornado (not me in it) I want the new Challenges 392,1970-01-01 00:00:00.000040660,1,Mumbai,1970-01-01,[],my car be hit tornado me it i want new challenges
1418,‚Äú@MissMarielLane: This is a really bad time for me to be in the car... Please tornado don't come get me ÓÅò‚Äù please head home now!,1970-01-01 00:00:00.000040660,1,Kolkata,1970-01-01,[],this really bad time me be car please tornado dont come get me please head home now
1419,This is a really bad time for me to be in the car... Please tornado don't come get me ÓÅò,1970-01-01 00:00:00.000040660,0,Mumbai,1970-01-01,[],this really bad time me be car please tornado dont come get me
1420,@c_robinson1 yesss it's crazy dawg ..we in the car racing the tornado tryna get downtown to granddaddy house,1970-01-01 00:00:00.000040660,1,Bangalore,1970-01-01,[],yesss its crazy dawg we car racing tornado tryna get downtown granddaddy house
1422,Daehn's Brain: RT @threefourteen: Tornado live on tornadovideos.net - click on the stormchasers.com car http://ow.ly/1cncoi,1970-01-01 00:00:00.000040660,1,Delhi,1970-01-01,[],daehns brain rt tornado live tornadovideosnet click stormchaserscom car
1424,Haha the news reporter just called a car driving into the tornado idiots,1970-01-01 00:00:00.000040660,1,Hyderabad,1970-01-01,[],haha news reporter called car driving tornado idiots
1426,"I'm on 12 and if I see a tornado, I'm jumping clean out of this car and leaving Brooklyn.",1970-01-01 00:00:00.000040660,1,Mumbai,1970-01-01,[],im if i see tornado im jumping clean out this car leaving brooklyn
1427,Oh joy -- tornado sirens as I get to my car. Hopefully it's the davidson county one and not vandy specific.,1970-01-01 00:00:00.000040660,1,Mumbai,1970-01-01,[],oh joy tornado sirens as i get my car hopefully its davidson county one vandy specific
1430,What! A tornado might be on its way!? I better hurry so I can get in my car and wait in line with everyone else!,1970-01-01 00:00:00.000040660,1,Mumbai,1970-01-01,[],what tornado might be its way i better hurry i get my car wait line everyone else
1431,"live feed from cullman tornado from storm chaser on myfoxal.com, just click on the map's icon of car to view. ripped courthouse roof off",1970-01-01 00:00:00.000040660,1,Bangalore,1970-01-01,[],live feed cullman tornado storm chaser myfoxalcom click maps icon car view ripped courthouse roof off
1433,Tornado watch in Buffalo? Can't say I'm not happy I live in an apartment. Now only if I could find a way to bring my car inside lol,1970-01-01 00:00:00.000040660,1,Bangalore,1970-01-01,[],tornado watch buffalo cant say im happy i live apartment now if i could find way bring my car inside lol
1434,"can't find my car keys. we're under a tornado watch. its day 3. for the LOVE of rest and peace... please stop, weather. #exhausted #done",1970-01-01 00:00:00.000040660,1,Delhi,1970-01-01,[],cant find my car keys tornado watch its day love rest peace please stop weather
1435,Let's get Pittman's car fixed #STL MT @Weatherbird Helping a fellow traveler after Lambert was hit by a tornado: http://bit.ly/ihsRA5,1970-01-01 00:00:00.000040660,1,Mumbai,1970-01-01,[],lets get pittmans car fixed mt helping fellow traveler lambert hit tornado
1437,Whatever @Endi_StayOn with all these damn tornado watches I know u ready come home *cranks up the car* I'm on the way!,1970-01-01 00:00:00.000040660,1,Chennai,1970-01-01,[],whatever these damn tornado watches i know u ready come home cranks car im way
1439,@estone08 with all these damn tornado watches I know u ready come home *cranks up the car* I'm on the way!,1970-01-01 00:00:00.000040660,1,Mumbai,1970-01-01,[],these damn tornado watches i know u ready come home cranks car im way
1440,RT @ImHittinDiana: @PrincessCindyP no good ... Car charger?/so I guess u wanted me 2 die in my car w/the tornado jus to charge my phone,1970-01-01 00:00:00.000040660,1,Chennai,1970-01-01,[],rt good car chargerso i guess u wanted me die my car wthe tornado jus charge my phone
1444,Tornado warning sirens are going off and I am in the car. SERIOUSLY?!,1970-01-01 00:00:00.000040660,1,Chennai,1970-01-01,[],tornado warning sirens going off i am car seriously
1445,"""these tornado are strong enough to pick up cars and toss em like a car"" weather man wiggin out..... leggo",1970-01-01 00:00:00.000040660,1,Mumbai,1970-01-01,[],these tornado strong enough pick cars toss em like car weather man wiggin out leggo
1447,I just out ran a tornado in a car!!!! Most amazing experience EVER!!! That's the single most amazing moment of my life!!! #nojoke,1970-01-01 00:00:00.000040660,1,Bangalore,1970-01-01,[],i out ran tornado car amazing experience ever thats single amazing moment my life
1448,@alli_s10 Well i'm in the car now so if this tornado comes behind us i'm #runnin,1970-01-01 00:00:00.000040660,1,Delhi,1970-01-01,[],well im car now if this tornado comes behind us im
1449,"Well, I would not advise being outside trying to get a one-legged lady out of her car in the middle of a tornado. But, if you do... it's fun",1970-01-01 00:00:00.000040660,1,Mumbai,1970-01-01,[],well i would advise being outside trying get onelegged lady out her car middle tornado but if you do its fun
1451,"Lets try this cab thing again minus the tornado....err tornater. Awe cars...hi I'm mater, like tomater! Sry I'm way tired....",1970-01-01 00:00:00.000040660,1,Kolkata,1970-01-01,[],lets try this cab thing minus tornadoerr tornater awe carshi im mater like tomater sry im way tired
1452,#scared. I dont wanna be in a car right now. :( #tornado,1970-01-01 00:00:00.000040660,1,Mumbai,1970-01-01,[],i dont wanna be car right now
1453,Trapped in the car rider line listening to the tornado sirens go off.#scary!,1970-01-01 00:00:00.000040660,1,Bangalore,1970-01-01,[],trapped car rider line listening tornado sirens go off
1454,"""Do not try to out run a tornado in your car. Cars can be tossed around by tornado winds.""--Thanks for that Weather Channel",1970-01-01 00:00:00.000040660,1,Chennai,1970-01-01,[],do try out run tornado your car cars be tossed around tornado windsthanks that weather channel
1455,TIP: Encounter tornado while driving? Safest place is NOT in your car - safest measure is to lie flat in a ditch keeping your head covered.,1970-01-01 00:00:00.000040660,1,Hyderabad,1970-01-01,[],tip encounter tornado while driving safest place your car safest measure lie flat ditch keeping your head covered
1456,damn look at all these post-tornado pics glad i aint been at home. My car would be fucked! we got stoopid trees!,1970-01-01 00:00:00.000040660,1,Kolkata,1970-01-01,[],damn look these posttornado pics glad i aint been home my car would be fucked we got stoopid trees
1458,Wow! Another tornado? Man!!! I'm gonna move back to NJ...lol And what's up with the McDonald fight! Really? wit yoiur car?,1970-01-01 00:00:00.000040660,1,Delhi,1970-01-01,[],wow another tornado man im gonna move back njlol whats mcdonald fight really wit yoiur car
1459,The tornado is on the road that I'm on now but miles and miles behind the car.,1970-01-01 00:00:00.000040660,1,Hyderabad,1970-01-01,[],tornado road that im now but miles miles behind car
1461,"So happy there's a tornado and mahljor storm warning as i wait for the doctors. Oh yeah, borrowed mtly best friends car. 20mim drive.",1970-01-01 00:00:00.000040660,0,Chennai,1970-01-01,[],happy theres tornado mahljor storm warning as i wait doctors oh yeah borrowed mtly best friends car mim drive
1462,RT @threefourteen: Tornado live on tornadovideos.net - click on the stormchasers.com car,1970-01-01 00:00:00.000040660,1,Chennai,1970-01-01,[],rt tornado live tornadovideosnet click stormchaserscom car
1463,Be careful out there! RT @comicstevebrown OMG!!!!! We are in the middle of a tornado!!!! Car just flipped i‚Ä¶ (cont) http://deck.ly/~z9xBj,1970-01-01 00:00:00.000040660,0,Mumbai,1970-01-01,[],be careful out rt omg we middle tornado car flipped i cont
1465,Once I get in the car tol go home... Tornado sirens ... Great this une looks head on with my house,1970-01-01 00:00:00.000040660,0,Kolkata,1970-01-01,[],i get car tol go home tornado sirens great this une looks head my house
1467,Washington DC area's worst five tornado events: The most tragic event of the storm took place when a car contain... http://bit.ly/jHUGLA,1970-01-01 00:00:00.000040660,1,Bangalore,1970-01-01,[],washington dc areas worst five tornado events tragic event storm took place when car contain
1468,"tornado warning . stuck at the ecenter like a muhfugga. few things I'm worried about: my car, my bro, my mommy & fam in vburg, & my bf Óêä",1970-01-01 00:00:00.000040660,1,Kolkata,1970-01-01,[],tornado warning stuck ecenter like muhfugga things im worried my car my bro my mommy fam vburg my bf
1469,There is a freakin Tornado in Cullman and i think it picked up a couple of cars..... Dead god.,1970-01-01 00:00:00.000040660,1,Mumbai,1970-01-01,[],freakin tornado cullman i think it picked couple cars dead god
1470,Tornado live on tornadovideos.net - click on the stormchasers.com car,1970-01-01 00:00:00.000040660,1,Bangalore,1970-01-01,[],tornado live tornadovideosnet click stormchaserscom car
1471,"y'all.... this tornado has been down for about 10 mins now!.... it's so thick!...i wonder are those dots i see, cars blowing away?",1970-01-01 00:00:00.000040660,0,Delhi,1970-01-01,[],yall this tornado has been down mins now its thicki wonder those dots i see cars blowing away
1472,Tornado siren is IN the field at D's school. LOUD car pool line.,1970-01-01 00:00:00.000040660,1,Delhi,1970-01-01,[],tornado siren field ds school loud car pool line
1473,We missed seeing tornado at philidelphia ms cus we witnessed a car accdent and pulled over to make sure noone was hurt. We were 5 min late,1970-01-01 00:00:00.000040660,1,Mumbai,1970-01-01,[],we missed seeing tornado philidelphia ms cus we witnessed car accdent pulled make sure noone hurt we min late
1474,"I remember when a tornado came through my city in '99. That thang tore shyt up for real. Houses, cars, just e'rethang.",1970-01-01 00:00:00.000040660,1,Chennai,1970-01-01,[],i remember when tornado came through my city that thang tore shyt real houses cars erethang
1476,So they have tupelo schools on lock down until the tornado warning is over. I suppose to sit in the car rider line and get swept away????,1970-01-01 00:00:00.000040660,1,Kolkata,1970-01-01,[],they have tupelo schools lock down until tornado warning i suppose sit car rider line get swept away
1477,Packed up half my room...now to get it to my car in this tornado,1970-01-01 00:00:00.000040660,1,Delhi,1970-01-01,[],packed half my roomnow get it my car this tornado
1479,"If I'm caught driving in BFE with a tornado heading my way, I'm not getting out of my car to lay down in a low-lying ravine or ditch. #crazy",1970-01-01 00:00:00.000040660,1,Kolkata,1970-01-01,[],if im caught driving bfe tornado heading my way im getting out my car lay down lowlying ravine ditch
1480,"Tornado hit VERY suddenly, just before 6am! At least half a dozen very LARGE trees downed on cars, uprooted across http://twitpic.com/4q8liw",1970-01-01 00:00:00.000040660,1,Hyderabad,1970-01-01,[],tornado hit suddenly before am least half dozen large trees downed cars uprooted across
1492,I lost my fucking car keys in this fucking tornado storm. Really? Can I have a shittyer month?,1970-01-01 00:00:00.000040660,1,Kolkata,1970-01-01,[],i lost my fucking car keys this fucking tornado storm really i have shittyer month
1493,"Just asked @Bsadkins what if tha tornado came down n suckd up his car, n he replied ""what if it came down n sucked my dick""",1970-01-01 00:00:00.000040660,1,Kolkata,1970-01-01,[],asked what if tha tornado came down n suckd his car n he replied what if it came down n sucked my dick
1494,I'm cleaning the pollen off my car so it will be looking good when the tornado sucks it away.,1970-01-01 00:00:00.000040660,1,Hyderabad,1970-01-01,[],im cleaning pollen off my car it be looking good when tornado sucks it away
1496,"and...one of my cats, idek.  And the tornado cut our train car in half and we were all huddling under the seats or something when some girl",1970-01-01 00:00:00.000040660,1,Hyderabad,1970-01-01,[],andone my cats idek tornado cut our train car half we huddling seats something when girl
1498,"@LO_IS_ME : Ash,should park my car under this tree just in case we have a tornado n a branch falls on my car n I can get a new one! #wow",1970-01-01 00:00:00.000040660,1,Mumbai,1970-01-01,[],ashshould park my car this tree case we have tornado n branch falls my car n i get new one
1499,i did zumba-tornado warnings and all-have a much higher chance of getting hit by a car so i'm not scared-God will take me home when He wants,1970-01-01 00:00:00.000040660,1,Chennai,1970-01-01,[],i did zumbatornado warnings allhave much higher chance getting hit car im scaredgod take me home when he wants
1500,"My sons car is in there somewhere!  Round 2 is hhere, tornado sirens sounding again. Said days b4 we get power http://plixi.com/p/96480793",1970-01-01 00:00:00.000040660,0,Hyderabad,1970-01-01,[],my sons car somewhere round hhere tornado sirens sounding said days b we get power
1503,Spent part of the morning in library theatre. Tornado warnings system sounded while I was walking from car to work. Scary.,1970-01-01 00:00:00.000040660,1,Mumbai,1970-01-01,[],spent part morning library theatre tornado warnings system sounded while i walking car work scary
1507,"@CaseyLeeSlayton well, yes..until tornado hit, haha. I need a picture of your car!!",1970-01-01 00:00:00.000040660,0,Bangalore,1970-01-01,[],well yesuntil tornado hit haha i need picture your car
1508,=@MrBitches_23 lol u silly...so i saw that ur car got caught up in the tornado....haha,1970-01-01 00:00:00.000040660,1,Kolkata,1970-01-01,[],lol u sillyso i saw that ur car got caught tornadohaha
1509,"Okay, so I'm home alone. Tornado sirens won't stop and now car alarms are starting to go off. #mommy",1970-01-01 00:00:00.000040660,1,Kolkata,1970-01-01,[],okay im home alone tornado sirens wont stop now car alarms starting go off
1510,RT @So_Necessary716: @ftwprez aww why were you scared?<a tornado was coming thru n I was stuck in ma car :(,1970-01-01 00:00:00.000040660,1,Kolkata,1970-01-01,[],rt aww why you scareda tornado coming thru n i stuck ma car
1511,"""Let ne go get my purse out the car before a tornado pick my car up!"" LOL @SweetMarie03",1970-01-01 00:00:00.000040660,1,Bangalore,1970-01-01,[],let ne go get my purse out car before tornado pick my car lol
1512,"There's a tornado warning in my area. I hope its close enough to blow off the pollen, but far enough to not take the car.",1970-01-01 00:00:00.000040660,1,Chennai,1970-01-01,[],theres tornado warning my area i hope its close enough blow off pollen but far enough take car
1514,"My cell phone is dead, but the car & I are not. Did not get to go over the rainbow, but survived my 1st tornado. I'll call it a draw.",1970-01-01 00:00:00.000040660,0,Bangalore,1970-01-01,[],my cell phone dead but car i did get go rainbow but survived my st tornado ill call it draw
1515,I now compare tornado sirens to a car horn honking. You're gonna look to see what it's honking for but in the end you don't really care,1970-01-01 00:00:00.000040660,1,Hyderabad,1970-01-01,[],i now compare tornado sirens car horn honking youre gonna look see what its honking but end you dont really care
1518,Mega fun times! Tornado drill at UT followed by lunch with some awesome people. Thanks for taking me to my car @kellealm :),1970-01-01 00:00:00.000040660,0,Chennai,1970-01-01,[],mega fun times tornado drill ut followed lunch awesome people thanks taking me my car
1520,‚Äú@Mike_Pee: RT @Bucket_Giver: Are they Towing Cars ... > yea..Tornado Towing Inc.‚Äù <=== LMAO,1970-01-01 00:00:00.000040660,1,Mumbai,1970-01-01,[],rt they towing cars yeatornado towing inc lmao
1521,Be careful nephew! RT @Xay4klubsht: Me and my bro in the middle of a damn tornado I ditched the car we ran on some building,1970-01-01 00:00:00.000040660,0,Delhi,1970-01-01,[],be careful nephew rt me my bro middle damn tornado i ditched car we ran building
1525,Thanks.. I have to go to the car to charge phone during commercials.  RT @tpiep76: @Tommy_In_Bama Stay safe! Big time tornado day in The AL!,1970-01-01 00:00:00.000040660,0,Hyderabad,1970-01-01,[],thanks i have go car charge phone during commercials rt stay safe big time tornado day al
1526,"Tornado just ripped through @chellebellemp campus in Rome ga, uprooted trees, destroyed cars and without power. Stay safe :( 2nd storm inc",1970-01-01 00:00:00.000040660,1,Bangalore,1970-01-01,[],tornado ripped through campus rome ga uprooted trees destroyed cars without power stay safe nd storm inc
1527,RT @anjelicbeauty Oh lord we in the car &the damn tornado forming! I'm sacred for my life! <--- 1 more week and ur home or is it 2?,1970-01-01 00:00:00.000040660,1,Bangalore,1970-01-01,[],rt oh lord we car damn tornado forming im sacred my life week ur home it
1530,oh shit da tornado just flipped @luvelyladi01  baby ass car ova lol lmao,1970-01-01 00:00:00.000040660,1,Bangalore,1970-01-01,[],oh shit da tornado flipped baby ass car ova lol lmao
1531,Tornado warning and I'm still stick in my car in the parking lot. Goodbye everyone nice to know you!,1970-01-01 00:00:00.000040660,1,Bangalore,1970-01-01,[],tornado warning im still stick my car parking lot goodbye everyone nice know you
1532,"Wow! Glad all are ok. RT @sjahansouz #utc kappa sigma house missed by 10 ft...all safe, two cars totaled #CHA tornado yfrog.com/h4s1tkoj",1970-01-01 00:00:00.000040660,1,Kolkata,1970-01-01,[],wow glad ok rt kappa sigma house missed ftall safe two cars totaled tornado yfrogcomhstkoj
1533,"#utc kappa sigma house missed by 10 ft...all safe, two cars totaled #CHA tornado http://yfrog.com/h4s1tkoj¬†",1970-01-01 00:00:00.000040660,1,Mumbai,1970-01-01,[],kappa sigma house missed ftall safe two cars totaled tornado
1534,"Wonder if my school would mind if I parked my car inside, so that the tornado doesn't have easy access to it, ya know?",1970-01-01 00:00:00.000040660,1,Hyderabad,1970-01-01,[],wonder if my school would mind if i parked my car inside that tornado doesnt have easy access it ya know
1538,I dnt think I agree w/ these precautions they r giving incase of a tornado...I'm nt bout to get out my car and lay on no ground!! Tha crap?!,1970-01-01 00:00:00.000040660,1,Bangalore,1970-01-01,[],i dnt think i agree w these precautions they r giving incase tornadoim nt bout get out my car lay ground tha crap
1539,"Just talked to my secretary, she said a #tornado touched down one street away from her home. Tossed a car into the middle of the street.",1970-01-01 00:00:00.000040660,1,Delhi,1970-01-01,[],talked my secretary she said touched down one street away her home tossed car middle street
1540,I pray this tornado don't hit my street cause we got too many trees around my house and my car gone blow away. It's too little lol,1970-01-01 00:00:00.000040660,1,Delhi,1970-01-01,[],i pray this tornado dont hit my street cause we got many trees around my house my car gone blow away its little lol
1543,Chalenger is the safist car in. Tornado bcz its so heavy,1970-01-01 00:00:00.000040660,1,Hyderabad,1970-01-01,[],chalenger safist car tornado bcz its heavy
1545,Kumbe the tornado warnings were real??! FML..sitting in the car praying I'm not blown away in it..,1970-01-01 00:00:00.000040660,0,Hyderabad,1970-01-01,[],kumbe tornado warnings real fmlsitting car praying im blown away it
1546,Someones car alarm was going off literally all night now its the tornado alarm. Great,1970-01-01 00:00:00.000040660,1,Mumbai,1970-01-01,[],someones car alarm going off literally night now its tornado alarm great
1547,Hate when the tornado sirens go off and I'm in my car,1970-01-01 00:00:00.000040660,1,Kolkata,1970-01-01,[],hate when tornado sirens go off im my car
1548,My nephew has just had his house destroyed by a tornado. Fortunately he is fine. Can't go back to check home yet but knows cars are crushed.,1970-01-01 00:00:00.000040660,1,Delhi,1970-01-01,[],my nephew has had his house destroyed tornado fortunately he fine cant go back check home yet but knows cars crushed
1551,@KelseyGIVENS Im the same way I wanted the tornado to come so it  would take my suv away so I can get a new car U ready for soccer season :),1970-01-01 00:00:00.000040660,0,Mumbai,1970-01-01,[],im way i wanted tornado come it would take my suv away i get new car u ready soccer season
1554,"I hope everyone in Middle TN is safe. Waking up to tornado warnings is not fun, & having car trouble on top of that. I'd like a do-over...",1970-01-01 00:00:00.000040660,1,Chennai,1970-01-01,[],i hope everyone middle tn safe waking tornado warnings fun having car trouble top that id like doover
1555,‚Äú@ndangerd_beauti: Do not use your car to try to outrun a tornado!‚Äù---Lol,1970-01-01 00:00:00.000040660,1,Mumbai,1970-01-01,[],do use your car try outrun tornadolol
1556,"Also in Hanceville, numerous trees down and homes/cars damaged around Wallace State Community College with possible tornado earlier.",1970-01-01 00:00:00.000040660,1,Chennai,1970-01-01,[],also hanceville numerous trees down homescars damaged around wallace state community college possible tornado earlier
1558,Awesome. Tornado sirens AGAIN just as we're supposed to be putting our kids in the car for school since it was delayed 2 hours. ::SIGH::,1970-01-01 00:00:00.000040660,1,Bangalore,1970-01-01,[],awesome tornado sirens as supposed be putting our kids car school since it delayed hours sigh
1560,"Tree down in my front yard,inches from my aunt's car. Despite being under a high tornado risk #UA is still open. please close, not safe",1970-01-01 00:00:00.000040660,1,Kolkata,1970-01-01,[],tree down my front yardinches my aunts car despite being high tornado risk still open please close safe
1561,Tornado please take my trailblazer with you.. I would like a new car..,1970-01-01 00:00:00.000040660,0,Kolkata,1970-01-01,[],tornado please take my trailblazer you i would like new car
1562,Woke up to an enormous halfdead cockroach in my car and flashflood and tornado warnings right before we head onto steep mtn roads,1970-01-01 00:00:00.000040660,0,Delhi,1970-01-01,[],woke enormous halfdead cockroach my car flashflood tornado warnings right before we head onto steep mtn roads
1566,Suck it birds! My car is clean again thanks to the tornado storm...#birdpoopaintgotnothinonme,1970-01-01 00:00:00.000040660,1,Delhi,1970-01-01,[],suck it birds my car clean thanks tornado storm
1567,"Well the tornado watches finally caught up to us. Lots of damage to cars, houses. Massive trees and powerlines down. Looks like a war zone.",1970-01-01 00:00:00.000040660,1,Mumbai,1970-01-01,[],well tornado watches finally caught us lots damage cars houses massive trees powerlines down looks like war zone
1568,"This chick on the news just said if ur driving and a tornado is approaching, get of ur car and run somewhere safe. Bitch. Plz.",1970-01-01 00:00:00.000040660,1,Delhi,1970-01-01,[],this chick news said if ur driving tornado approaching get ur car run somewhere safe bitch plz
1569,There was an airplane above my head when I got out of the car and I swear I saw my life flash before my eyes...thought it was a tornado! LOL,1970-01-01 00:00:00.000040660,0,Mumbai,1970-01-01,[],airplane above my head when i got out car i swear i saw my life flash before my eyesthought it tornado lol
1570,Lord forbid....but it betta be a got damn car flippin before they issue another damn tornado warning. All this rain shyt can suck it easy!,1970-01-01 00:00:00.000040660,1,Bangalore,1970-01-01,[],lord forbidbut it betta be got damn car flippin before they issue another damn tornado warning this rain shyt suck it easy
1571,Fuck sitting in the hall for a tornado drill. Let everyone jump in there car and beat the tornado home,1970-01-01 00:00:00.000040660,1,Bangalore,1970-01-01,[],fuck sitting hall tornado drill let everyone jump car beat tornado home
1572,Tornado sirens started going off as soon as I got out of the car at work. Spent the last half hour hunkered down. UGH.,1970-01-01 00:00:00.000040660,1,Mumbai,1970-01-01,[],tornado sirens started going off as soon as i got out car work spent last half hour hunkered down ugh
1573,"=@_xlovedessy hahaha i aint gettin out this car !Tornado just gonna half to get me hunnay , i aint playing hahaha",1970-01-01 00:00:00.000040660,0,Hyderabad,1970-01-01,[],hahaha i aint gettin out this car tornado gonna half get me hunnay i aint playing hahaha
1574,Hope my car didn't get blown away cuz I don't have tornado insurance O_o,1970-01-01 00:00:00.000040660,1,Mumbai,1970-01-01,[],hope my car didnt get blown away cuz i dont have tornado insurance oo
1576,@Squad_Up011 Aww you scared lol?...yo f the bs.. the tornado better keep its distance from me and my car! #tooserious,1970-01-01 00:00:00.000040660,1,Kolkata,1970-01-01,[],aww you scared lolyo f bs tornado better keep its distance me my car
1577,EMA in Lauderdale Co reporting a tornado touchdown around 4:20am inear Oakland @ CR189 & CR221. EMA employee injured by broken glass in car,1970-01-01 00:00:00.000040660,1,Kolkata,1970-01-01,[],ema lauderdale co reporting tornado touchdown around am inear oakland cr cr ema employee injured broken glass car
1580,"Woke up to thunder so loud it set car alarms off & tornado warning siren. My first thought: ""I want Cinnabon cereal.""",1970-01-01 00:00:00.000040660,1,Hyderabad,1970-01-01,[],woke thunder loud it set car alarms off tornado warning siren my first thought i want cinnabon cereal
1582,Why do I hear people getting out of their cars!?! I think they're tornado catchers! O_o,1970-01-01 00:00:00.000040660,0,Mumbai,1970-01-01,[],why do i hear people getting out their cars i think theyre tornado catchers oo
1583,Hearin a tornado warnin on th radio on the drive hom as ur car is bein swayed by wind & rain falls so hard u can't see is not the business,1970-01-01 00:00:00.000040660,1,Bangalore,1970-01-01,[],hearin tornado warnin th radio drive hom as ur car bein swayed wind rain falls hard u cant see business
1584,Mama woke me up twice tonight. Once at 4am to give her my keys because my car alarm was going off and then just now because the dumb tornado,1970-01-01 00:00:00.000040660,1,Kolkata,1970-01-01,[],mama woke me twice tonight am give her my keys because my car alarm going off now because dumb tornado
1587,right now !! if a tornado rips through Thompson.. Dr. Grate would send emails and tell us to meet her at her car with our profolios,1970-01-01 00:00:00.000040660,1,Bangalore,1970-01-01,[],right now if tornado rips through thompson dr grate would send emails tell us meet her her car our profolios
1589,"Rode out the tornado warning in my dang car, scary stuff. Glad to be alive.",1970-01-01 00:00:00.000040660,0,Kolkata,1970-01-01,[],rode out tornado warning my dang car scary stuff glad be alive
1590,=@caseface_1990 -_- u cnt be in a car during a TORNADO lol,1970-01-01 00:00:00.000040660,1,Kolkata,1970-01-01,[],u cnt be car during tornado lol
1592,Get The Lowest Prices On NEW Invincible Tornado Flash Turbo Twister Stunt Truck Multifunctional Lunar Car RC Ma... http://amzn.to/fwNjdy,1970-01-01 00:00:00.000040660,1,Chennai,1970-01-01,[],get lowest prices new invincible tornado flash turbo twister stunt truck multifunctional lunar car rc ma
1593,"More severe storms damage homes, cars a day after 10 die in floods, tornado: AP WICKES, Ark. ‚Äî Emergency officia... http://bit.ly/f1fuaR",1970-01-01 00:00:00.000040660,1,Hyderabad,1970-01-01,[],severe storms damage homes cars day die floods tornado ap wickes ark emergency officia
1595,Hop n da car n go find it since u interested lol.. RT @_PRTYBRWN_: So I'm looking out the window looking for the tornado..,1970-01-01 00:00:00.000040660,0,Delhi,1970-01-01,[],hop n da car n go find it since u interested lol rt im looking out window looking tornado
1597,Lol RT @ColurME_BADD: tornado watch an im outside sitting in the car #smh,1970-01-01 00:00:00.000040660,1,Hyderabad,1970-01-01,[],lol rt tornado watch im outside sitting car
1600,Seems like a tornado r sumthin bou 2 hit...hope my car dnt flip ova lol,1970-01-01 00:00:00.000040660,0,Hyderabad,1970-01-01,[],seems like tornado r sumthin bou hithope my car dnt flip ova lol
1602,Weather people freak everyone out way more than necessary. Tornado shmornado I still have my car and my life. #DATSWHATSUP,1970-01-01 00:00:00.000040660,1,Mumbai,1970-01-01,[],weather people freak everyone out way necessary tornado shmornado i still have my car my life
1603,She said she hope the tornado take me away. Lol it's gone take yo mama lil ass car away. #SMDGirl,1970-01-01 00:00:00.000040660,1,Delhi,1970-01-01,[],she said she hope tornado take me away lol its gone take yo mama lil ass car away
1608,"If its not tornado sirens, its police sirens & now car alarms with loud thunder & baby Madisyn crying ""I'm scared Honey"". Peace Be Still!",1970-01-01 00:00:00.000040660,1,Hyderabad,1970-01-01,[],if its tornado sirens its police sirens now car alarms loud thunder baby madisyn crying im scared honey peace be still
1611,"RT @ihate2liveamber: So we bout to have a damn tornado, I need to go save my car!! -- lmao , lil red go be in heaven !",1970-01-01 00:00:00.000040660,1,Kolkata,1970-01-01,[],rt we bout have damn tornado i need go save my car lmao lil red go be heaven
1613,What a day & night. I'm sure we have roof damage & probably to one car. We've had three tornado warnings since 5 pm.,1970-01-01 00:00:00.000040660,1,Hyderabad,1970-01-01,[],what day night im sure we have roof damage probably one car weve had three tornado warnings since pm
1615,Tornado = free car wash.,1970-01-01 00:00:00.000040660,0,Mumbai,1970-01-01,[],tornado free car wash
1616,Tornado watch? OHHH that's why it's so windy outside I could barely get in my car... :|,1970-01-01 00:00:00.000040660,1,Mumbai,1970-01-01,[],tornado watch ohhh thats why its windy outside i could barely get my car
1621,‚Äú@ClearlyBeat: Tornado is near....lemme get ready to help the hail damage my car‚Äù<<<<lmfao,1970-01-01 00:00:00.000040660,1,Kolkata,1970-01-01,[],tornado nearlemme get ready help hail damage my carlmfao
1623,Ummmm well this aint exactly how i wanted 2 go out... I wuz thinkn car chase.. Gunfight maybe? R evn ninja attack.. Nt #Tornado,1970-01-01 00:00:00.000040660,1,Delhi,1970-01-01,[],ummmm well this aint exactly how i wanted go out i wuz thinkn car chase gunfight maybe r evn ninja attack nt
1624,"If there is a tornado and my car is damaged, I WILL FLIP SHIT.",1970-01-01 00:00:00.000040660,1,Chennai,1970-01-01,[],if tornado my car damaged i flip shit
1625,please tornado dont take my car. i need to get back to cali :/,1970-01-01 00:00:00.000040660,1,Hyderabad,1970-01-01,[],please tornado dont take my car i need get back cali
1626,You girls sure can paint!RT @carol1069: @HollyKGood That wasn't a tornado. It was me and @MaryRSnyder painting the town. no gateway car!!!!!,1970-01-01 00:00:00.000040660,1,Hyderabad,1970-01-01,[],you girls sure paintrt that wasnt tornado it me painting town gateway car
1631,"was in a tornado warning& had one of the wierdest car rides with Bule&Bundas(:
#insane",1970-01-01 00:00:00.000040660,1,Hyderabad,1970-01-01,[],tornado warning had one wierdest car rides bulebundas
1632,Tornado warning here in Bossier City. Amazing storms as a tourist. Wish some of the @knifedgenet weren't in a car from Dallas though...,1970-01-01 00:00:00.000040660,0,Mumbai,1970-01-01,[],tornado warning bossier city amazing storms as tourist wish werent car dallas though
1634,"car overheating, botched rehearsal plans, tornado warnings. I'm having a great evening.",1970-01-01 00:00:00.000040660,0,Chennai,1970-01-01,[],car overheating botched rehearsal plans tornado warnings im having great evening
1635,Drivin round memphis with my cousins 5 cars deep.. Dnt know dam tornado stop shit!,1970-01-01 00:00:00.000040660,1,Bangalore,1970-01-01,[],drivin round memphis my cousins cars deep dnt know dam tornado stop shit
1637,"All is well here. tornado touched down in wickes, but missed the park. Car is packed for overnight stay at visitor center...if needed.",1970-01-01 00:00:00.000040660,1,Delhi,1970-01-01,[],well tornado touched down wickes but missed park car packed overnight stay visitor centerif needed
1638,is it bad that im hoping this tornado takes my damn car away and maybe throw it somewhere?,1970-01-01 00:00:00.000040660,1,Chennai,1970-01-01,[],it bad that im hoping this tornado takes my damn car away maybe throw it somewhere
1639,"In reference to the tornado... Pop: ""I've got a good mind get in my car and go out there and chase it."" MeMom: ""NO, YOU'RE NOT!""",1970-01-01 00:00:00.000040660,1,Mumbai,1970-01-01,[],reference tornado pop ive got good mind get my car go out chase it memom youre
1640,=@jacodypress i have freinds in st Louis area  - his car was damaged on the roof of the airport during tornado.  home ok - hope you ARE SAFE.,1970-01-01 00:00:00.000040660,0,Delhi,1970-01-01,[],i have freinds st louis area his car damaged roof airport during tornado home ok hope you safe
1641,It's suppose 2 b a tornado in Dallas so I went and grabbed Pink Friday if my car fly away at least I have my @NICKIMINAJ CD lmao,1970-01-01 00:00:00.000040660,1,Kolkata,1970-01-01,[],its suppose b tornado dallas i went grabbed pink friday if my car fly away least i have my cd lmao
1642,=@jeweljne lmao reminds me of when We were in the car on the Way to @BombChiCk_BJ crib And We saw that TORNADO tdf,1970-01-01 00:00:00.000040660,1,Bangalore,1970-01-01,[],lmao reminds me when we car way crib we saw that tornado tdf
1644,channel 5 saying not to try to outrun a tornado in your car. wait 5 minutes in ditch or go 90 down interstate? i say run,1970-01-01 00:00:00.000040660,1,Mumbai,1970-01-01,[],channel saying try outrun tornado your car wait minutes ditch go down interstate i say run
1645,"""IN ADDITION TO THE TORNADO... THIS STORM WILL PRODUCE BASEBALL SIZE HAIL"" Please leave my new car alone, thanks",1970-01-01 00:00:00.000040660,1,Mumbai,1970-01-01,[],addition tornado this storm produce baseball size hail please leave my new car alone thanks
1646,"""cars are easily tossed around by tornado winds"" lol made me imagine a huge 18 wheeler just flying through the air",1970-01-01 00:00:00.000040660,1,Hyderabad,1970-01-01,[],cars easily tossed around tornado winds lol made me imagine huge wheeler flying through air
1647,"RT @Perp_Kobain: On a serious note tho...i kinda wana see wats inside a tornado....cars,cows,ppl,tupac??? lmao-- lmfao!",1970-01-01 00:00:00.000040660,1,Delhi,1970-01-01,[],rt serious note thoi kinda wana see wats inside tornadocarscowsppltupac lmao lmfao
1650,RT @docdeason: CARS OFF HWY 59 JUST SOUTH OF MARSHALL - DUE TO TORNADO.,1970-01-01 00:00:00.000040660,1,Bangalore,1970-01-01,[],rt cars off hwy south marshall due tornado
1651,CARS OFF HWY 59 JUST SOUTH OF MARSHALL - DUE TO TORNADO.,1970-01-01 00:00:00.000040660,1,Mumbai,1970-01-01,[],cars off hwy south marshall due tornado
1652,"Putting bright eyes on in my car in case the tornado sweeps me away, at least I die listening to something awesome.",1970-01-01 00:00:00.000040660,1,Kolkata,1970-01-01,[],putting bright eyes my car case tornado sweeps me away least i die listening something awesome
1653,Aww mane lol #FYL RT @LadyHustler901: Lockd my keys n da car @ Pooeye's n da effin tornado watch/storm!!!!! #SMFH,1970-01-01 00:00:00.000040660,1,Delhi,1970-01-01,[],aww mane lol rt lockd my keys n da car pooeyes n da effin tornado watchstorm
1654,Driving through a tornado #sweet . Radio just said cars aren't safe #solucky,1970-01-01 00:00:00.000040660,1,Chennai,1970-01-01,[],driving through tornado radio said cars arent safe
1655,"@takarabond not a hurricane, thank god. Just a tornado. But apparently, it's turned over some cars and ripped a few roofs off around town.",1970-01-01 00:00:00.000040660,1,Hyderabad,1970-01-01,[],hurricane thank god tornado but apparently its turned cars ripped roofs off around town
1657,And a tornado warning while I'm in the car. Freaking out a little.,1970-01-01 00:00:00.000040660,0,Chennai,1970-01-01,[],tornado warning while im car freaking out little
1658,Bout 2 go get my stuff out my car... if tha tornado cum I hope dat b* dont 4get my car..... wats next lol,1970-01-01 00:00:00.000040660,1,Bangalore,1970-01-01,[],bout go get my stuff out my car if tha tornado cum i hope dat b dont get my car wats next lol
1662,Frankfort Tornado: Albany Police are investigating a car versus pedestrian accident early t... http://bit.ly/kNuk9F #News #US #Frankfort,1970-01-01 00:00:00.000040661,1,Hyderabad,1970-01-01,[],frankfort tornado albany police investigating car versus pedestrian accident early t
1664,My dad ridin wit all the windows down... its like a tornado in the car lol,1970-01-01 00:00:00.000040661,1,Bangalore,1970-01-01,[],my dad ridin wit windows down its like tornado car lol
1665,"Driver Eric McClure, family safe after tornado: McClure also considered also moving the family cars, but thought... http://bit.ly/kJSjgH",1970-01-01 00:00:00.000040661,0,Chennai,1970-01-01,[],driver eric mcclure family safe tornado mcclure also considered also moving family cars but thought
1671,these ppl got caught up inside the tornado inside they car & was drop from the sky & escaped  from they broken sunroof #talkaboutGod,1970-01-01 00:00:00.000040661,1,Mumbai,1970-01-01,[],these ppl got caught inside tornado inside they car drop sky escaped they broken sunroof
1674,WOWW THATS CRAZY THE CAR SPUN THEM AROUND IN THE AIR IN THE TORNADO ...... DAMN THAT'S GOTTA BE FRIGHTENING AS SH.T,1970-01-01 00:00:00.000040661,1,Kolkata,1970-01-01,[],woww thats crazy car spun them around air tornado damn thats gotta be frightening as sht
1676,Mesoscale Discussion * TORNADO WARNING FOR... SOUTHEASTERN CAMDEN COUNTY IN NORTHEAST NORTH CAR... Read more at http://bit.ly/mtyd5a,1970-01-01 00:00:00.000040661,1,Kolkata,1970-01-01,[],mesoscale discussion tornado warning southeastern camden county northeast north car read
1677,#FYI for those that have never done tornado drills: Do NOT try and run from one in ur car! Thats the worst thing u can do!,1970-01-01 00:00:00.000040661,0,Hyderabad,1970-01-01,[],those that have never done tornado drills do try run one ur car thats worst thing u do
1700,Your car- not necessarily a safe place in a tornado.  See photo.  Scary http://ow.ly/4JjQ8,1970-01-01 00:00:00.000040661,0,Kolkata,1970-01-01,[],your car necessarily safe place tornado see photo scary
1702,"Alabama tornado victim: ""The only reason I knew this was my house was because my car was on top of it."" #fb",1970-01-01 00:00:00.000040661,1,Chennai,1970-01-01,[],alabama tornado victim reason i knew this my house because my car top it
1703,Lol There isn't one! RT @Follow_MyTweets: #WhatsThePoint in washing your car when there is a tornado watch ? ? ?,1970-01-01 00:00:00.000040661,1,Kolkata,1970-01-01,[],lol isnt one rt washing your car when tornado watch
1706,"""I'm happier than a tornado in a trailer park."" ~Mater, Cars. lmao!",1970-01-01 00:00:00.000040661,0,Delhi,1970-01-01,[],im happier tornado trailer park mater cars lmao
1708,"ugh, because of the tornado's last night the traffic was so bad that my car overheated. whyyyyyy?! I needed to go to class O.o",1970-01-01 00:00:00.000040661,1,Kolkata,1970-01-01,[],ugh because tornados last night traffic bad that my car overheated whyyyyyy i needed go class oo
1710,[VDO] Alabama Starts Recovery: Nick Saban discusses the devastating tornado in Alabam and his injured player Cars... http://es.pn/jwifwD,1970-01-01 00:00:00.000040661,1,Kolkata,1970-01-01,[],vdo alabama starts recovery nick saban discusses devastating tornado alabam his injured player cars
1711,tornado need to bring my car up to the building so i aint gotta walk in that wet ass parking lot,1970-01-01 00:00:00.000040661,1,Delhi,1970-01-01,[],tornado need bring my car building i aint gotta walk that wet ass parking lot
1714,Bloke claiming a car hit his head in alabama tornado....ffs we've got another jay cartwright here...probably stopped the bloody thing aswell,1970-01-01 00:00:00.000040661,1,Kolkata,1970-01-01,[],bloke claiming car hit his head alabama tornadoffs weve got another jay cartwright hereprobably stopped bloody thing aswell
1717,#US Tornado watch cancelled for several counties: A Tornado Watch issued for most of South Car... http://bit.ly/moB2tm #Charleston #News,1970-01-01 00:00:00.000040661,1,Delhi,1970-01-01,[],tornado watch cancelled several counties tornado watch issued south car
1718,"RT @mtlcritters:Our thoughts go out to The Cozy Cavy.They lost their home, their cars & most likely their piggies in last night's tornado.",1970-01-01 00:00:00.000040661,1,Hyderabad,1970-01-01,[],rt our thoughts go out cozy cavythey lost their home their cars likely their piggies last nights tornado
1719,@DonnieWahlberg plz pray for all the tornado victims my aunts car was distroyed and tons of damage to her home :(,1970-01-01 00:00:00.000040661,1,Kolkata,1970-01-01,[],plz pray tornado victims my aunts car distroyed tons damage her home
1721,RT @piersmorgan: Incredible i/v w student caught in Alabama tornado:survived home being blown away + car hitting his head. @PiersTonight 9pm,1970-01-01 00:00:00.000040661,1,Delhi,1970-01-01,[],rt incredible iv w student caught alabama tornadosurvived home being blown away car hitting his head pm
1722,Call it wut u want I aint giin nowhere this weather is serious my lil car was justa blowing in thiz tornado!  ... http://tmi.me/9ugNd,1970-01-01 00:00:00.000040661,1,Hyderabad,1970-01-01,[],call it wut u want i aint giin nowhere this weather serious my lil car justa blowing thiz tornado
1724,So apparently we're on tornado watch... I believe it. I got out of my car at work and almost lifted off the ground lol,1970-01-01 00:00:00.000040661,1,Bangalore,1970-01-01,[],apparently tornado watch i believe it i got out my car work almost lifted off ground lol
1725,RT @piersmorgan: Incredible i/v w/ student caught in AL tornado: survived home being blown away & car hitting his head. @PiersTonight 9pm ET,1970-01-01 00:00:00.000040661,1,Delhi,1970-01-01,[],rt incredible iv w student caught al tornado survived home being blown away car hitting his head pm et
1726,"My grandma juh called & told me her co-worker died, the tornado threw her & her kids out of their car :(",1970-01-01 00:00:00.000040661,1,Delhi,1970-01-01,[],my grandma juh called told me her coworker died tornado threw her her kids out their car
1728,Incredible i/v with student caught in Alabama tornado: survived home being blown away and car hitting his head. @PiersTonight 9pm ET,1970-01-01 00:00:00.000040661,1,Chennai,1970-01-01,[],incredible iv student caught alabama tornado survived home being blown away car hitting his head pm et
1730,"@L0VEhER nah girl i live in Ohio.it was really crazy up here. Trees down on cars and homes, no tornado's here, but it looked like it",1970-01-01 00:00:00.000040661,1,Kolkata,1970-01-01,[],nah girl i live ohioit really crazy trees down cars homes tornados but it looked like it
1731,"http://youtu.be/5ohIVzIZLuQ | This is the closest video to the #Tuscaloosa tornado I've seen. Video from parked car, hit other side of mall.",1970-01-01 00:00:00.000040661,1,Delhi,1970-01-01,[],this closest video tornado ive seen video parked car hit side mall
1735,"Pray for the people of TN and the neighboring states. Many people lost their homes, cars, and loved once through the storm and the tornado",1970-01-01 00:00:00.000040661,1,Hyderabad,1970-01-01,[],pray people tn neighboring states many people lost their homes cars loved through storm tornado
1737,"Our thoughts go out to The Cozy Cavy. They lost their home, their cars and most likely all their piggies in last night's tornado.",1970-01-01 00:00:00.000040661,1,Mumbai,1970-01-01,[],our thoughts go out cozy cavy they lost their home their cars likely their piggies last nights tornado
1738,"@Bathtubcynic odds of you dying in a car wreck way higher than a tornado, flood, blizzard; which gets more coverage?",1970-01-01 00:00:00.000040661,1,Bangalore,1970-01-01,[],odds you dying car wreck way higher tornado flood blizzard which gets coverage
1739,"Just found out my aunti was caught in the tornado in alabama but shes ok, it took her house and car but she was covered by the blood!",1970-01-01 00:00:00.000040661,1,Chennai,1970-01-01,[],found out my aunti caught tornado alabama but shes ok it took her house car but she covered blood
1740,"wait so what happens if your car gets damaged by a tornado.. do you get a free one... if you do, lemme go crash into a tree",1970-01-01 00:00:00.000040661,0,Hyderabad,1970-01-01,[],wait what happens if your car gets damaged tornado do you get free one if you do lemme go crash tree
1742,flash floods and tornado watches... but it still doesn't beat the storm from when I was little and the cars were floating away,1970-01-01 00:00:00.000040661,1,Chennai,1970-01-01,[],flash floods tornado watches but it still doesnt beat storm when i little cars floating away
1743,"Tornado watch for the next 15 mins, in my car ready to bounce I am notbeatforthisbullshit.com lol",1970-01-01 00:00:00.000040661,1,Mumbai,1970-01-01,[],tornado watch next mins my car ready bounce i am notbeatforthisbullshitcom lol
1746,"it's hot as balls in my car, but i'm glad i did not leave my windows opeen today #tornado",1970-01-01 00:00:00.000040661,1,Mumbai,1970-01-01,[],its hot as balls my car but im glad i did leave my windows opeen today
1747,HOLY MOLEY RT @TroyDB7 Unbelievable image of a car in MS #tornado http://on.fb.me/jYNDfv¬† #Motorama #bimmerchat @auto123 @m5manny @MikeDriehorst,1970-01-01 00:00:00.000040661,1,Kolkata,1970-01-01,[],holy moley rt unbelievable image car ms
1749,RT @troydb7: Unbelievable image of a car in MS #tornado http://on.fb.me/jYNDfv¬† #Motorama #bimmerchat @auto123  @m5manny,1970-01-01 00:00:00.000040661,1,Delhi,1970-01-01,[],rt unbelievable image car ms
1751,Tornado forming behind my house! Time to deck out the car with my storm chasing equipment!,1970-01-01 00:00:00.000040661,1,Delhi,1970-01-01,[],tornado forming behind my house time deck out car my storm chasing equipment
1754,RT @TroyDB7: Unbelievable image of a car in MS #tornado http://on.fb.me/jYNDfv¬† #Motorama #bimmerchat @auto123 @m5manny @MikeDriehorst,1970-01-01 00:00:00.000040661,1,Chennai,1970-01-01,[],rt unbelievable image car ms
1755,Nice.. It starts to freakin pour rain as soon as o start walking to my car -__- it's like a tornado,1970-01-01 00:00:00.000040661,1,Delhi,1970-01-01,[],nice it starts freakin pour rain as soon as o start walking my car its like tornado
1756,Cool RT @STVNews: Ikea tornado: Twister filmed in store car park near Glasgow http://bit.ly/innMhZ,1970-01-01 00:00:00.000040661,1,Kolkata,1970-01-01,[],cool rt ikea tornado twister filmed store car park near glasgow
1757,@jwelllls24 ....... gulp. :( i don't have a car. the tornado sucked it up..,1970-01-01 00:00:00.000040661,1,Bangalore,1970-01-01,[],gulp i dont have car tornado sucked it
1760,Watching footage of the post-tornado destruction in Alabama puts things in perspective. A little hail damage to my car is no big thing.,1970-01-01 00:00:00.000040661,1,Mumbai,1970-01-01,[],watching footage posttornado destruction alabama puts things perspective little hail damage my car big thing
1763,Yu ever seen wat a tornado does 2 a car?! RT @_DiaryOfMaNay: @SwagOn_FLEA nah I'm chilling in the car ÓêÆ.,1970-01-01 00:00:00.000040661,1,Delhi,1970-01-01,[],yu ever seen wat tornado does car rt nah im chilling car
1764,Unbelievable image of a car in MS #tornado http://on.fb.me/jYNDfv¬† #Motorama #bimmerchat @auto123  @m5manny @MikeDriehorst,1970-01-01 00:00:00.000040661,1,Hyderabad,1970-01-01,[],unbelievable image car ms
1765,"""The car started spinning.  We just held onto the steering wheel and eachother.""  ~  tornado victim. #killerstorms",1970-01-01 00:00:00.000040661,1,Mumbai,1970-01-01,[],car started spinning we held onto steering wheel eachother tornado victim
1768,RT @imR33M: Whats the name of this tornado??? i wanna thank her 4 the free car wash,1970-01-01 00:00:00.000040661,1,Chennai,1970-01-01,[],rt whats name this tornado i wanna thank her free car wash
1770,Dude just told me a guy sued the church cuz a tornado hit his car and it was a act of God ... dis nigga won #winning?,1970-01-01 00:00:00.000040661,1,Hyderabad,1970-01-01,[],dude told me guy sued church cuz tornado hit his car it act god dis nigga won
1772,Tornado really wtf smh..Im bot 2go throw sum soap on my cars lol,1970-01-01 00:00:00.000040661,1,Delhi,1970-01-01,[],tornado really wtf smhim bot go throw sum soap my cars lol
1773,The other night a tornado took part of my brothers roof off and put it through the back window of his car. That's too close for comfort.,1970-01-01 00:00:00.000040661,1,Bangalore,1970-01-01,[],night tornado took part my brothers roof off put it through back window his car thats close comfort
1774,"Pinocchio lil ass betta be sittin on top of car too cuz we ain't have'n no damn tornado, all lies",1970-01-01 00:00:00.000040661,1,Delhi,1970-01-01,[],pinocchio lil ass betta be sittin top car cuz we aint haven damn tornado lies
1775,Bad thunderstorms RT @BrwnMonalisa: RT @iamdjdeluxe: Damn this weather aint no joke... Trapped in the car at Lowe's.‚Ä¢‚Ä¢‚Ä¢ tornado?,1970-01-01 00:00:00.000040661,1,Chennai,1970-01-01,[],bad thunderstorms rt rt damn this weather aint joke trapped car lowes tornado
1776,"The fact that Tornado debris were found 100 miles away like pieces of cars, buildings is shocking and amazing",1970-01-01 00:00:00.000040661,1,Mumbai,1970-01-01,[],fact that tornado debris found miles away like pieces cars buildings shocking amazing
1777,Tornado and flood warning this morning. Now enjoying sunny blue skies while waiting for my car to be cleaned. Hope it lasts,1970-01-01 00:00:00.000040661,1,Delhi,1970-01-01,[],tornado flood warning this morning now enjoying sunny blue skies while waiting my car be cleaned hope it lasts
1779,"Damn RT @I_am_BLISS_ I guess im not safe in my car right now -_- RT @Cha_chee: Just in case you didn't know NJ, we're under a tornado watch!",1970-01-01 00:00:00.000040661,1,Hyderabad,1970-01-01,[],damn rt i guess im safe my car right now rt case you didnt know nj tornado watch
1781,You know it's a good day when your car breaks down right outside of the gas station.... At least the tornado didn't get it. #jokesonme,1970-01-01 00:00:00.000040661,1,Hyderabad,1970-01-01,[],you know its good day when your car breaks down right outside gas station least tornado didnt get it
1782,"Omg just saw a video of the tornado and some poor man was in his car right beside it videoing it, hope everyone is ok!!",1970-01-01 00:00:00.000040661,0,Bangalore,1970-01-01,[],omg saw video tornado poor man his car right beside it videoing it hope everyone ok
1787,That Tornado better stay away from my car #imjustsaying,1970-01-01 00:00:00.000040661,0,Chennai,1970-01-01,[],that tornado better stay away my car
1788,This tornado is really #crampingmystyle. At least my cars getting washed. Shes sexy when she's wet. Anyone have an umbrella-ella-ella-eh-eh?,1970-01-01 00:00:00.000040661,1,Chennai,1970-01-01,[],this tornado really least my cars getting washed shes sexy when shes wet anyone have umbrellaellaellaeheh
1789,"Yes it is,say dat whn u see da first car fly RT @NoVaselineSmh: RT @NiNiBadd: Is It Bout To Be A Tornado (cont) http://tl.gd/a4u014",1970-01-01 00:00:00.000040661,1,Kolkata,1970-01-01,[],yes it issay dat whn u see da first car fly rt rt it bout be tornado cont
1791,i dont wanna be in the car during this tornado watch :/,1970-01-01 00:00:00.000040661,0,Bangalore,1970-01-01,[],i dont wanna be car during this tornado watch
1793,"@Sara_1979 Years ago Mom & I were at a car dealership & a tornado ripped down the main street where we were. Freaky, & little damage.",1970-01-01 00:00:00.000040661,1,Kolkata,1970-01-01,[],years ago mom i car dealership tornado ripped down main street where we freaky little damage
1794,Photo of Tornado cut path right across the highway; cars abandoned on road side in Ala.m via@WKRG_Jessica http://alic.am/jxWIkP¬†‚Äù,1970-01-01 00:00:00.000040661,1,Delhi,1970-01-01,[],photo tornado cut path right across highway cars abandoned road side alam via
1795,"=@chicaCHicaBoOme TORNADO watch, it knocked down trees the hail was big as softballs it dented cars broke windsheids",1970-01-01 00:00:00.000040661,0,Delhi,1970-01-01,[],tornado watch it knocked down trees hail big as softballs it dented cars broke windsheids
1796,"Tornado update: I'm fine. the tornado was 3 miles away. No power, internet, etc... cell low, but can charge battery in car.",1970-01-01 00:00:00.000040661,0,Hyderabad,1970-01-01,[],tornado update im fine tornado miles away power internet etc cell low but charge battery car
1798,"Check out the vortexes spinning out from the main tornado, also the debris! That's someone's home, work place, car... http://fb.me/vDMj7HzB",1970-01-01 00:00:00.000040661,0,Hyderabad,1970-01-01,[],check out vortexes spinning out main tornado also debris thats someones home work place car
1799,RT @BreakingNews: Photo: Tornado cut path right across the highway; cars abandoned on road side in Ala.m ... http://tmi.me/9tTRI,1970-01-01 00:00:00.000040661,0,Mumbai,1970-01-01,[],rt photo tornado cut path right across highway cars abandoned road side alam
1803,"Rain, storm, possibly a tornado..
yes! Free car wash!!",1970-01-01 00:00:00.000040661,0,Delhi,1970-01-01,[],rain storm possibly tornado yes free car wash
1806,"Closest Tuscaloosa tornado video from car moving around mall parking lot http://goo.gl/pkkAy Watch windshield crack, stuff fly by...scary.",1970-01-01 00:00:00.000040661,0,Kolkata,1970-01-01,[],closest tuscaloosa tornado video car moving around mall parking lot watch windshield crack stuff fly byscary
1807,#breaking #news Photo: Tornado cut path right across the highway; cars abandoned on road side in Ala.m via@WKRG_Jess... http://ht.ly/1co30O,1970-01-01 00:00:00.000040661,1,Mumbai,1970-01-01,[],photo tornado cut path right across highway cars abandoned road side alam via
1810,#lol tornado warning got me stuck in my car in the lot.. phuck safety. i parked under a tree:),1970-01-01 00:00:00.000040661,0,Delhi,1970-01-01,[],tornado warning got me stuck my car lot phuck safety i parked tree
1811,=@AshleyTheGreat1 it didnt say anything but moved And let my father GOD protect me from that TORNADO that passed right over our car...,1970-01-01 00:00:00.000040661,1,Mumbai,1970-01-01,[],it didnt say anything but moved let my father god protect me that tornado that passed right our car
1812,Yeah im still here cuz! RT @jgoody76: U  still in atl RT @Robfor401Kent: Damn tornado pushed my car over half a parking spot!,1970-01-01 00:00:00.000040661,1,Delhi,1970-01-01,[],yeah im still cuz rt u still atl rt damn tornado pushed my car half parking spot
1813,What's really good wit this tornado watch crap? Is my car gonna fly off my driveway?,1970-01-01 00:00:00.000040661,1,Kolkata,1970-01-01,[],whats really good wit this tornado watch crap my car gonna fly off my driveway
1815,RT @BreakingNews Photo: Tornado cut path right across the highway; cars abandoned on road side in Ala via@WKRG_Jessica http://bit.ly/m8FCU3,1970-01-01 00:00:00.000040661,1,Mumbai,1970-01-01,[],rt photo tornado cut path right across highway cars abandoned road side ala via
1816,‚Äú@BreakingNews: Photo: Tornado cut path right across the highway; cars abandoned on road side in Ala.m via@WKRG_Jessica http://bit.ly/m8FCU3¬†‚Äù,1970-01-01 00:00:00.000040661,1,Kolkata,1970-01-01,[],photo tornado cut path right across highway cars abandoned road side alam via
1819,Photo: Tornado cut path right across the highway; cars abandoned on road side in Ala.m via@WKRG_Jessica http://twitpic.com/4qkdp9,1970-01-01 00:00:00.000040661,1,Bangalore,1970-01-01,[],photo tornado cut path right across highway cars abandoned road side alam via
1821,Tornado warning in north Jersey--what a great time to be tuning a car with no roof.,1970-01-01 00:00:00.000040661,1,Bangalore,1970-01-01,[],tornado warning north jerseywhat great time be tuning car roof
1823,@cfoltdgovt that was some video #chills could feel the terror of that person inside the car watching tornado lurch around-just incredible.,1970-01-01 00:00:00.000040661,1,Mumbai,1970-01-01,[],that video could feel terror that person inside car watching tornado lurch aroundjust incredible
1824,Wow. Wow. RT @BreakingNews: Photo: Tornado cut across highway; cars abandoned on road side in Ala. . via@WKRG_Jessica http://bit.ly/m8FCU3,1970-01-01 00:00:00.000040661,1,Delhi,1970-01-01,[],wow wow rt photo tornado cut across highway cars abandoned road side ala via
1825,RT @WKRG_Jessica: http://twitpic.com/4qkdp9 - Tornado cut a path right across the highway.  Cars abandoned on the side of the road.,1970-01-01 00:00:00.000040661,1,Mumbai,1970-01-01,[],rt tornado cut path right across highway cars abandoned side road
1827,I am raging.  I parked between two pickup trucks today and the tornado hardly washed my car like I had planned on it doing.  Gg mothernature,1970-01-01 00:00:00.000040661,1,Hyderabad,1970-01-01,[],i am raging i parked between two pickup trucks today tornado hardly washed my car like i had planned it doing gg mothernature
1828,@SuchAKlassAct Lmbo!! Damn right! After the last Tornado that effed my car up w/me in it...hell yeah. News said do not travel. Lls.,1970-01-01 00:00:00.000040661,1,Kolkata,1970-01-01,[],lmbo damn right last tornado that effed my car wme ithell yeah news said do travel lls
1829,THR: Photo: Tornado cut path right across the highway; cars abandoned on road side in Ala.m via@WKRG_Jessica http://dlvr.it/Q1GpQ (BN) #tcot,1970-01-01 00:00:00.000040661,1,Kolkata,1970-01-01,[],thr photo tornado cut path right across highway cars abandoned road side alam via bn
1830,What's this about a tornado coming to the hood? Niggas gotta dodge bullets and flying cars now? Life just ain't fair son,1970-01-01 00:00:00.000040661,1,Bangalore,1970-01-01,[],whats this tornado coming hood niggas gotta dodge bullets flying cars now life aint fair son
1831,Tornado cut a path right across the highway.  Cars abandoned on the side of the road.   http://twitpic.com/4qkdp9¬† via @twitpic,1970-01-01 00:00:00.000040661,1,Kolkata,1970-01-01,[],tornado cut path right across highway cars abandoned side road via
1832,RT @BreakingNews: Photo Tornado cut path right across the highway; cars abandoned on road side in Ala. via@WKRG_Jessica http://bit.ly/m8FCU3,1970-01-01 00:00:00.000040661,1,Chennai,1970-01-01,[],rt photo tornado cut path right across highway cars abandoned road side ala via
1833,RT @BreakingNews: Photo: Tornado cut path right across the highway; cars abandoned on road side in Ala.m via@W‚Ä¶ (cont) http://deck.ly/~59Ws5,1970-01-01 00:00:00.000040661,1,Hyderabad,1970-01-01,[],rt photo tornado cut path right across highway cars abandoned road side alam via cont
1838,"=@DisneyGeekDad Extreme thunder storms, golf ball sized hail damaged my car, power outage, trees down everywhere, TORNADO watch for hours",1970-01-01 00:00:00.000040661,1,Hyderabad,1970-01-01,[],extreme thunder storms golf ball sized hail damaged my car power outage trees down everywhere tornado watch hours
1839,Enjoy the tornado!!! *** jumps in car and heads south on the turnpike***,1970-01-01 00:00:00.000040661,0,Hyderabad,1970-01-01,[],enjoy tornado jumps car heads south turnpike
1842,‚Äú@RillitaMichelle: Omg I left my umbrella in the car! -_- ugh‚Äù the tornado gonna blow it away anyway lol,1970-01-01 00:00:00.000040661,1,Chennai,1970-01-01,[],omg i left my umbrella car ugh tornado gonna blow it away anyway lol
1843,I don't think filming an F4 tornado from your small car in a parking lot means you're brave. It means you're stupid. #darwinism,1970-01-01 00:00:00.000040661,1,Hyderabad,1970-01-01,[],i dont think filming f tornado your small car parking lot means youre brave it means youre stupid
1844,Ok there's a tornado in my town wtfffff is this shit I can't even walk to the car ughhhhh!,1970-01-01 00:00:00.000040661,1,Bangalore,1970-01-01,[],ok theres tornado my town wtfffff this shit i cant even walk car ughhhhh
1845,My office is dead today.  Something to do with a tornado.  Looked outside can't find my car.,1970-01-01 00:00:00.000040661,1,Bangalore,1970-01-01,[],my office dead today something do tornado looked outside cant find my car
1846,@MISSHONEEYB I need one too actually...I kinda wish a tornado will tear up her car so she can't make it today...oh and mine too :),1970-01-01 00:00:00.000040661,0,Hyderabad,1970-01-01,[],i need one actuallyi kinda wish tornado tear her car she cant make it todayoh mine
1847,http://twitpic.com/4qkdp9 - Tornado cut a path right across the highway.  Cars abandoned on the side of the road.,1970-01-01 00:00:00.000040661,1,Kolkata,1970-01-01,[],tornado cut path right across highway cars abandoned side road
1848,U  still in atl RT @Robfor401Kent: Damn tornado pushed my car over half a parking spot!,1970-01-01 00:00:00.000040661,1,Mumbai,1970-01-01,[],u still atl rt damn tornado pushed my car half parking spot
1851,"Amazing. Get out of your cars, people! RT @TomMessner: Incredible youtube video of Tuscaloosa tornado yesterday. http://tinyurl.com/3q4jrl6",1970-01-01 00:00:00.000040661,1,Bangalore,1970-01-01,[],amazing get out your cars people rt incredible youtube video tuscaloosa tornado yesterday
1852,A large tree destroyed my Aunt Margie's home and car yesterday in Birmingham AL. Tornado weather is at work. Be careful.  #TL2U,1970-01-01 00:00:00.000040661,1,Hyderabad,1970-01-01,[],large tree destroyed my aunt margies home car yesterday birmingham al tornado weather work be careful
1853,It would be nice if this tornado took out my car finance company . Wiped it clean off the map,1970-01-01 00:00:00.000040661,0,Hyderabad,1970-01-01,[],it would be nice if this tornado took out my car finance company wiped it clean off map
1854,I'm cool tho my car got tornado drive,1970-01-01 00:00:00.000040661,0,Delhi,1970-01-01,[],im cool tho my car got tornado drive
1855,"RT @sjahansouz: #utc kappa sigma house missed by 10 ft...all safe, two cars totaled #CHA tornado http://yfrog.com/h4s1tkoj¬†",1970-01-01 00:00:00.000040661,0,Kolkata,1970-01-01,[],rt kappa sigma house missed ftall safe two cars totaled tornado
1856,"One tornado later, and the total damage is: two pulverized cars, cracked windshields, broken table, deflowered foliage lying in heaps.",1970-01-01 00:00:00.000040661,0,Bangalore,1970-01-01,[],one tornado later total damage two pulverized cars cracked windshields broken table deflowered foliage lying heaps
1857,if there wasnt a fucken tornado warning.. id make my mother rent a car and we'd DRIVE home! *bbm angry face*,1970-01-01 00:00:00.000040661,1,Bangalore,1970-01-01,[],if wasnt fucken tornado warning id make my mother rent car wed drive home bbm angry face
1858,Omg the wind smooth pushed my car into the next lane O_O tornado swag,1970-01-01 00:00:00.000040661,1,Mumbai,1970-01-01,[],omg wind smooth pushed my car next lane oo tornado swag
1859,"Emailed in ""erpy"" to work. I'd nap right here in the car if there weren't tornado watches in effect. #getlow",1970-01-01 00:00:00.000040661,1,Bangalore,1970-01-01,[],emailed erpy work id nap right car if werent tornado watches effect
1861,#onlywhitepeople PARTY at SKYBAR during the middle of a TORNADO WARNING in AUBURN ALABAMA! they also drive drunk & hit my car! #DUI!,1970-01-01 00:00:00.000040661,1,Delhi,1970-01-01,[],party skybar during middle tornado warning auburn alabama they also drive drunk hit my car
1862,"I have errands to run throughout the DC/MD/VA area, buuuut I'm mildly afraid my car will get picked up in a tornado. O_O",1970-01-01 00:00:00.000040661,1,Chennai,1970-01-01,[],i have errands run throughout dcmdva area buuuut im mildly afraid my car get picked tornado oo
1863,‚Äú@GLAMbyMaameP: RT @Quiseo_AME Heard the tornado got Robot car . Damn! ...stop stop lol‚Äù,1970-01-01 00:00:00.000040661,1,Hyderabad,1970-01-01,[],rt heard tornado got robot car damn stop stop lol
1864,"Not excited about there being tornado warnings in Richmond, VA.  At least the rain has taken the 6 layers of pollen off my car.  #rva",1970-01-01 00:00:00.000040661,1,Bangalore,1970-01-01,[],excited being tornado warnings richmond va least rain has taken layers pollen off my car
1865,RT @Quiseo_AME Heard the tornado got Robot car . Damn! ---lmao!,1970-01-01 00:00:00.000040661,1,Chennai,1970-01-01,[],rt heard tornado got robot car damn lmao
1868,RT @Quiseo_AME Heard the tornado got Robot car . Damn! ...stop stop lol,1970-01-01 00:00:00.000040661,1,Hyderabad,1970-01-01,[],rt heard tornado got robot car damn stop stop lol
1869,"Honestly, if there's a tornado warning in Zanesville..ill be in my car driving away from it",1970-01-01 00:00:00.000040661,1,Hyderabad,1970-01-01,[],honestly if theres tornado warning zanesvilleill be my car driving away it
1871,RT @Trusselll: @Muzi_Kal1 bro u from bama aint you? Hope ya'll safe after the tornado fam/we safe. house and da car is destroyed tho thanks.,1970-01-01 00:00:00.000040661,1,Bangalore,1970-01-01,[],rt bro u bama aint you hope yall safe tornado famwe safe house da car destroyed tho thanks
1872,"Secondly, in the video you actually see people in their cars driving w/ tht big ass tornado in the background. o_o",1970-01-01 00:00:00.000040661,1,Mumbai,1970-01-01,[],secondly video you actually see people their cars driving w tht big ass tornado background oo
1873,"@HeatherRipley thanks for asking! They r OK, bit shaken; hail crushed a car, house damage sounds minimal for now. #knoxville #tornado yours?",1970-01-01 00:00:00.000040661,1,Chennai,1970-01-01,[],thanks asking they r ok bit shaken hail crushed car house damage sounds minimal now yours
1877,the wind is shaking my car :/ i feel like i should put it in the deck just in case of a severe tornado.,1970-01-01 00:00:00.000040661,1,Mumbai,1970-01-01,[],wind shaking my car i feel like i should put it deck case severe tornado
1878,"Is there a tornado coming???. . . the wind is crazy. #Lacrosse practice tonight, lets hope my car doesn't blow over driving there",1970-01-01 00:00:00.000040661,1,Hyderabad,1970-01-01,[],tornado coming wind crazy practice tonight lets hope my car doesnt blow driving
1880,=@OakSt_Maniac1 i had a t shirt on but i found i sweatshirt in my car. have fun walkin in this TORNADO in that hahah,1970-01-01 00:00:00.000040661,0,Kolkata,1970-01-01,[],i had t shirt but i found i sweatshirt my car have fun walkin this tornado that hahah
1886,RT @LuvMsLee This lady just called and said its tornado in Baltimore county lifting cars...true???? Or not? << Where at exactly????,1970-01-01 00:00:00.000040661,0,Chennai,1970-01-01,[],rt this lady called said its tornado baltimore county lifting carstrue where exactly
1891,"Cross County Arkansas : More severe storms damage homes, cars a day after 10 die in floods, tornado - Daily Journal http://uxp.in/34470420",1970-01-01 00:00:00.000040661,1,Mumbai,1970-01-01,[],cross county arkansas severe storms damage homes cars day die floods tornado daily journal
1892,"@robnbmore HAAA....yess, some straight bs..lol I'd be in my car so fast outrunnin that tornado they wouldn't know where I was at...lol",1970-01-01 00:00:00.000040661,1,Hyderabad,1970-01-01,[],haaayess straight bslol id be my car fast outrunnin that tornado they wouldnt know where i atlol
1894,@Artemis757 Too bad about your cars! Glad you're ok and your house is still standing. Even here in PA we had some tornado warnings.,1970-01-01 00:00:00.000040661,1,Kolkata,1970-01-01,[],bad your cars glad youre ok your house still standing even pa we had tornado warnings
1895,"A mattress, you say? ;) RT @AmyMuise Did anyone else have to walk thru a #tornado to get to their car this am? A mattress just flew by me",1970-01-01 00:00:00.000040661,0,Hyderabad,1970-01-01,[],mattress you say rt did anyone else have walk thru get their car this am mattress flew me
1897,"RT @HU_Runner Tornado = Fuck your mortgage,cars and hardwork.Start Over. Smh hahahaha true though,",1970-01-01 00:00:00.000040661,0,Chennai,1970-01-01,[],rt tornado fuck your mortgagecars hardworkstart smh hahahaha true though
1900,Lol RT @TYurshoesAsia: RT @BYRDtheWORD: RT @fuckyessJESS Well whatever hopefully a tornado comes and swoops my car so I can get another lol.,1970-01-01 00:00:00.000040661,0,Mumbai,1970-01-01,[],lol rt rt rt well whatever hopefully tornado comes swoops my car i get another lol
1901,"Tornado = Fuck your mortgage,cars and hardwork.Start Over. Smh",1970-01-01 00:00:00.000040661,1,Mumbai,1970-01-01,[],tornado fuck your mortgagecars hardworkstart smh
1902,Man if I see a tornado driving dwn the interstate. Best believe imma push 200 in tht car,1970-01-01 00:00:00.000040661,1,Kolkata,1970-01-01,[],man if i see tornado driving dwn interstate best believe imma push tht car
1904,‚Äú@DannyOnSTAGE: I hope a tornado would touch down in the Delaware area and total #oomf car.‚Äù< oh wow that's not nice Danny! Lol,1970-01-01 00:00:00.000040661,0,Hyderabad,1970-01-01,[],i hope tornado would touch down delaware area total car oh wow thats nice danny lol
1905,I hope a tornado would touch down in the Delaware area and total #oomf car.,1970-01-01 00:00:00.000040661,1,Mumbai,1970-01-01,[],i hope tornado would touch down delaware area total car
1906,"=@Janus_dc No, one does not. a car is *not* a Safe place to be during a TORNADO warning.",1970-01-01 00:00:00.000040661,1,Kolkata,1970-01-01,[],one does car safe place be during tornado warning
1907,"weathernetwork: A tornado brings down power lines, flips over cars and destroys buildings in Georgia. http://bit.ly/lqhPgo",1970-01-01 00:00:00.000040661,1,Bangalore,1970-01-01,[],weathernetwork tornado brings down power lines flips cars destroys buildings georgia
1909,"=@methenormalone what what what?? a friend on fb was updating from his car during a TORNADO around pittsburgh last night, scary",1970-01-01 00:00:00.000040661,1,Delhi,1970-01-01,[],what what what friend fb updating his car during tornado around pittsburgh last night scary
1911,"A tornado brings down power lines, flips over cars and destroys buildings in Georgia. http://bit.ly/lqhPgo",1970-01-01 00:00:00.000040661,1,Hyderabad,1970-01-01,[],tornado brings down power lines flips cars destroys buildings georgia
1913,I seen a Tornado lastnight lol. I ain't say nothing to anyone in the car tho cause they prob would of freaked out,1970-01-01 00:00:00.000040661,1,Kolkata,1970-01-01,[],i seen tornado lastnight lol i aint say nothing anyone car tho cause they prob would freaked out
1918,Dude got out of his car to film that #tornado! #crazy #Tuscaloosa http://www.youtube.com/watch?v=5ohIVzIZLuQ via @gclimb123,1970-01-01 00:00:00.000040661,1,Bangalore,1970-01-01,[],dude got out his car film that via
1919,Wow these old ppl was n a car & da tornado picked up da car nw da car is on its side bt there alive,1970-01-01 00:00:00.000040661,1,Mumbai,1970-01-01,[],wow these old ppl n car da tornado picked da car nw da car its side bt alive
1920,im gonna be so mad if my car gets sucked into a tornado,1970-01-01 00:00:00.000040661,1,Mumbai,1970-01-01,[],im gonna be mad if my car gets sucked tornado
1921,that #tornado is no joke...well hopefully all that wind and rain will wash my car #lmao,1970-01-01 00:00:00.000040661,1,Chennai,1970-01-01,[],that jokewell hopefully that wind rain wash my car
1922,Whaaaatttt? RT @MissterRay: I just looked outside. Sheeeeeeeeeesh. Was I passed out during the tornado? I think so. A car is upside down,1970-01-01 00:00:00.000040661,1,Bangalore,1970-01-01,[],whaaaatttt rt i looked outside sheeeeeeeeeesh i passed out during tornado i think car upside down
1924,"My mother just called me from the car and said...""It's really raining!"" There's a tornado warning, woman! GO HOME!!!",1970-01-01 00:00:00.000040661,1,Mumbai,1970-01-01,[],my mother called me car saidits really raining theres tornado warning woman go home
1925,"I am my father's daughter. All the tornado destruction pics, and it's an old car in one that catches my attention.",1970-01-01 00:00:00.000040661,0,Kolkata,1970-01-01,[],i am my fathers daughter tornado destruction pics its old car one that catches my attention
1926,"@stilettodiapers we had a tornado on my b.day 9 years ago, this exact day, it was a bad 1 too & it gone right past us in the car, so scared!",1970-01-01 00:00:00.000040661,1,Bangalore,1970-01-01,[],we had tornado my bday years ago this exact day it bad it gone right past us car scared
1927,Dear tornado that's coming please miss my house and car just like you did last week... thanks!,1970-01-01 00:00:00.000040661,0,Hyderabad,1970-01-01,[],dear tornado thats coming please miss my house car like you did last week thanks
1929,@FuckThePublic say a tornado hit your house and you can't make it to class because it blew your car away. :) lls,1970-01-01 00:00:00.000040661,1,Chennai,1970-01-01,[],say tornado hit your house you cant make it class because it blew your car away lls
1933,lmfao chill yo hahaha RT @TheyBeLike_BOOM A car zoomed by & I thought it was a tornado. I can't handle this lol. I can't.,1970-01-01 00:00:00.000040661,0,Chennai,1970-01-01,[],lmfao chill yo hahaha rt car zoomed i thought it tornado i cant handle this lol i cant
1935,"My first claim of the day: alabama, 3 cars destroyed, house on top of 1 of the cars....son killed in the tornado...its gonna be a day!!!!",1970-01-01 00:00:00.000040661,1,Delhi,1970-01-01,[],my first claim day alabama cars destroyed house top carsson killed tornadoits gonna be day
1936,Guess who left the car window down during the tornado -_- Óêé,1970-01-01 00:00:00.000040661,1,Bangalore,1970-01-01,[],guess who left car window down during tornado
1937,Ok is it gone be a #tornado this morning?! It's windy as a bitch! Got my car all over da road!!,1970-01-01 00:00:00.000040661,1,Hyderabad,1970-01-01,[],ok it gone be this morning its windy as bitch got my car da road
1938,guess I'm stuck watchn spongebob RERUNS smh 2day really ain't tha day 4these loud ass cars to b cmin dwn da rd .. ithnk everythnq a tornado!,1970-01-01 00:00:00.000040661,1,Chennai,1970-01-01,[],guess im stuck watchn spongebob reruns smh day really aint tha day these loud ass cars b cmin dwn da rd ithnk everythnq tornado
1942,"A coworker who was traveling thru MS yesterday on way to vacation. encountered a tornado. Her car is totalled, but she is fine. Thank God!",1970-01-01 00:00:00.000040661,0,Mumbai,1970-01-01,[],coworker who traveling thru ms yesterday way vacation encountered tornado her car totalled but she fine thank god
1944,Was scared as hell..I got stuck in a tornado on the highway..but i am ok car a little busted up from the hail though...Back to business,1970-01-01 00:00:00.000040661,1,Mumbai,1970-01-01,[],scared as helli got stuck tornado highwaybut i am ok car little busted hail thoughback business
1945,"RT@KristiDeakle @emilysutherland look at this one! Scary!! Tuscaloosa, AL Tornado/My son survived this. PTL!  His bldg & car destroyed.",1970-01-01 00:00:00.000040661,1,Bangalore,1970-01-01,[],rt look this one scary tuscaloosa al tornadomy son survived this ptl his bldg car destroyed
1946,If your in a car and see a funnel forming or live tornado. Stop your car. Get out and a way from car and find a low area. Dont try 2 out run,1970-01-01 00:00:00.000040661,1,Mumbai,1970-01-01,[],if your car see funnel forming live tornado stop your car get out way car find low area dont try out run
1948,man if a tornado come im gettin in my car and gettin the fuck.,1970-01-01 00:00:00.000040661,1,Chennai,1970-01-01,[],man if tornado come im gettin my car gettin fuck
1949,Damn tornado pushed my car over half a parking spot!,1970-01-01 00:00:00.000040661,1,Bangalore,1970-01-01,[],damn tornado pushed my car half parking spot
1951,hahaha so apparently people are holed up in school avoiding the tornado..i just got here so guess i'll stay in my car.,1970-01-01 00:00:00.000040661,0,Kolkata,1970-01-01,[],hahaha apparently people holed school avoiding tornadoi got guess ill stay my car
1952,"So, thanks to whoever pissed on our press car the other day... despite that (& tornado warnings) having a great time meeting our US readers!",1970-01-01 00:00:00.000040661,0,Chennai,1970-01-01,[],thanks whoever pissed our press car day despite that tornado warnings having great time meeting our us readers
1954,7 minutes video of a guy in a car literally right in the path of the tornado panicking by the end http://bit.ly/md0VPo¬† @LexandTerry,1970-01-01 00:00:00.000040661,1,Bangalore,1970-01-01,[],minutes video guy car literally right path tornado panicking end
1955,It Aint NO CARS on da Road....Shit Is 2 Real w/ Dis Tornado,1970-01-01 00:00:00.000040661,1,Chennai,1970-01-01,[],it aint cars da roadshit real w dis tornado
1957,I thin my car just blew away #Tornado!,1970-01-01 00:00:00.000040661,1,Hyderabad,1970-01-01,[],i thin my car blew away
1958,Ikea tornado: Twister filmed in store car park near Glasgow: Shoppers and staff at Ikea in Braehead near Glasgow... http://bit.ly/lcR928,1970-01-01 00:00:00.000040661,1,Mumbai,1970-01-01,[],ikea tornado twister filmed store car park near glasgow shoppers staff ikea braehead near glasgow
1960,"""tornado has been confirmed to take cover imediatlly""....uhhh so should i not get in my car and go to school...lol",1970-01-01 00:00:00.000040661,1,Bangalore,1970-01-01,[],tornado has been confirmed take cover imediatllyuhhh should i get my car go schoollol
1961,'Tornado' hits Ikea car park near Glasgow. @weather_events @WeatherGlasgow  Watch this video! http://bit.ly/iOm1bZ,1970-01-01 00:00:00.000040661,1,Hyderabad,1970-01-01,[],tornado hits ikea car park near glasgow watch this video
1962,Ikea 'tornado': Twister filmed in store car park near Glasgow | Glasgow and West | STV News http://news.stv.tv/scotland/west-central/245631-ikea-tornado-twister-filmed-in-store-car-park-near-glasgow/¬†‚Ä¶,1970-01-01 00:00:00.000040661,1,Hyderabad,1970-01-01,[],ikea tornado twister filmed store car park near glasgow glasgow west stv news
1963,This is quite freaky: Ikea 'tornado': Twister filmed in store car park near Glasgow | Glasgow and West | STV News http://news.stv.tv/scotland/west-central/245631-ikea-tornado-twister-filmed-in-store-car-park-near-glasgow/¬†‚Ä¶,1970-01-01 00:00:00.000040661,1,Hyderabad,1970-01-01,[],this quite freaky ikea tornado twister filmed store car park near glasgow glasgow west stv news
1965,RT @STVNews: Ikea tornado: Twister filmed in store car park near Glasgow http://bit.ly/innMhZ << thats just at my work!!! lol,1970-01-01 00:00:00.000040661,1,Delhi,1970-01-01,[],rt ikea tornado twister filmed store car park near glasgow thats my work lol
1966,Tornado? Is it not just a thermal going through RT @STVNews Ikea tornado: Twister filmed in store car park near Glasgow http://bit.ly/innMhZ,1970-01-01 00:00:00.000040661,1,Bangalore,1970-01-01,[],tornado it thermal going through rt ikea tornado twister filmed store car park near glasgow
1967,RT @STVNews: Ikea tornado: Twister filmed in store car park near Glasgow http://bit.ly/innMhZ >>>that's a tiny dust devil!,1970-01-01 00:00:00.000040661,1,Mumbai,1970-01-01,[],rt ikea tornado twister filmed store car park near glasgow thats tiny dust devil
1968,Ikea tornado: Twister filmed in store car park near Glasgow http://bit.ly/innMhZ,1970-01-01 00:00:00.000040661,1,Kolkata,1970-01-01,[],ikea tornado twister filmed store car park near glasgow
1970,"60 miles south of  ATL, headed N on I-75. GA DOT says #tornado touched down near exit198. Trees/debris on highway, I saw cars overturned.",1970-01-01 00:00:00.000040661,1,Delhi,1970-01-01,[],miles south atl headed n i ga dot says touched down near exit treesdebris highway i saw cars overturned
1971,=@markblundellF1 check out TORNADO Sports cars      gt40. Lovely. can fit a racing ford engine...,1970-01-01 00:00:00.000040661,0,Bangalore,1970-01-01,[],check out tornado sports cars gt lovely fit racing ford engine
1972,I just looked outside. Sheeeeeeeeeesh. Was I passed out during the tornado? I think so. A car is upside down,1970-01-01 00:00:00.000040661,1,Kolkata,1970-01-01,[],i looked outside sheeeeeeeeeesh i passed out during tornado i think car upside down
1976,@JohnBasedow HAVE you seen this John? http://www.youtube.com/watch?v=5ohIVzIZLuQ&feature=feedf new tornado video by kid in car near a mall!,1970-01-01 00:00:00.000040661,1,Bangalore,1970-01-01,[],have you seen this john new tornado video kid car near mall
1977,http://www.youtube.com/watch?v=5ohIVzIZLuQ&feature=feedf One of the most scary tornado videos I have ever seen someone do in their CAR! :O,1970-01-01 00:00:00.000040661,1,Kolkata,1970-01-01,[],one scary tornado videos i have ever seen someone do their car o
1978,Woke up to serious thunder & lightening & all the car alrams going offLaying in bed scared at the thought of a tornado,1970-01-01 00:00:00.000040661,1,Kolkata,1970-01-01,[],woke serious thunder lightening car alrams going offlaying bed scared thought tornado
1981,just heard police cars outside..def. thought for a second it was another tornado bell... slightly #paranoid.,1970-01-01 00:00:00.000040661,1,Chennai,1970-01-01,[],heard police cars outsidedef thought second it another tornado bell slightly
1982,if a tornado touch down in columbia in gettin in da car n we goin to go in a diff direction,1970-01-01 00:00:00.000040661,1,Kolkata,1970-01-01,[],if tornado touch down columbia gettin da car n we goin go diff direction
1983,"""I'm pissed... Where da fuck is the tornado I don't see cows & cars in the air .. hmph!"" {== #SomethingAdumbassWouldTweet",1970-01-01 00:00:00.000040661,1,Chennai,1970-01-01,[],im pissed where da fuck tornado i dont see cows cars air hmph
1986,RT @Smilez_Dion88: On the brightside the tornado washed the the pollen off my car ===> lol #hello,1970-01-01 00:00:00.000040661,1,Hyderabad,1970-01-01,[],rt brightside tornado washed pollen off my car lol
1987,"MT @dispatchdemon: Interstate 75 completely blocked around #HighFalls #GA area. Numerous tractor trailers, cars tossed. #gawx #tornado",1970-01-01 00:00:00.000040661,1,Chennai,1970-01-01,[],mt interstate completely blocked around area numerous tractor trailers cars tossed
1990,"guy insane, drove towards storm, car windows cracked, but got amazing heart pumping video of Tuscaloosa tornado http://tinyurl.com/3dv9azm",1970-01-01 00:00:00.000040661,1,Delhi,1970-01-01,[],guy insane drove towards storm car windows cracked but got amazing heart pumping video tuscaloosa tornado
1993,i jus hope tha tornado does come near here. i wanna sleep && dnt want my car to get damaged,1970-01-01 00:00:00.000040661,1,Delhi,1970-01-01,[],i jus hope tha tornado does come near i wanna sleep dnt want my car get damaged
1994,"Hail, tornado, trees fallen, campus flooded, my car dented beyond repair. Great night! http://yfrog.com/h0h3osej¬†",1970-01-01 00:00:00.000040661,1,Mumbai,1970-01-01,[],hail tornado trees fallen campus flooded my car dented beyond repair great night
1995,is that a tornado siren.?? again.?? or a police car..i cant tell lol.,1970-01-01 00:00:00.000040661,1,Kolkata,1970-01-01,[],that tornado siren police cari cant tell lol
1996,I keep hearing the weather channel tell people to get out of their mobile homes and into their cars. Since when is a car safe in a tornado?,1970-01-01 00:00:00.000040661,1,Delhi,1970-01-01,[],i keep hearing weather channel tell people get out their mobile homes their cars since when car safe tornado
1997,"@Stephen__Andrew my poor son, first he gets hit by a car, now he's in the basement of his dorm waiting for a tornado.",1970-01-01 00:00:00.000040661,1,Bangalore,1970-01-01,[],my poor son first he gets hit car now hes basement his dorm waiting tornado
1998,Does anyone have any coke Cans so I can study this tornado damn it #twisterinGa #AthensGa  at least the pollen is off my car,1970-01-01 00:00:00.000040661,1,Delhi,1970-01-01,[],does anyone have coke cans i study this tornado damn it least pollen off my car
1999,"My brother just said ""there's a fucking car in the clouds"" o_0 pray for the tornado victims",1970-01-01 00:00:00.000040661,1,Kolkata,1970-01-01,[],my brother said theres fucking car clouds o pray tornado victims
2000,I got caught in a tornado underneath the car wash earlier. Pretty scary. #messwithmetornado,1970-01-01 00:00:00.000040661,1,Hyderabad,1970-01-01,[],i got caught tornado underneath car wash earlier pretty scary
2001,@HoneYCi i thought a tornado was jus gon jump on top of my car!!!,1970-01-01 00:00:00.000040661,1,Chennai,1970-01-01,[],i thought tornado jus gon jump top my car
2003,Praying no one was hurt by the tornado here this evening :( no cable + laptop in car = no news to follow,1970-01-01 00:00:00.000040661,1,Kolkata,1970-01-01,[],praying one hurt tornado this evening cable laptop car news follow
2004,Video from the Tuscaloosa Tornado. This is frightening! Why anyone would stay in their car and film is beyond me. http://bit.ly/jPG4rX,1970-01-01 00:00:00.000040661,1,Delhi,1970-01-01,[],video tuscaloosa tornado this frightening why anyone would stay their car film beyond me
2005,Dank is it a tornado n Raleigh car blowincg n shit,1970-01-01 00:00:00.000040661,1,Hyderabad,1970-01-01,[],dank it tornado n raleigh car blowincg n shit
2007,"@RossConfide yeah i live in St. Louis and my car missed getting walloped by the tornado by about 3 miles, good thing He's lookin out #faith",1970-01-01 00:00:00.000040661,1,Chennai,1970-01-01,[],yeah i live st louis my car missed getting walloped tornado miles good thing hes lookin out
2008,what's worse. dimply car or the fact that the tornado MISSED Bryant Denny stadium... #sickjoke,1970-01-01 00:00:00.000040661,1,Kolkata,1970-01-01,[],whats worse dimply car fact that tornado missed bryant denny stadium
2009,Railroad conductor dude in PG said the tornado really did sound like a train pulling too many cars . .o_O,1970-01-01 00:00:00.000040661,1,Hyderabad,1970-01-01,[],railroad conductor dude pg said tornado really did sound like train pulling many cars oo
2010,"The trailer park, trees and cars seem to be your top worst enemies during a tornado.",1970-01-01 00:00:00.000040661,1,Bangalore,1970-01-01,[],trailer park trees cars seem be your top worst enemies during tornado
2011,Intense Tornado Video From Car http://wp.me/pT6L8-1mn,1970-01-01 00:00:00.000040661,1,Kolkata,1970-01-01,[],intense tornado video car
2012,"I lost my house, my car and pretty much everything I owned today in the tornado...at least I have my mom and dad...thanks for the prayers",1970-01-01 00:00:00.000040661,1,Delhi,1970-01-01,[],i lost my house my car pretty much everything i owned today tornadoat least i have my mom dadthanks prayers
2013,‚Äú@TeneBoo: So since this tornado isn't coming... Does this mean my car isn't getting that free bath I was expecting?‚Äù,1970-01-01 00:00:00.000040661,0,Kolkata,1970-01-01,[],since this tornado isnt coming does this mean my car isnt getting that free bath i expecting
2014,Survived a tornado and my car fought the hail.. And the hail won.....Sorry about your car @brookenacole :(,1970-01-01 00:00:00.000040661,1,Chennai,1970-01-01,[],survived tornado my car fought hail hail wonsorry your car
2015,Fly your #Alabama car flags in support of #tornado victims in #tuscaloosa,1970-01-01 00:00:00.000040661,1,Chennai,1970-01-01,[],fly your car flags support victims
2019,Confirmed tornado in Allegan County: There were a number of cars sitting outside of Windscape Landscaping Tuesda... http://bit.ly/klf6Dz,1970-01-01 00:00:00.000040661,1,Mumbai,1970-01-01,[],confirmed tornado allegan county number cars sitting outside windscape landscaping tuesda
2020,Survived my first Tornado/Thunderstorm Extraordinaire. For once I'm thankful to not have a car. However buyin‚Ä¶ (cont) http://deck.ly/~4aURZ,1970-01-01 00:00:00.000040661,1,Delhi,1970-01-01,[],survived my first tornadothunderstorm extraordinaire im thankful have car however buyin cont
2021,Some1's car horn outside won't stop...nd it's  like one long continuous sound like a tornado warning or something. Hope tht car dsnt blow up,1970-01-01 00:00:00.000040661,1,Mumbai,1970-01-01,[],somes car horn outside wont stopnd its like one long continuous sound like tornado warning something hope tht car dsnt blow
2025,@_MODELBEHAVIOr Lol it aint no tornado's out right now haha ! but I wanna take my car out and go storm chasin rlly bad,1970-01-01 00:00:00.000040661,1,Delhi,1970-01-01,[],lol it aint tornados out right now haha but i wanna take my car out go storm chasin rlly bad
2028,at least my car is getting a good wash. #tornado,1970-01-01 00:00:00.000040661,1,Mumbai,1970-01-01,[],least my car getting good wash
2029,Looks like UT has survived again  other than tree/car damage. Did get scary thoRT @abaaron All tornado warnings for Knox County have expired,1970-01-01 00:00:00.000040661,0,Kolkata,1970-01-01,[],looks like ut has survived treecar damage did get scary thort tornado warnings knox county have expired
2030,"Tornado sirens going off in Blacksburg. Wish I had a basement. Oh, and that my car weighed more than 2 pounds.",1970-01-01 00:00:00.000040661,1,Kolkata,1970-01-01,[],tornado sirens going off blacksburg wish i had basement oh that my car weighed pounds
2031,Okay maybe it is about to go down in Atlanta! This lightning/thunder is building up! I hope the tornado don't take my car,1970-01-01 00:00:00.000040661,0,Kolkata,1970-01-01,[],okay maybe it go down atlanta this lightningthunder building i hope tornado dont take my car
2032,"RT @ugakerri WOW.  Keep thinking 'why are these cars..? RT @CRussGam: Check this video out,Tuscaloosa Tornado  http://youtu.be/T0FHTG9VETY",1970-01-01 00:00:00.000040661,1,Hyderabad,1970-01-01,[],rt wow keep thinking why these cars rt check this video outtuscaloosa tornado
2034,"my car is messed up from the golf ball size hail and the tornado,I have no power, oh and now we are worried about flooding #awesome",1970-01-01 00:00:00.000040661,0,Bangalore,1970-01-01,[],my car messed golf ball size hail tornadoi have power oh now we worried flooding
2036,@Tadmichaell We hope. :\ We haven't looked outside to see if our cars are okay but we think the tornado is gone now.,1970-01-01 00:00:00.000040661,1,Delhi,1970-01-01,[],we hope we havent looked outside see if our cars okay but we think tornado gone now
2037,Under a tornado warning in Clemson until 4am. This is probably dramatic but please say a prayer that it misses us. I just had my car washed.,1970-01-01 00:00:00.000040661,0,Delhi,1970-01-01,[],tornado warning clemson until am this probably dramatic but please say prayer that it misses us i had my car washed
2038,Here's something you shouldn't do when a huge tornado is destroying your city: sit in a car and film it.  http://youtu.be/5ohIVzIZLuQ,1970-01-01 00:00:00.000040661,0,Delhi,1970-01-01,[],heres something you shouldnt do when huge tornado destroying your city sit car film it
2039,‚Äú@Jillian_Garcia: @j_mosk I lost my car in this tornado. How the fuck am I getting back to NY?‚Äù,1970-01-01 00:00:00.000040661,1,Kolkata,1970-01-01,[],i lost my car this tornado how fuck am i getting back ny
2042,Good. They cancelled the Tornado warning for Fulton County. Now lets hope no trees land on my car from the wind...,1970-01-01 00:00:00.000040661,1,Delhi,1970-01-01,[],good they cancelled tornado warning fulton county now lets hope trees land my car wind
2043,So I left my car outside the garage tonight and heard there was a tornado warning for us with large amounts of hail......*runs to grab keys*,1970-01-01 00:00:00.000040661,1,Kolkata,1970-01-01,[],i left my car outside garage tonight heard tornado warning us large amounts hailruns grab keys
2045,"swear my mom is on TRIP mode. sure ma, lets leave the house, get in the car and DRIVE somewhere safe. we will just dodge the tornado.wtf?",1970-01-01 00:00:00.000040661,1,Hyderabad,1970-01-01,[],swear my mom trip mode sure ma lets leave house get car drive somewhere safe we dodge tornadowtf
2046,im bout to do da same thang lol RT @LabeledDior I hope this tornado cause a tree to fall on my car I parked it under a tree on purpose.,1970-01-01 00:00:00.000040661,1,Kolkata,1970-01-01,[],im bout do da thang lol rt i hope this tornado cause tree fall my car i parked it tree purpose
2047,#onlywhitepeople will be in there car during a tornado taping it then have time to send it to the news lol,1970-01-01 00:00:00.000040661,1,Kolkata,1970-01-01,[],be car during tornado taping it have time send it news lol
2048,Just heard there's a tornado warning for Clemson.. Now would be a good time to have a window on my car.. Uh oh,1970-01-01 00:00:00.000040661,1,Hyderabad,1970-01-01,[],heard theres tornado warning clemson now would be good time have window my car uh oh
2050,‚Äú@JessOnDeck: Who gets in a car during tornado warnings for a snack run?? this girl.‚Äù < lol,1970-01-01 00:00:00.000040661,1,Mumbai,1970-01-01,[],who gets car during tornado warnings snack run this girl lol
2051,Tornado rip thru parts of 75N looks like a war zone cars and trucks twisted up! http://plixi.com/p/96606739 http://plixi.com/p/96606596,1970-01-01 00:00:00.000040661,1,Chennai,1970-01-01,[],tornado rip thru parts n looks like war zone cars trucks twisted
2052,"New tornado warning. Hail probably denting my car right now. Ma Nature, we need to talk.",1970-01-01 00:00:00.000040661,1,Chennai,1970-01-01,[],new tornado warning hail probably denting my car right now ma nature we need talk
2053,"The tornado ran right through my neighbor, my house and our cars are severely damaged, just lucky to be alive. Thanks for all concerns",1970-01-01 00:00:00.000040661,0,Kolkata,1970-01-01,[],tornado ran right through my neighbor my house our cars severely damaged lucky be alive thanks concerns
2054,"Wow, crazy video dude shot from his car right next to Tuscaloosa tornado: http://youtu.be/5ohIVzIZLuQ",1970-01-01 00:00:00.000040661,1,Hyderabad,1970-01-01,[],wow crazy video dude shot his car right next tuscaloosa tornado
2055,"Tornado took away the power, my car, half of Tuscaloosa and my car. Hope everyone out there's ok. Ttowns looking rough",1970-01-01 00:00:00.000040661,1,Kolkata,1970-01-01,[],tornado took away power my car half tuscaloosa my car hope everyone out theres ok ttowns looking rough
2057,LMFAO !!! RT  wow nigga @BrukeWade Damm the tornado took my car!!!!!!,1970-01-01 00:00:00.000040661,1,Bangalore,1970-01-01,[],lmfao rt wow nigga damm tornado took my car
2058,Tornado touched down and all this one  dude can think about us his car.. not fam or friends ...smh,1970-01-01 00:00:00.000040661,1,Delhi,1970-01-01,[],tornado touched down this one dude think us his car fam friends smh
2060,RT @JennaFryer: Stunning. Why does dude get out of his car? eyewitness video of today's #tornado in Tuscaloosa http://youtu.be/5ohIVzIZLuQ,1970-01-01 00:00:00.000040661,1,Mumbai,1970-01-01,[],rt stunning why does dude get out his car eyewitness video todays tuscaloosa
2061,"Hoping everyone is okay in Ringgold RT @TWCBreaking:Damaged cars, tossed semis at Exit 348 on I-75 near Ringgold, GA from #tornado.  #severe",1970-01-01 00:00:00.000040661,1,Bangalore,1970-01-01,[],hoping everyone okay ringgold rt damaged cars tossed semis exit i near ringgold ga
2064,"if a tornado hits three floyds, i am going to raise hell. I will buy a case of aerosols and empty them; I will run my car all day; etc...",1970-01-01 00:00:00.000040661,1,Chennai,1970-01-01,[],if tornado hits three floyds i am going raise hell i buy case aerosols empty them i run my car day etc
2065,@colewagoner bedtime here. Think it's safe. Friend in Phil Campbell house was moved by tornado and has a car missing- but he's safe:) nite:),1970-01-01 00:00:00.000040661,0,Hyderabad,1970-01-01,[],bedtime think its safe friend phil campbell house moved tornado has car missing but hes safe nite
2066,Wow tornado in white pine never thought I'd see the day damage to my poor car though :( and screens busted out of windows :( scary stuff!!!,1970-01-01 00:00:00.000040661,1,Mumbai,1970-01-01,[],wow tornado white pine never thought id see day damage my poor car though screens busted out windows scary stuff
2067,"WOW.  Keep thinking 'why are these cars on the road? RT @CRussGam: Check this video out,Tuscaloosa Tornado  http://youtu.be/T0FHTG9VETY",1970-01-01 00:00:00.000040661,1,Delhi,1970-01-01,[],wow keep thinking why these cars road rt check this video outtuscaloosa tornado
2068,Me nd realla n da tornado bra jus said I think its n da car lil Ron #LOUD,1970-01-01 00:00:00.000040661,1,Chennai,1970-01-01,[],me nd realla n da tornado bra jus said i think its n da car lil ron
2070,Stunning. Why does dude get out of his car? RT @SvrWxChaser: eyewitness video of today's #tornado in Tuscaloosa http://youtu.be/5ohIVzIZLuQ,1970-01-01 00:00:00.000040661,1,Kolkata,1970-01-01,[],stunning why does dude get out his car rt eyewitness video todays tuscaloosa
2072,Wow chk out the car. Unreal ‚Äú@MackCollier: Tornado damage from Tuscaloosa  RT @AaronSuttles: This is 15th looking west. http://twitpic.com/4qbtrd¬†‚Äù,1970-01-01 00:00:00.000040661,0,Kolkata,1970-01-01,[],wow chk out car unreal tornado damage tuscaloosa rt this th looking west
2073,Bouta go get somethin quick to eat with @JazzyTooSnazzy. If these tornado sirens go off  I'm drivin the top speed my car can go. #nojoke,1970-01-01 00:00:00.000040661,1,Delhi,1970-01-01,[],bouta go get somethin quick eat if these tornado sirens go off im drivin top speed my car go
2074,RT @EugeneTattedUp: RT if you got full coverage on your Car! Fuck a Tornado lol,1970-01-01 00:00:00.000040661,1,Bangalore,1970-01-01,[],rt rt if you got full coverage your car fuck tornado lol
2075,Tornado weather? I hope I rolled up the windows to the car. :/,1970-01-01 00:00:00.000040661,1,Hyderabad,1970-01-01,[],tornado weather i hope i rolled windows car
2076,"the day i get a car, all hell breaks loose...literally. ..ughhh tornado warnings :(",1970-01-01 00:00:00.000040661,1,Bangalore,1970-01-01,[],day i get car hell breaks looseliterally ughhh tornado warnings
2078,Me and this tornado straight as long as my car isn't touched!!,1970-01-01 00:00:00.000040661,1,Mumbai,1970-01-01,[],me this tornado straight as long as my car isnt touched
2079,Woah!!!! Thunder cracked so loud it set a car alarm off! Under a tornado warning right now.,1970-01-01 00:00:00.000040661,0,Chennai,1970-01-01,[],woah thunder cracked loud it set car alarm off tornado warning right now
2082,@Megalicious33 tornado warnings still going off every 5 minutes...car got a small crack in the windsheild from the hail,1970-01-01 00:00:00.000040661,0,Kolkata,1970-01-01,[],tornado warnings still going off every minutescar got small crack windsheild hail
2084,this is not good.RT@ViewofAdam Tornado sirens are DOWN IN MADISON COUNTY ALABAMA.Police cars driving through neighborhoods,1970-01-01 00:00:00.000040661,1,Delhi,1970-01-01,[],this goodrt tornado sirens down madison county alabamapolice cars driving through neighborhoods
2085,RT if you got full coverage on your Car! Fuck a Tornado lol,1970-01-01 00:00:00.000040661,1,Mumbai,1970-01-01,[],rt if you got full coverage your car fuck tornado lol
2089,"Parked my car in the middle of an empty field in hopes the tornado will...shit, I have no insurance, BRB.",1970-01-01 00:00:00.000040661,0,Kolkata,1970-01-01,[],parked my car middle empty field hopes tornado willshit i have insurance brb
2090,Muffuggas can talk shit about the Tornado Watch being bullshit until a cow hits their car on the parkway.,1970-01-01 00:00:00.000040661,1,Bangalore,1970-01-01,[],muffuggas talk shit tornado watch being bullshit until cow hits their car parkway
2091,Please pray for my lead pastor's son whose apartment and car were heavily damaged in the tornado that went through Tuscaloosa today.,1970-01-01 00:00:00.000040661,0,Delhi,1970-01-01,[],please pray my lead pastors son whose apartment car heavily damaged tornado that went through tuscaloosa today
2096,"#oomf just said ""its a tornado comin? Ain't u safe in the car""",1970-01-01 00:00:00.000040661,1,Hyderabad,1970-01-01,[],said its tornado comin aint u safe car
2097,Thankful the only thing wrong is dents in my car...things could be sooooo much worse. Ready for tornado warnings to be gone.,1970-01-01 00:00:00.000040661,0,Mumbai,1970-01-01,[],thankful thing wrong dents my carthings could be sooooo much worse ready tornado warnings be gone
2098,"Operating under theory that I didn't walk away from bad car accident just to die in tornado 9 months later. Seems reasonable, right? #hopes",1970-01-01 00:00:00.000040661,1,Delhi,1970-01-01,[],operating theory that i didnt walk away bad car accident die tornado months later seems reasonable right
2101,"Dear thunder storm/ tornado, don't fuck wit my car ! ÓÅô",1970-01-01 00:00:00.000040661,1,Chennai,1970-01-01,[],dear thunder storm tornado dont fuck wit my car
2103,mom was driving and the tornado hit her...she held her head down&prayed...the windows&bumper were knocked off the car.. she's fine #onlyGOD,1970-01-01 00:00:00.000040661,1,Mumbai,1970-01-01,[],mom driving tornado hit hershe held her head downprayedthe windowsbumper knocked off car shes fine
2106,I defy anyone to be in that car and cling to atheism in that moment. RT @SecondFront Scariest video of tornado so far. http://vimeo.com/22970879¬†,1970-01-01 00:00:00.000040661,1,Bangalore,1970-01-01,[],i defy anyone be that car cling atheism that moment rt scariest video tornado far
2108,CLANTON ALABAMA GET TO A SAFE PLACE NOW....OUT OF CARS INTO STRUCTURES! Hillcrest Baptist Church area you HAVE a tornado signature.,1970-01-01 00:00:00.000040661,1,Chennai,1970-01-01,[],clanton alabama get safe place nowout cars structures hillcrest baptist church area you have tornado signature
2109,#onlywhitepeople are outside right watching the tornado pass they house in manassas..... Like hey mom its billys car!,1970-01-01 00:00:00.000040661,1,Chennai,1970-01-01,[],outside right watching tornado pass they house manassas like hey mom its billys car
2110,pretty sure im the only person thats not scared of this tornado... but watch my car be missing the bumper tomorrow..,1970-01-01 00:00:00.000040661,1,Kolkata,1970-01-01,[],pretty sure im person thats scared this tornado but watch my car be missing bumper tomorrow
2112,RT @MsWise2U A tornado should sweep my car away. Let me put this GAAP insurance to good use!!,1970-01-01 00:00:00.000040661,1,Kolkata,1970-01-01,[],rt tornado should sweep my car away let me put this gaap insurance good use
2113,"Sherwin Williams paint store destroyed. The back windows are out of our cars. We are ok for now. Tornado was over the apt, heard it sucking",1970-01-01 00:00:00.000040661,1,Hyderabad,1970-01-01,[],sherwin williams paint store destroyed back windows out our cars we ok now tornado apt heard it sucking
2114,@CiCichristina yeaa skipped Gwinnett . Thank goodness cuz idk if I got tornado liability on my car lol,1970-01-01 00:00:00.000040661,1,Mumbai,1970-01-01,[],yeaa skipped gwinnett thank goodness cuz idk if i got tornado liability my car lol
2117,"Worst tornado damage I've filmed was Jackson TN, 07. Cars were piled up & thrown thru buildings. Nothing like http://www.twitvid.com/D1HNK",1970-01-01 00:00:00.000040661,1,Bangalore,1970-01-01,[],worst tornado damage ive filmed jackson tn cars piled thrown thru buildings nothing like
2118,My family's safety method for a tornado is very interesting..... Get in the car and RUN!!!!! haha #ilovemyfamily :),1970-01-01 00:00:00.000040661,0,Bangalore,1970-01-01,[],my familys safety method tornado interesting get car run haha
2119,In my car half naked. Tornado outside. Knockin to @RICHKIDz4L . #winning,1970-01-01 00:00:00.000040661,1,Chennai,1970-01-01,[],my car half naked tornado outside knockin
2121,before work i looked up what to do if you're in a car when there's a tornado.. i am so paranoid haha ugh,1970-01-01 00:00:00.000040661,0,Hyderabad,1970-01-01,[],before work i looked what do if youre car when theres tornado i am paranoid haha ugh
2122,"S/o to the car bumping they music loud af w/ the bass TTU. Had me thinking it was a tornado, once again, lol.",1970-01-01 00:00:00.000040661,0,Kolkata,1970-01-01,[],car bumping they music loud af w bass ttu had me thinking it tornado lol
2124,at work and Just watched the tornado go over our store. Everyone's cars windows r broken and cars and beat to crap,1970-01-01 00:00:00.000040661,0,Bangalore,1970-01-01,[],work watched tornado go our store everyones cars windows r broken cars beat crap
2126,omg the wind bout to blow my car over!  if a tornado do come that shit gone b #o.d.,1970-01-01 00:00:00.000040661,1,Chennai,1970-01-01,[],omg wind bout blow my car if tornado do come that shit gone b d
2128,"NEW VIDEO: Cars, trucks, pylons destroyed as tornado passes through Tuscaloosa http://newstsar.com/archive/2011-04-27/tornado_alabama¬†‚Ä¶ #tornado #alabama #storm #weather #severe",1970-01-01 00:00:00.000040661,1,Mumbai,1970-01-01,[],new video cars trucks pylons destroyed as tornado passes through tuscaloosa
2129,@clairehoworth safe and sheltered. glad it's over. only damage for us is charly's flooded car #mississippi #tornado,1970-01-01 00:00:00.000040661,1,Delhi,1970-01-01,['shelter'],safe sheltered glad its damage us charlys flooded car
2130,The tornado effect in knoxville. Hailing like crazy and putting dents in folks' car http://twitpic.com/4qcan9,1970-01-01 00:00:00.000040661,1,Kolkata,1970-01-01,[],tornado effect knoxville hailing like crazy putting dents folks car
2131,"RT @praiseNworkout: RT @TWCBreaking: Damaged cars, tossed semis at Exit 348 on I-75 near Ringgold, GA from #tornado  http://wxch.nl/mu1KA8",1970-01-01 00:00:00.000040661,1,Mumbai,1970-01-01,[],rt rt damaged cars tossed semis exit i near ringgold ga
2134,"TWCBreaking: Damaged cars, tossed semis at Exit 348 on I-75 near Ringgold, GA from #tornado.  Map of area:  http://wxch.nl/mu1KA8  #severe",1970-01-01 00:00:00.000040661,1,Kolkata,1970-01-01,[],twcbreaking damaged cars tossed semis exit i near ringgold ga map area
2136,Cars keep going up & down the street & I'm thinking its a tornado -_-,1970-01-01 00:00:00.000040661,1,Delhi,1970-01-01,[],cars keep going down street im thinking its tornado
2137,"Damaged cars, tossed semis at Exit 348 on I-75 near Ringgold, GA from #tornado.  Map of area:  http://wxch.nl/mu1KA8  #severe",1970-01-01 00:00:00.000040661,1,Delhi,1970-01-01,[],damaged cars tossed semis exit i near ringgold ga map area
2139,"Dear tornado, you can take me but leave my car alone. sincerely, i just got a yummy new air freshener in there.",1970-01-01 00:00:00.000040661,1,Delhi,1970-01-01,[],dear tornado you take me but leave my car alone sincerely i got yummy new air freshener
2141,As long as my #Creeeeb still standin... and my car ain't acting like an airplane... I don't really care bout this tornado..,1970-01-01 00:00:00.000040661,1,Kolkata,1970-01-01,[],as long as my still standin my car aint acting like airplane i dont really care bout this tornado
2142,@drumfreak39 lol uhhh so if a tornado came I don't think I would get in my car,1970-01-01 00:00:00.000040661,1,Chennai,1970-01-01,[],lol uhhh if tornado came i dont think i would get my car
2144,@VIParis22 if you see a tornado you're going to get in your car and drive? Are you insane?!?,1970-01-01 00:00:00.000040661,1,Delhi,1970-01-01,[],if you see tornado youre going get your car drive you insane
2146,The best thing this tornado could do is suck my truck up and throw it miles away. Best insurance call since my twelve car pileup? Yeah.,1970-01-01 00:00:00.000040661,1,Kolkata,1970-01-01,[],best thing this tornado could do suck my truck throw it miles away best insurance call since my twelve car pileup yeah
2148,@dmcordell...just missed the house.  Car in the garage--now we're waiting out the next few rounds.  Tornado warnings until 1AM.,1970-01-01 00:00:00.000040661,1,Mumbai,1970-01-01,[],missed house car garagenow waiting out next rounds tornado warnings until am
2153,tornado frickin outbreak! perfect time to go down south and get some footage of that shit...now if only i had a car. >.< #fml,1970-01-01 00:00:00.000040661,1,Delhi,1970-01-01,[],tornado frickin outbreak perfect time go down south get footage that shitnow if i had car
2157,@calliestarnes I've seen a few fire engines & police cars going down Poplar Springs. Any confirmations of a tornado in Ringgold?,1970-01-01 00:00:00.000040661,1,Delhi,1970-01-01,[],ive seen fire engines police cars going down poplar springs confirmations tornado ringgold
2159,Photo: My mom‚Äôs car. Stupid tornado‚Ä¶ http://tumblr.com/xuo2aocm7i,1970-01-01 00:00:00.000040661,1,Hyderabad,1970-01-01,[],photo my moms car stupid tornado
2160,My mom's car. Stupid tornado... http://twitpic.com/4qbr56,1970-01-01 00:00:00.000040661,1,Hyderabad,1970-01-01,[],my moms car stupid tornado
2161,"@QueenQua yeah cuz u said u was finna drop my headphones of! dont worry bout it tho, i hope a mini tornado sweep yo car [n u live tho]",1970-01-01 00:00:00.000040661,1,Mumbai,1970-01-01,[],yeah cuz u said u finna drop my headphones dont worry bout it tho i hope mini tornado sweep yo car n u live tho
2163,"Just drove home from bible study in this, found out after near a tornado. Sounded like softball size, car damage :( http://twitpic.com/4qbqs9¬†",1970-01-01 00:00:00.000040661,1,Mumbai,1970-01-01,[],drove home bible study this found out near tornado sounded like softball size car damage
2164,Sister-in-Law hit by tornado in Tuscaloosa.  She's OK.  Car and house smashed.,1970-01-01 00:00:00.000040661,1,Hyderabad,1970-01-01,[],sisterinlaw hit tornado tuscaloosa shes ok car house smashed
2166,I hope @lyndsey20 s car is okay! Don't get sucked up from the tornado!,1970-01-01 00:00:00.000040661,0,Mumbai,1970-01-01,[],i hope s car okay dont get sucked tornado
2168,"Today, I got a new car. Then, I watched a tornado. #justanotherday",1970-01-01 00:00:00.000040661,0,Bangalore,1970-01-01,[],today i got new car i watched tornado
2171,"Charged cell in car between tornado warnings. Powers been out all day. Long, dark night ahead.",1970-01-01 00:00:00.000040661,1,Bangalore,1970-01-01,[],charged cell car between tornado warnings powers been out day long dark night ahead
2172,One of my friends lost his car & the other lost his apartment.. This is the most devastating tornado we've ever had.,1970-01-01 00:00:00.000040661,1,Kolkata,1970-01-01,[],one my friends lost his car lost his apartment this devastating tornado weve ever had
2173,One of my friends lost his car & the other lost his apartment.. This is the most devastating tornado we've eve had.,1970-01-01 00:00:00.000040661,1,Kolkata,1970-01-01,[],one my friends lost his car lost his apartment this devastating tornado weve eve had
2174,if I had a car I would of got some butt butt before I died in Tht tornado lmao,1970-01-01 00:00:00.000040661,1,Mumbai,1970-01-01,[],if i had car i would got butt butt before i died tht tornado lmao
2176,‚Äú@901ATLvol: RT @THEmeaghan: Could the wind ever be strong enough to flip parked cars? < yea it's called a tornado.‚Äù,1970-01-01 00:00:00.000040661,1,Delhi,1970-01-01,[],rt could wind ever be strong enough flip parked cars yea its called tornado
2177,=@MarvytheMartian u sittin ya MUFUCKIN ass n yo MUFUCKIN car durin aMUFUCKIN TORNADO & yo only MUFUCKIN complaint is Dat i have a POTTY MOUTH,1970-01-01 00:00:00.000040661,1,Bangalore,1970-01-01,[],u sittin ya mufuckin ass n yo mufuckin car durin amufuckin tornado yo mufuckin complaint dat i have potty mouth
2180,@JonathanMBell I would not say it was a tornado ... But am willing to bet it was close. Here is pic of car  http://plixi.com/p/96563018,1970-01-01 00:00:00.000040661,1,Bangalore,1970-01-01,[],i would say it tornado but am willing bet it close pic car
2182,"Our Warehouse Manager, Steve Guy was in his house in Tuscaloosa when the tornado took his house. He is ok but lost everything including car.",1970-01-01 00:00:00.000040661,1,Chennai,1970-01-01,[],our warehouse manager steve guy his house tuscaloosa when tornado took his house he ok but lost everything including car
2183,thank god for that mattress my brother hid under.  said they took a direct hit from the tornado.  his house and cars are destroyed.,1970-01-01 00:00:00.000040661,1,Bangalore,1970-01-01,[],thank god that mattress my brother hid said they took direct hit tornado his house cars destroyed
2184,RT @THEmeaghan: Could the wind ever be strong enough to flip parked cars? < yea it's called a tornado.,1970-01-01 00:00:00.000040661,1,Chennai,1970-01-01,[],rt could wind ever be strong enough flip parked cars yea its called tornado
2185,@BradNitzWSB I know a tornado could pick up car but couldn't it just as easily pick me up out of ditch? At least in car I'd be protected.,1970-01-01 00:00:00.000040661,1,Chennai,1970-01-01,[],i know tornado could pick car but couldnt it as easily pick me out ditch least car id be protected
2186,i hope this tornado aint gon be no serious house damagin car flippin tornado!,1970-01-01 00:00:00.000040661,1,Hyderabad,1970-01-01,[],i hope this tornado aint gon be serious house damagin car flippin tornado
2187,so is my car destroyed? #hugehail #moretornadowarnings and glad i'm not in a tornado drill #laurelhall,1970-01-01 00:00:00.000040661,1,Delhi,1970-01-01,[],my car destroyed glad im tornado drill
2190,So curious what exactly is going on outside. Tornado stay away from my car,1970-01-01 00:00:00.000040661,1,Delhi,1970-01-01,[],curious what exactly going outside tornado stay away my car
2191,a tornado would flip the shit out my lor ass car,1970-01-01 00:00:00.000040661,1,Hyderabad,1970-01-01,[],tornado would flip shit out my lor ass car
2192,"Tornado beside my house!!
Car is destroyed and blown away.
Sitting in my bathroom downstairs :(",1970-01-01 00:00:00.000040661,1,Mumbai,1970-01-01,[],tornado beside my house car destroyed blown away sitting my bathroom downstairs
2195,"Yes, tornados suck. Your house and car, etc being thrown around isn't cool either. You do realize you live in friggin tornado alley right!?",1970-01-01 00:00:00.000040661,1,Hyderabad,1970-01-01,[],yes tornados suck your house car etc being thrown around isnt cool either you do realize you live friggin tornado alley right
2196,@MA_I_AM_ lol what the hell going in son!! I put everything that was worth a value in my car!! I was finna out run that tornado!,1970-01-01 00:00:00.000040661,1,Bangalore,1970-01-01,[],lol what hell going son i put everything that worth value my car i finna out run that tornado
2197,"Omg, so glad you weren't! Thank You Lord. RT @DrLee2u: S/O to the tornado busting the back window out my car....thank God I wasn't in my car",1970-01-01 00:00:00.000040661,0,Chennai,1970-01-01,[],omg glad you werent thank you lord rt tornado busting back window out my carthank god i wasnt my car
2198,"Pray for my family.  A tornado hit our neighborhood in Birmingham, everyone is alive but major damage to the house and all the cars.",1970-01-01 00:00:00.000040661,0,Hyderabad,1970-01-01,[],pray my family tornado hit our neighborhood birmingham everyone alive but major damage house cars
2199,"(if I had my own car) ""oh a tornado comin?!"" #hahagoodbye ! Not Stoppin So U Jus Goin Have 2 Give Me A Ticket Or Chase Dis Car lol",1970-01-01 00:00:00.000040661,0,Kolkata,1970-01-01,[],if i had my car oh tornado comin stoppin u jus goin have give me ticket chase dis car lol
2200,"A car hit my sister, making the way for her to move out of the tornado's disastrous eye. #Godworksinmysteriousways My city is destroyed.",1970-01-01 00:00:00.000040661,1,Hyderabad,1970-01-01,[],car hit my sister making way her move out tornados disastrous eye my city destroyed
2201,Fuck My Mom Dam Sheee Doo Thaa MOsttt Shee Goinn Makeee Us Goo Wash Thaaa Car Whenn Theress A Fuckingg Tornado Warninggg Likee #Df .,1970-01-01 00:00:00.000040661,1,Mumbai,1970-01-01,[],fuck my mom dam sheee doo thaa mosttt shee goinn makeee us goo wash thaaa car whenn theress fuckingg tornado warninggg likee
2202,"Tornado moved my besties roof, windows in the car blown in, her mom's bedroom window blown away! Gates all over the place! This is REAL!",1970-01-01 00:00:00.000040661,1,Delhi,1970-01-01,[],tornado moved my besties roof windows car blown her moms bedroom window blown away gates place this real
2204,She ok? RT @ViciousV80: Aw man is she ok? RT @hedakid Man damn the tornado just tore my lil sister house & car up fuck,1970-01-01 00:00:00.000040661,1,Kolkata,1970-01-01,[],she ok rt aw man she ok rt man damn tornado tore my lil sister house car fuck
2206,If this tornado hit I'm stealing a car lls who want me pick them up? Lol,1970-01-01 00:00:00.000040661,0,Delhi,1970-01-01,[],if this tornado hit im stealing car lls who want me pick them lol
2207,"keelo sees lightning strike cars, brian sees tornado. how come i never see any cool shit?",1970-01-01 00:00:00.000040661,1,Delhi,1970-01-01,[],keelo sees lightning strike cars brian sees tornado how come i never see cool shit
0,Chops with a tornado ball.Never heard of a tornado ball? It's like soap-on-a-rope...but with a  medicine ball.... http://fb.me/zW9DYq3a,1970-01-01 00:00:00.000040659,1,Chennai,1970-01-01,['medicine'],chops tornado ballnever heard tornado ball its like soaponaropebut medicine ball
2,Tornado balls. Not a medical condition but a strength/CV trainer - looks like a medicine ball on a rope!,1970-01-01 00:00:00.000040654,1,Chennai,1970-01-01,['medicine'],tornado balls medical condition but strengthcv trainer looks like medicine ball rope
4,Apparently running to Walmart to get my medicine was a bad idea I'm now stuck in here bc of the tornado warning they won't let anybody leave,1970-01-01 00:00:00.000040660,1,Bangalore,1970-01-01,['medicine'],apparently running walmart get my medicine bad idea im now stuck bc tornado warning they wont let anybody leave
5,fine....*sounds a bit annoyed* can I try flying tomorrow Doctor? maybe see Ms. @mlp_fluttershy for some medicine? *sneezes*,1970-01-01 00:00:00.000040660,0,Chennai,1970-01-01,['medicine'],finesounds bit annoyed i try flying tomorrow doctor maybe see ms medicine sneezes
8,*slowly follows @mlp_twilight upstairs* I hope that medicine starts to work ..maybe I shouldn't have eaten all 25 pieces of candy at once,1970-01-01 00:00:00.000040657,1,Kolkata,1970-01-01,['medicine'],slowly follows upstairs i hope that medicine starts work maybe i shouldnt have eaten pieces candy
9,*eats the medicine @mlp_twilight gives him* whats a solar flare anyways? does the sun explode?!,1970-01-01 00:00:00.000040657,1,Chennai,1970-01-01,['medicine'],eats medicine gives him whats solar flare anyways does sun explode
10,*sits down away from any windows and rubs his tummy* you got any medicine for a tummy ache Mr. @mlp_spike?,1970-01-01 00:00:00.000040657,1,Kolkata,1970-01-01,['medicine'],sits down away windows rubs his tummy you got medicine tummy ache mr
11,St. Louis opens? has it? airport flight medicine after the tornado http://p.ost.im/p/WMsUC,1970-01-01 00:00:00.000040657,1,Kolkata,1970-01-01,['medicine'],st louis opens has it airport flight medicine tornado
16,After #tornado Clean up spilled medicines/drugs/flammable liquids/potentially hazardous materials. Dispose of properly.#AL #TN #GA #KY #NC,1970-01-01 00:00:00.000040661,1,Mumbai,1970-01-01,['medicine'],clean spilled medicinesdrugsflammable liquidspotentially hazardous materials dispose properly
17,/ @info4disasters: After #tornado Clean up spilled medicines/drugs/flammable liquids/potentially hazardous mat‚Ä¶ (cont) http://deck.ly/~xW8xe,1970-01-01 00:00:00.000040661,1,Delhi,1970-01-01,['medicine'],clean spilled medicinesdrugsflammable liquidspotentially hazardous mat cont
18,After #tornado Clean up spilled medicines/drugs/flammable liquids/potentially hazardous materials. Dispose of properly @CDCemergency #info4,1970-01-01 00:00:00.000040661,1,Chennai,1970-01-01,['medicine'],clean spilled medicinesdrugsflammable liquidspotentially hazardous materials dispose properly
19,After #tornado Clean up spilled medicines/drugs/flammable liquids/potentially hazardous materials. Dispose of properly. @CDCemergency #info4,1970-01-01 00:00:00.000040661,1,Mumbai,1970-01-01,['medicine'],clean spilled medicinesdrugsflammable liquidspotentially hazardous materials dispose properly
20,Twitter iTunes Royal Wedding Gasoline Cars Money Bieber Obama Politics Religion Tornado Insurance Medicine BULLSHIT #BotBait,1970-01-01 00:00:00.000040661,1,Bangalore,1970-01-01,['medicine'],twitter itunes royal wedding gasoline cars money bieber obama politics religion tornado insurance medicine bullshit
21,Sitting in the hall by nuclear medicine. #evacuated to the vet school. #tornado party.,1970-01-01 00:00:00.000040661,1,Delhi,1970-01-01,['medicine'],sitting hall nuclear medicine vet school party
28,"Whether it's refilling blood-pressure medicine or patrolling neighborhoods in a grocery-filled pickup truck, tornado... http://dlvr.it/QDZcF",1970-01-01 00:00:00.000040663,1,Mumbai,1970-01-01,['medicine'],whether its refilling bloodpressure medicine patrolling neighborhoods groceryfilled pickup truck tornado
29,"@SINGAINABAND ""Bleed Red"" would be a perfect theme song for tornado relief.  Music is medicine.  #WeAreAlabama #PrayforUA",1970-01-01 00:00:00.000040663,1,Hyderabad,1970-01-01,['medicine'],bleed red would be perfect theme song tornado relief music medicine
30,"So my doc prescribes me medicine for every day. As per the tornado, I was unable to obtain my script for 
may. In Charlotte, that = ADDICT",1970-01-01 00:00:00.000040663,1,Mumbai,1970-01-01,['medicine'],my doc prescribes me medicine every day as per tornado i unable obtain my script may charlotte that addict
34,"RT @CDCemergency: Clean up spilled medicines, drugs, flammable liquids, and other potentially hazardous materials. #tornado",1970-01-01 00:00:00.000040664,1,Kolkata,1970-01-01,['medicine'],rt clean spilled medicines drugs flammable liquids potentially hazardous materials
35,"Shipments of chronic care medicines, water, and other critical supplies are underway for tornado-ravaged MS and AL. http://dld.bz/Yw64",1970-01-01 00:00:00.000040664,1,Delhi,1970-01-01,"['water', 'medicine']",shipments chronic care medicines water critical supplies underway tornadoravaged ms al
36,"RT @CDCemergency Clean up spilled medicines, drugs, flammable liquids, and other potentially hazardous materials. #tornado",1970-01-01 00:00:00.000040664,1,Mumbai,1970-01-01,['medicine'],rt clean spilled medicines drugs flammable liquids potentially hazardous materials
37,"Clean up spilled medicines, drugs, flammable liquids, and other potentially hazardous materials. #tornado",1970-01-01 00:00:00.000040664,1,Hyderabad,1970-01-01,['medicine'],clean spilled medicines drugs flammable liquids potentially hazardous materials
38,"gather medicines, radio, etc before a tornado: http://kunwarkashif.blogspot.com/2011/04/tornado-hits-alabama-more-than-300-dead.html",1970-01-01 00:00:00.000040664,0,Hyderabad,1970-01-01,['medicine'],gather medicines radio etc before tornado
39,Thanks to @BarackObama and @SethMeyers21 for making me laugh so hard. First time I've laughed since the #tornado. I needed that. #Medicine,1970-01-01 00:00:00.000040664,0,Chennai,1970-01-01,['medicine'],thanks making me laugh hard first time ive laughed since i needed that
0,Stamford-based AmeriCares is preparing to send medical supplies to the tornado-ravaged states. http://goo.gl/MDk3Q,1970-01-01 00:00:00.000040663,0,Delhi,1970-01-01,[],stamfordbased americares preparing send medical supplies tornadoravaged states
2,"Semi-trailer parked at People's Church Spring Hill, leaves 2pm Sun. Need water food batteries blankets medical supplies for tornado victims!",1970-01-01 00:00:00.000040662,0,Kolkata,1970-01-01,"['food', 'water', 'blanket']",semitrailer parked peoples church spring hill leaves pm sun need water food batteries blankets medical supplies tornado victims
3,RT @TopNoTcH_B1tch: My mom is goin out of town today to help and take medical supplies to all the tornado ppl #Supermom,1970-01-01 00:00:00.000040662,0,Chennai,1970-01-01,[],rt my mom goin out town today help take medical supplies tornado ppl
6,"Volunteers Offer Support to Southern Tornado Victims - Volunteers provide food, water and medical supplies after tor... http://ow.ly/1cqLe1",1970-01-01 00:00:00.000040664,0,Bangalore,1970-01-01,"['food', 'water']",volunteers offer support southern tornado victims volunteers provide food water medical supplies tor
